Agreement_id,Jorunal_date,dept_nbr,Journal_store,transacion_id,Vendor_id,Journal_amount,Journal_credit_account,Journal_debit_account,posting_response_code,posting_timestamp,last_changed_iser_id
1001,2026-08-11,24,111,15c42d84fa0345f6a063,501,7900.65,,,0,2026-09-12 23:05:03,MOCKLOAD
1001,2026-08-12,25,104,9b204397402440bc88a7,501,7702.02,,,0,2026-09-12 23:05:03,MOCKLOAD
1001,2026-08-13,15,105,d1774343e3934d71b171,501,2820.76,,,0,2026-09-12 23:05:03,MOCKLOAD
1001,2026-08-14,10,103,351a73c684b5467d8336,501,4024.97,,,0,2026-09-12 23:05:03,MOCKLOAD
1001,2026-08-15,22,114,0b2fa1096b5a47aba9e0,501,7723.48,,,0,2026-09-12 23:05:03,MOCKLOAD
1001,2026-08-16,22,112,8343c44be50a4c6d92d8,501,2763.58,,,0,2026-09-12 23:05:03,MOCKLOAD
1001,2026-08-17,21,101,a81a1201288e45dd9a42,501,1448.5,,,0,2026-09-12 23:05:03,MOCKLOAD
1001,2026-08-18,14,114,f251fcc1b3e04e4f9b79,501,892.3,,,0,2026-09-12 23:05:03,MOCKLOAD
1001,2026-08-19,29,115,7cb44279ab8f4f47a51d,501,291.16,,,0,2026-09-12 23:05:03,MOCKLOAD
1001,2026-08-20,27,119,03c11de0fd1d42618487,501,36.77,,,0,2026-09-12 23:05:03,MOCKLOAD
1001,2026-08-21,12,119,57bcdf7e62c24045b20a,501,1150.11,,,0,2026-09-12 23:05:03,MOCKLOAD
1001,2026-08-22,13,102,b0bd901408474ec68a83,501,3159.12,,,0,2026-09-12 23:05:03,MOCKLOAD
1001,2026-08-23,28,116,66f19eb40b6d43858b72,501,486.87,,,0,2026-09-12 23:05:03,MOCKLOAD
1001,2026-08-24,21,120,05fd8240bb5e429487d6,501,3253.38,,,0,2026-09-12 23:05:03,MOCKLOAD
1001,2026-08-25,24,116,3899482b251645149496,501,910.35,,,0,2026-09-12 23:05:03,MOCKLOAD
1001,2026-08-26,24,104,e8625bb011f0464cbcc0,501,3404.86,,,0,2026-09-12 23:05:03,MOCKLOAD
1001,2026-08-27,13,104,15abdf4f2b6d439ca82c,501,3178.06,,,0,2026-09-12 23:05:03,MOCKLOAD
1001,2026-08-28,28,116,0f90e9a7375f476cadc1,501,2567.12,,,0,2026-09-12 23:05:03,MOCKLOAD
1001,2026-08-29,18,109,1189f3cb39324154b873,501,2400.78,,,0,2026-09-12 23:05:03,MOCKLOAD
1001,2026-08-30,28,101,8028c80179c646bea745,501,5083.82,,,0,2026-09-12 23:05:03,MOCKLOAD
1001,2026-08-31,24,119,af5dd771f932450a9706,501,2009.16,,,0,2026-09-12 23:05:03,MOCKLOAD
1001,2026-09-01,13,119,f310d233a3a9436f992f,501,2190.74,,,0,2026-09-12 23:05:03,MOCKLOAD
1001,2026-09-02,15,109,4d30d0fb5f7e4531bb01,501,8899.83,,,0,2026-09-12 23:05:03,MOCKLOAD
1001,2026-09-03,17,110,9d2cfd6239b2488e9f83,501,256.08,,,0,2026-09-12 23:05:03,MOCKLOAD
1001,2026-09-04,17,117,55400eb711674f76ab26,501,1517.31,,,0,2026-09-12 23:05:03,MOCKLOAD
1001,2026-09-05,28,117,f453cdefdb654c8b9f6c,501,4733.98,,,0,2026-09-12 23:05:03,MOCKLOAD
1001,2026-09-06,11,103,a087d18e88764754b4ea,501,4156.13,,,0,2026-09-12 23:05:03,MOCKLOAD
1001,2026-09-07,20,113,784efa0542934289860b,501,2683.54,,,0,2026-09-12 23:05:03,MOCKLOAD
1001,2026-09-08,20,101,b7bb1e8c79dd43de873e,501,2525.68,,,0,2026-09-12 23:05:03,MOCKLOAD
1001,2026-09-09,25,113,9978892a34f9400db5c8,501,5605.76,,,0,2026-09-12 23:05:03,MOCKLOAD
1001,2026-08-11,10,110,4d1955cec42a43c7a396,501,887.08,,,0,2026-09-12 23:05:03,MOCKLOAD
1001,2026-08-12,14,109,eeb680ff7a3945beb0a4,501,723.36,,,0,2026-09-12 23:05:03,MOCKLOAD
1001,2026-08-13,25,115,3f97f2c836224f8a8d82,501,3811.89,,,0,2026-09-12 23:05:03,MOCKLOAD
1001,2026-08-14,13,107,bc288bd333754992ad15,501,646.96,,,0,2026-09-12 23:05:03,MOCKLOAD
1001,2026-08-15,10,120,39f883de96d148c3817e,501,1504.75,,,0,2026-09-12 23:05:03,MOCKLOAD
1001,2026-08-16,18,107,2e247a162f4b4c7180ac,501,3740.39,,,0,2026-09-12 23:05:03,MOCKLOAD
1001,2026-08-17,29,105,ff4b248f3d8c4ba088c0,501,3504.34,,,0,2026-09-12 23:05:03,MOCKLOAD
1001,2026-08-18,29,107,43080559fe574913afdb,501,1265.01,,,0,2026-09-12 23:05:03,MOCKLOAD
1001,2026-08-19,16,103,131fc889471f4dc28c3d,501,72.39,,,0,2026-09-12 23:05:03,MOCKLOAD
1001,2026-08-20,20,109,e412c0b42bc0489d8914,501,1046.96,,,0,2026-09-12 23:05:03,MOCKLOAD
1001,2026-08-21,12,104,a17f08eccc3d488bb7ed,501,592.44,,,0,2026-09-12 23:05:03,MOCKLOAD
1001,2026-08-22,27,116,8ac2babcbec5465ea1d9,501,1274.8,,,0,2026-09-12 23:05:03,MOCKLOAD
1001,2026-08-23,26,101,0fec4a771219480ab9f0,501,1941.54,,,0,2026-09-12 23:05:03,MOCKLOAD
1001,2026-08-24,12,120,215f5b8f07e94eb0b219,501,4707.92,,,0,2026-09-12 23:05:03,MOCKLOAD
1001,2026-08-25,18,105,75fc5bb940a14cd6bb8e,501,1859.83,,,0,2026-09-12 23:05:03,MOCKLOAD
1001,2026-08-26,21,108,5d2328f366e1412fa193,501,3546.6,,,0,2026-09-12 23:05:03,MOCKLOAD
1001,2026-08-27,21,105,61f00092de43431e8cf9,501,4106.94,,,0,2026-09-12 23:05:03,MOCKLOAD
1001,2026-08-28,14,116,1d02717385e647f18e07,501,1881.75,,,0,2026-09-12 23:05:03,MOCKLOAD
1001,2026-08-29,22,118,46e288db187742578a1d,501,2118.41,,,0,2026-09-12 23:05:03,MOCKLOAD
1001,2026-08-30,25,114,72eb213a0b4b44a09c53,501,13.41,,,0,2026-09-12 23:05:03,MOCKLOAD
1001,2026-08-31,26,102,6a85193bd90542eea0c3,501,758.27,,,0,2026-09-12 23:05:03,MOCKLOAD
1001,2026-09-01,24,112,8a1a8f1fc2c44c9dac78,501,8257.83,,,0,2026-09-12 23:05:03,MOCKLOAD
1001,2026-09-02,24,113,f4eafbfe04dc48fcb889,501,4031.27,,,0,2026-09-12 23:05:03,MOCKLOAD
1001,2026-09-03,25,106,e9e3ca64dd214f94a747,501,478.96,,,0,2026-09-12 23:05:03,MOCKLOAD
1001,2026-09-04,12,104,ddd9bf3390f34047982d,501,2803.96,,,0,2026-09-12 23:05:03,MOCKLOAD
1001,2026-09-05,27,104,9c3ef59a9cee47d1a2b5,501,904.79,,,0,2026-09-12 23:05:03,MOCKLOAD
1001,2026-09-06,22,109,61e4ebbd0e6b46ab8058,501,1563.91,,,0,2026-09-12 23:05:03,MOCKLOAD
1001,2026-09-07,17,115,cd12f62b55254dcabbf6,501,1299.64,,,0,2026-09-12 23:05:03,MOCKLOAD
1001,2026-09-08,11,109,e4fd45fcf46b4057af54,501,30.2,,,0,2026-09-12 23:05:03,MOCKLOAD
1001,2026-09-09,18,104,0c03e5a578c9453c9940,501,180.17,,,0,2026-09-12 23:05:03,MOCKLOAD
1001,2026-08-11,13,120,b3b467111bfc43e298af,501,2503.68,,,0,2026-09-12 23:05:03,MOCKLOAD
1001,2026-08-12,11,109,52b4319763df448e9037,501,3111.68,,,0,2026-09-12 23:05:03,MOCKLOAD
1001,2026-08-13,19,113,ded181ab46d94be9ad70,501,1871.17,,,0,2026-09-12 23:05:03,MOCKLOAD
1001,2026-08-14,15,110,ac11e5ddddfc4515b104,501,6249.86,,,0,2026-09-12 23:05:03,MOCKLOAD
1001,2026-08-15,14,120,09a29d17aaea4865afda,501,7183.45,,,0,2026-09-12 23:05:03,MOCKLOAD
1001,2026-08-16,20,103,757db11d05eb4d13a6b8,501,2224.12,,,0,2026-09-12 23:05:03,MOCKLOAD
1001,2026-08-17,18,105,d7de5c08cab745d2a41d,501,7989.73,,,0,2026-09-12 23:05:03,MOCKLOAD
1001,2026-08-18,18,118,77a58fe2c25f4e6f9df6,501,137.05,,,0,2026-09-12 23:05:03,MOCKLOAD
1001,2026-08-19,29,110,2387764d75d940d496ab,501,800.36,,,0,2026-09-12 23:05:03,MOCKLOAD
1001,2026-08-20,10,118,ef0497cb98854d218a72,501,793.79,,,0,2026-09-12 23:05:03,MOCKLOAD
1001,2026-08-21,22,112,33a61726b1714e77bfa4,501,2414.56,,,0,2026-09-12 23:05:03,MOCKLOAD
1001,2026-08-22,18,105,1896a095aeeb4079b091,501,4089.38,,,0,2026-09-12 23:05:03,MOCKLOAD
1001,2026-08-23,18,102,3c2cb9e283ba4d05a2b1,501,1017.47,,,0,2026-09-12 23:05:03,MOCKLOAD
1001,2026-08-24,12,110,bc8271f1c5674f82bfb0,501,1621.87,,,0,2026-09-12 23:05:03,MOCKLOAD
1001,2026-08-25,20,103,c925337ace55473db4d6,501,5475.69,,,0,2026-09-12 23:05:03,MOCKLOAD
1001,2026-08-26,10,102,af89385052be4461990c,501,2750.37,,,0,2026-09-12 23:05:03,MOCKLOAD
1001,2026-08-27,15,108,b8f688b572a246e0b60b,501,3683.11,,,0,2026-09-12 23:05:03,MOCKLOAD
1001,2026-08-28,12,103,d74e1165b77c4ab790f2,501,504.24,,,0,2026-09-12 23:05:03,MOCKLOAD
1001,2026-08-29,22,108,7eb9fd1d6f4a4aa595a3,501,1443.8,,,0,2026-09-12 23:05:03,MOCKLOAD
1001,2026-08-30,19,114,7ed71bc0713f488786e9,501,3172.7,,,0,2026-09-12 23:05:03,MOCKLOAD
1001,2026-08-31,19,106,06c4fbabd6d04900bd68,501,19.67,,,0,2026-09-12 23:05:03,MOCKLOAD
1001,2026-09-01,23,120,0d3d0416d2fc4882a1d7,501,5506.99,,,0,2026-09-12 23:05:03,MOCKLOAD
1001,2026-09-02,10,105,72c3ccdeb03f4261a1b4,501,1339.07,,,0,2026-09-12 23:05:03,MOCKLOAD
1001,2026-09-03,11,113,3e7e3315bb1e4eca9bde,501,4763.5,,,0,2026-09-12 23:05:03,MOCKLOAD
1001,2026-09-04,29,113,0a6413119ddd4f30a5b5,501,2103.94,,,0,2026-09-12 23:05:03,MOCKLOAD
1001,2026-09-05,13,112,3fd07fc56c344dcb9727,501,10366.25,,,0,2026-09-12 23:05:03,MOCKLOAD
1001,2026-09-06,28,108,b960a77acf7c492fb82a,501,3273.04,,,0,2026-09-12 23:05:03,MOCKLOAD
1001,2026-09-07,29,120,0ea2755bc6e847abb9e4,501,5186.9,,,0,2026-09-12 23:05:03,MOCKLOAD
1001,2026-09-08,15,115,bc57621009284f66a906,501,2023.5,,,0,2026-09-12 23:05:03,MOCKLOAD
1001,2026-09-09,24,112,634cb311598e4fafbe69,501,8484.98,,,0,2026-09-12 23:05:03,MOCKLOAD
1001,2026-08-11,22,110,265273dd4c69496b8d6e,501,17.96,,,0,2026-09-12 23:05:03,MOCKLOAD
1001,2026-08-12,14,116,9a65da6a93c8444291d9,501,7431.08,,,0,2026-09-12 23:05:03,MOCKLOAD
1001,2026-08-13,19,116,5e804e0cdfbb44868ce3,501,440.15,,,0,2026-09-12 23:05:03,MOCKLOAD
1001,2026-08-14,23,118,f1384628a2aa40fa814b,501,1320.56,,,0,2026-09-12 23:05:03,MOCKLOAD
1001,2026-08-15,20,102,8e7e0d0ee1204741bd9c,501,540.66,,,0,2026-09-12 23:05:03,MOCKLOAD
1001,2026-08-16,29,120,dc11d9d88f154918971d,501,862.61,,,0,2026-09-12 23:05:03,MOCKLOAD
1001,2026-08-17,26,109,856019a3660b4101a6cf,501,1131.46,,,0,2026-09-12 23:05:03,MOCKLOAD
1001,2026-08-18,21,109,cce818f624334789ba5d,501,721.04,,,0,2026-09-12 23:05:03,MOCKLOAD
1001,2026-08-19,11,118,725ef729bd07459fb3e0,501,6339.69,,,0,2026-09-12 23:05:03,MOCKLOAD
1001,2026-08-20,20,108,7a732fa050f04b159b4c,501,2397.93,,,0,2026-09-12 23:05:03,MOCKLOAD
1001,2026-08-21,13,110,67caa923b7fc4a0f90e3,501,9877.06,,,0,2026-09-12 23:05:03,MOCKLOAD
1001,2026-08-22,23,120,8954074ee45a4595b720,501,6527.17,,,0,2026-09-12 23:05:03,MOCKLOAD
1001,2026-08-23,23,102,56edc52dd2594aa09fb5,501,6663.26,,,0,2026-09-12 23:05:03,MOCKLOAD
1001,2026-08-24,23,115,32a1833044ea4cc4a75c,501,2398.45,,,0,2026-09-12 23:05:03,MOCKLOAD
1001,2026-08-25,13,103,f37bb7cf74d54d1080b9,501,10782.82,,,0,2026-09-12 23:05:03,MOCKLOAD
1001,2026-08-26,21,103,1b6a8f05d3684dd88eb1,501,508.54,,,0,2026-09-12 23:05:03,MOCKLOAD
1001,2026-08-27,22,107,8386d611058c407397c0,501,1993.25,,,0,2026-09-12 23:05:03,MOCKLOAD
1001,2026-08-28,10,120,85b406679d734f2786c4,501,1175.17,,,0,2026-09-12 23:05:03,MOCKLOAD
1001,2026-08-29,27,101,517d7290f85d40208baf,501,541.77,,,0,2026-09-12 23:05:03,MOCKLOAD
1001,2026-08-30,16,120,347b2bf2ca894f8da347,501,658.03,,,0,2026-09-12 23:05:03,MOCKLOAD
1001,2026-08-31,28,117,78b560739d8d4edfbd14,501,1553.9,,,0,2026-09-12 23:05:03,MOCKLOAD
1001,2026-09-01,24,109,25ee87ea318840be9a39,501,1920.69,,,0,2026-09-12 23:05:03,MOCKLOAD
1001,2026-09-02,22,108,0824f5ae6c5a4f2a80db,501,467.62,,,0,2026-09-12 23:05:03,MOCKLOAD
1001,2026-09-03,29,112,ff01bd54e39147ff90b4,501,607.04,,,0,2026-09-12 23:05:03,MOCKLOAD
1001,2026-09-04,27,108,96eee8fca00a4cc2b65a,501,797.79,,,0,2026-09-12 23:05:03,MOCKLOAD
1001,2026-09-05,15,117,69683d1e7e4c44a3abfa,501,3854.89,,,0,2026-09-12 23:05:03,MOCKLOAD
1001,2026-09-06,21,115,90aea61f38864ea09c93,501,4065.98,,,0,2026-09-12 23:05:03,MOCKLOAD
1001,2026-09-07,15,105,4884b1f7808e4288b165,501,2380.62,,,0,2026-09-12 23:05:03,MOCKLOAD
1001,2026-09-08,11,110,1124c8dd6e7e4c229988,501,5635.88,,,0,2026-09-12 23:05:03,MOCKLOAD
1001,2026-09-09,28,117,137a4a9ed6314fcd8c93,501,1954.12,,,0,2026-09-12 23:05:03,MOCKLOAD
1001,2026-08-11,19,109,cf61d0d8bc094267bb6d,501,2239.92,,,0,2026-09-12 23:05:03,MOCKLOAD
1001,2026-08-12,15,105,d174b96d8a8b4ab08560,501,4329.1,,,0,2026-09-12 23:05:03,MOCKLOAD
1001,2026-08-13,12,114,3014e6249614451ebb37,501,4027.31,,,0,2026-09-12 23:05:03,MOCKLOAD
1001,2026-08-14,12,102,9dcdc82081674c12831e,501,427.86,,,0,2026-09-12 23:05:03,MOCKLOAD
1001,2026-08-15,11,109,5b4553e6d0f14fbcb3ca,501,3887.18,,,0,2026-09-12 23:05:03,MOCKLOAD
1001,2026-08-16,26,113,199b0ebb2b564923bcd8,501,2587.96,,,0,2026-09-12 23:05:03,MOCKLOAD
1001,2026-08-17,24,113,d27e416ca9184ec78357,501,2121.94,,,0,2026-09-12 23:05:03,MOCKLOAD
1001,2026-08-18,11,110,a576dfea5fa64754b174,501,1729.18,,,0,2026-09-12 23:05:03,MOCKLOAD
1001,2026-08-19,22,112,f90f88b61433425b84b2,501,1318.82,,,0,2026-09-12 23:05:03,MOCKLOAD
1001,2026-08-20,11,107,7cbfeabd4de44ea98b9c,501,60.03,,,0,2026-09-12 23:05:03,MOCKLOAD
1001,2026-08-21,18,107,7aa983ac44f84543808f,501,2709.97,,,0,2026-09-12 23:05:03,MOCKLOAD
1001,2026-08-22,15,115,1724307694fc48fa9a53,501,628.79,,,0,2026-09-12 23:05:03,MOCKLOAD
1001,2026-08-23,14,102,79f5e0c94404407787b2,501,1067.93,,,0,2026-09-12 23:05:03,MOCKLOAD
1001,2026-08-24,23,117,6420d8f2d9c7403baf67,501,384.49,,,0,2026-09-12 23:05:03,MOCKLOAD
1001,2026-08-25,10,105,f34a06b8157548c496c9,501,9694.79,,,0,2026-09-12 23:05:03,MOCKLOAD
1001,2026-08-26,14,115,7a1709b1a2644b759bb2,501,5563.56,,,0,2026-09-12 23:05:03,MOCKLOAD
1001,2026-08-27,24,114,a07dccb0c67b4f6aae91,501,4094.7,,,0,2026-09-12 23:05:03,MOCKLOAD
1001,2026-08-28,20,108,bbfda3f4688549e782de,501,2039.86,,,0,2026-09-12 23:05:03,MOCKLOAD
1001,2026-08-29,21,109,5296df3e5bc44e4fb095,501,2796.03,,,0,2026-09-12 23:05:03,MOCKLOAD
1001,2026-08-30,25,119,c953ac8808a1480c8e57,501,7341.5,,,0,2026-09-12 23:05:03,MOCKLOAD
1001,2026-08-31,22,102,7a6365eae35b4073ac68,501,8144.64,,,0,2026-09-12 23:05:03,MOCKLOAD
1001,2026-09-01,23,119,5153a3d2bc6e4b3bb844,501,663.84,,,0,2026-09-12 23:05:03,MOCKLOAD
1001,2026-09-02,20,103,b6e77b9393f24c549407,501,5052.77,,,0,2026-09-12 23:05:03,MOCKLOAD
1001,2026-09-03,17,112,9f9afd1bb49d4e1fb8cc,501,2633.05,,,0,2026-09-12 23:05:03,MOCKLOAD
1001,2026-09-04,20,117,25dc65aa2b334286ba86,501,2682.33,,,0,2026-09-12 23:05:03,MOCKLOAD
1001,2026-09-05,26,101,b5e23baaf9e542ceb4d3,501,130.61,,,0,2026-09-12 23:05:03,MOCKLOAD
1001,2026-09-06,25,107,3a6595d01c9a46318b27,501,5758.88,,,0,2026-09-12 23:05:03,MOCKLOAD
1001,2026-09-07,11,102,cd87e624393240d5949f,501,10054.58,,,0,2026-09-12 23:05:03,MOCKLOAD
1001,2026-09-08,25,120,3af3101eb7e341dcb904,501,944.4,,,0,2026-09-12 23:05:03,MOCKLOAD
1001,2026-09-09,11,103,7f7c312857f442ffbc9d,501,586.25,,,0,2026-09-12 23:05:03,MOCKLOAD
1001,2026-08-11,19,114,697eeee63ed14aa5a1be,501,6203.66,,,0,2026-09-12 23:05:03,MOCKLOAD
1001,2026-08-12,15,105,dd8ef6630244443091f7,501,3078.22,,,0,2026-09-12 23:05:03,MOCKLOAD
1001,2026-08-13,17,107,9c5f9f5a87af4e838765,501,2883.5,,,0,2026-09-12 23:05:03,MOCKLOAD
1001,2026-08-14,13,103,1b97755e2ea34df1baa6,501,3082.66,,,0,2026-09-12 23:05:03,MOCKLOAD
1001,2026-08-15,27,104,12b9311324b64b05b3a6,501,2835.09,,,0,2026-09-12 23:05:03,MOCKLOAD
1001,2026-08-16,16,112,515fd3b25ef142bab750,501,632.39,,,0,2026-09-12 23:05:03,MOCKLOAD
1001,2026-08-17,21,120,26faf233e5f44857a9fc,501,236.82,,,0,2026-09-12 23:05:03,MOCKLOAD
1001,2026-08-18,27,107,1946388897444ee4acdf,501,522.38,,,0,2026-09-12 23:05:03,MOCKLOAD
1001,2026-08-19,22,107,c9ee06b69b9049e88c90,501,1316.43,,,0,2026-09-12 23:05:03,MOCKLOAD
1001,2026-08-20,20,107,785593ecd8854f86afe2,501,8027.82,,,0,2026-09-12 23:05:03,MOCKLOAD
1001,2026-08-21,14,110,62f89e1f01c24a8bb027,501,1404.28,,,0,2026-09-12 23:05:03,MOCKLOAD
1001,2026-08-22,10,113,114505f78ac643068b47,501,2521.32,,,0,2026-09-12 23:05:03,MOCKLOAD
1001,2026-08-23,20,118,e50c990824a146b4859d,501,5163.75,,,0,2026-09-12 23:05:03,MOCKLOAD
1001,2026-08-24,24,103,50c9cc160e614f2ea0f7,501,3317.1,,,0,2026-09-12 23:05:03,MOCKLOAD
1001,2026-08-25,28,101,d9a2407992e14e0c8e7e,501,1183.41,,,0,2026-09-12 23:05:03,MOCKLOAD
1001,2026-08-26,22,104,c87a238d93124a17a254,501,5409.5,,,0,2026-09-12 23:05:03,MOCKLOAD
1001,2026-08-27,10,113,4bf9e8fdc5224c44b51e,501,2918.61,,,0,2026-09-12 23:05:03,MOCKLOAD
1001,2026-08-28,27,111,979f82f42593457b822c,501,1593.5,,,0,2026-09-12 23:05:03,MOCKLOAD
1001,2026-08-29,23,117,fecaec76b31c4c48bd30,501,1351.31,,,0,2026-09-12 23:05:03,MOCKLOAD
1001,2026-08-30,15,107,9c486930c9cf42e3b3a4,501,688.46,,,0,2026-09-12 23:05:03,MOCKLOAD
1001,2026-08-31,15,106,05829e322f924a78996c,501,117.99,,,0,2026-09-12 23:05:03,MOCKLOAD
1001,2026-09-01,21,120,b8cecb4484cf4dfb8bd2,501,5923.7,,,0,2026-09-12 23:05:03,MOCKLOAD
1001,2026-09-02,17,110,750dc418ccac45a6ab6e,501,1870.75,,,0,2026-09-12 23:05:03,MOCKLOAD
1001,2026-09-03,24,105,0286f1e05a1546918f9b,501,2664.45,,,0,2026-09-12 23:05:03,MOCKLOAD
1001,2026-09-04,22,101,53f283565de9420493fc,501,4011.94,,,0,2026-09-12 23:05:03,MOCKLOAD
1001,2026-09-05,22,110,37b416b6b8f4436da912,501,4595.78,,,0,2026-09-12 23:05:03,MOCKLOAD
1001,2026-09-06,25,120,7cec2fba53df4a62b126,501,1010.13,,,0,2026-09-12 23:05:03,MOCKLOAD
1001,2026-09-07,15,120,4cc32685e7744e11b353,501,6206.72,,,0,2026-09-12 23:05:03,MOCKLOAD
1001,2026-09-08,24,111,8f8430c759e84c51b556,501,214.6,,,0,2026-09-12 23:05:03,MOCKLOAD
1001,2026-09-09,18,108,46e6e42b798e4d3eb503,501,804.3,,,0,2026-09-12 23:05:03,MOCKLOAD
1001,2026-08-11,17,104,7ff05c5b713e4adead6d,501,8595.01,,,0,2026-09-12 23:05:03,MOCKLOAD
1001,2026-08-12,16,117,1f7e096ad7604f44b9ee,501,5449.99,,,0,2026-09-12 23:05:03,MOCKLOAD
1001,2026-08-13,22,116,be9e93747a8047dabd82,501,7037.75,,,0,2026-09-12 23:05:03,MOCKLOAD
1001,2026-08-14,10,110,2690635626a74811900d,501,1734.83,,,0,2026-09-12 23:05:03,MOCKLOAD
1001,2026-08-15,13,110,3ba1884fda284dd5a1f1,501,3286.28,,,0,2026-09-12 23:05:03,MOCKLOAD
1001,2026-08-16,29,116,706a3c2ddb2943c7b627,501,392.79,,,0,2026-09-12 23:05:03,MOCKLOAD
1001,2026-08-17,19,102,056ebdc2ede54daf8233,501,2292.28,,,0,2026-09-12 23:05:03,MOCKLOAD
1001,2026-08-18,29,102,1ef59064c13d4ddd943c,501,9972.05,,,0,2026-09-12 23:05:03,MOCKLOAD
1001,2026-08-19,18,104,293c51f6edcc4fc69d32,501,657.33,,,0,2026-09-12 23:05:03,MOCKLOAD
1001,2026-08-20,10,118,8c11b9e025e945358eda,501,551.67,,,0,2026-09-12 23:05:03,MOCKLOAD
1001,2026-08-21,29,113,497416f68c1645c7a43a,501,71.5,,,0,2026-09-12 23:05:03,MOCKLOAD
1001,2026-08-22,22,103,c47c640db0c14e8c9d90,501,2683.65,,,0,2026-09-12 23:05:03,MOCKLOAD
1001,2026-08-23,24,103,59c3e8fb08184697b19f,501,947.88,,,0,2026-09-12 23:05:03,MOCKLOAD
1001,2026-08-24,22,107,347f94e1e5a944eb8d4b,501,929.28,,,0,2026-09-12 23:05:03,MOCKLOAD
1001,2026-08-25,23,110,822bb5fbb26445e297d3,501,9136.09,,,0,2026-09-12 23:05:03,MOCKLOAD
1001,2026-08-26,24,115,d0507b07c7444c5880bd,501,2963.65,,,0,2026-09-12 23:05:03,MOCKLOAD
1001,2026-08-27,23,119,bdca189b9a824e7488cb,501,556.27,,,0,2026-09-12 23:05:03,MOCKLOAD
1001,2026-08-28,22,115,1e709bf3d83c45b381fe,501,1307.12,,,0,2026-09-12 23:05:03,MOCKLOAD
1001,2026-08-29,16,117,551b2d313e9f4d04ab05,501,675.8,,,0,2026-09-12 23:05:03,MOCKLOAD
1001,2026-08-30,23,109,8fe5844250da45c09470,501,344.07,,,0,2026-09-12 23:05:03,MOCKLOAD
1001,2026-08-31,13,103,09b9c1db1d6046ffa50c,501,1093.06,,,0,2026-09-12 23:05:03,MOCKLOAD
1001,2026-09-01,15,117,c1b9ac8dd4a548a9b81a,501,137.12,,,0,2026-09-12 23:05:03,MOCKLOAD
1001,2026-09-02,19,101,a6d4510b660d4a58bf2b,501,1655.9,,,0,2026-09-12 23:05:03,MOCKLOAD
1001,2026-09-03,28,112,cc30a1b7da3641dfbf14,501,2384.76,,,0,2026-09-12 23:05:03,MOCKLOAD
1001,2026-09-04,21,111,8a27859fd8f14498a380,501,425.46,,,0,2026-09-12 23:05:03,MOCKLOAD
1001,2026-09-05,21,115,bd44b6f224264b65a9c6,501,4213.15,,,0,2026-09-12 23:05:03,MOCKLOAD
1001,2026-09-06,23,106,597f46d4249943a5add3,501,3064.28,,,0,2026-09-12 23:05:03,MOCKLOAD
1001,2026-09-07,11,102,0f1324e4f5ef48009744,501,664.63,,,0,2026-09-12 23:05:03,MOCKLOAD
1001,2026-09-08,28,117,e53528044faa4115870f,501,4063.71,,,0,2026-09-12 23:05:03,MOCKLOAD
1001,2026-09-09,20,117,a90086da69fd4dcda36a,501,111.12,,,0,2026-09-12 23:05:03,MOCKLOAD
1001,2026-08-11,21,120,e31d9079207148e7b3bd,501,495.18,,,0,2026-09-12 23:05:03,MOCKLOAD
1001,2026-08-12,28,103,635434c5dbec40ab8ba4,501,1903.02,,,0,2026-09-12 23:05:03,MOCKLOAD
1001,2026-08-13,28,115,f60c9f80cf6f44299022,501,711.47,,,0,2026-09-12 23:05:03,MOCKLOAD
1001,2026-08-14,23,119,24972df1e7cd4147809a,501,129.33,,,0,2026-09-12 23:05:03,MOCKLOAD
1001,2026-08-15,25,115,0d6a226904bb4518828f,501,5249.39,,,0,2026-09-12 23:05:03,MOCKLOAD
1001,2026-08-16,11,104,f9f611d3952349608ca8,501,3574.33,,,0,2026-09-12 23:05:03,MOCKLOAD
1001,2026-08-17,15,105,06284e6f9dae41138441,501,828.16,,,0,2026-09-12 23:05:03,MOCKLOAD
1001,2026-08-18,17,110,e661c3174e83440b95c3,501,1115.69,,,0,2026-09-12 23:05:03,MOCKLOAD
1001,2026-08-19,11,112,ca66f13792874d549aae,501,3213.62,,,0,2026-09-12 23:05:03,MOCKLOAD
1001,2026-08-20,20,116,ebd4c1e4f9a34e2b832a,501,1168.03,,,0,2026-09-12 23:05:03,MOCKLOAD
1001,2026-08-21,12,105,9b63f75c2dcb454d800c,501,1616.78,,,0,2026-09-12 23:05:03,MOCKLOAD
1001,2026-08-22,16,119,7c9483d30f574ff5aa0e,501,732.67,,,0,2026-09-12 23:05:03,MOCKLOAD
1001,2026-08-23,29,106,11cd4d8d59d048b8a04d,501,6723.56,,,0,2026-09-12 23:05:03,MOCKLOAD
1001,2026-08-24,17,106,f6194469aaf8494c99de,501,1133.91,,,0,2026-09-12 23:05:03,MOCKLOAD
1001,2026-08-25,10,101,c481ce0ee4bb44699904,501,235.77,,,0,2026-09-12 23:05:03,MOCKLOAD
1001,2026-08-26,27,103,88949ebbcd2f4de2a844,501,8914.6,,,0,2026-09-12 23:05:03,MOCKLOAD
1001,2026-08-27,22,118,0f393d1f1cd54f2e8139,501,173.48,,,0,2026-09-12 23:05:03,MOCKLOAD
1001,2026-08-28,19,110,cc05d72926004e51a8ce,501,4140.54,,,0,2026-09-12 23:05:03,MOCKLOAD
1001,2026-08-29,10,114,71648d8565f04883b3a8,501,5210.3,,,0,2026-09-12 23:05:03,MOCKLOAD
1001,2026-08-30,17,110,15b4cb9921a241d3b7ef,501,663.81,,,0,2026-09-12 23:05:03,MOCKLOAD
1001,2026-08-31,26,109,ea3f6e6cb6e44fc78ed1,501,2804.35,,,0,2026-09-12 23:05:03,MOCKLOAD
1001,2026-09-01,27,108,41317f8b01d840d1b549,501,3604.01,,,0,2026-09-12 23:05:03,MOCKLOAD
1001,2026-09-02,23,109,6989bb018a8544e28919,501,999.04,,,0,2026-09-12 23:05:03,MOCKLOAD
1001,2026-09-03,15,106,f66b7312b2ea44e6bf57,501,2096.99,,,0,2026-09-12 23:05:03,MOCKLOAD
1001,2026-09-04,12,115,d5f3fe618df944e493d2,501,5343.02,,,0,2026-09-12 23:05:03,MOCKLOAD
1001,2026-09-05,19,120,cc302a99f77d40ee91c0,501,3667.13,,,0,2026-09-12 23:05:03,MOCKLOAD
1001,2026-09-06,25,111,2c106fdec5664545a90c,501,4926.8,,,0,2026-09-12 23:05:03,MOCKLOAD
1001,2026-09-07,12,108,3b4442b6f03040829482,501,236.85,,,0,2026-09-12 23:05:03,MOCKLOAD
1001,2026-09-08,23,118,3ccf55f1a53f4857a978,501,975.24,,,0,2026-09-12 23:05:03,MOCKLOAD
1001,2026-09-09,27,103,f38ca64fbcfd47e9ade0,501,1676.38,,,0,2026-09-12 23:05:03,MOCKLOAD
1001,2026-08-11,19,105,62e3f09ba8e942d7994b,501,1377.69,,,0,2026-09-12 23:05:03,MOCKLOAD
1001,2026-08-12,28,120,3c4903a04a244bd08797,501,1857.57,,,0,2026-09-12 23:05:03,MOCKLOAD
1001,2026-08-13,22,110,0149b3939e504f26b17b,501,2845.61,,,0,2026-09-12 23:05:03,MOCKLOAD
1001,2026-08-14,18,116,ff7cff90f73d45688e22,501,1905.99,,,0,2026-09-12 23:05:03,MOCKLOAD
1001,2026-08-15,28,104,11bbc527899746909592,501,591.22,,,0,2026-09-12 23:05:03,MOCKLOAD
1001,2026-08-16,13,110,e3b3549b4c8a4e2aadf5,501,8971.59,,,0,2026-09-12 23:05:03,MOCKLOAD
1001,2026-08-17,14,112,8cb4702d12d842c797a8,501,3700.73,,,0,2026-09-12 23:05:03,MOCKLOAD
1001,2026-08-18,27,119,788e2cd856d6443e808d,501,1530.63,,,0,2026-09-12 23:05:03,MOCKLOAD
1001,2026-08-19,19,120,b845b405bbca4183aade,501,136.06,,,0,2026-09-12 23:05:03,MOCKLOAD
1001,2026-08-20,20,117,4e4dc4790d304ffa93eb,501,3073.5,,,0,2026-09-12 23:05:03,MOCKLOAD
1001,2026-08-21,29,110,2e0f9698409b4daa8650,501,1494.58,,,0,2026-09-12 23:05:03,MOCKLOAD
1001,2026-08-22,29,118,8781db36846e4a5bb08b,501,4507.62,,,0,2026-09-12 23:05:03,MOCKLOAD
1001,2026-08-23,12,120,657b7f74e43d4896b852,501,966.82,,,0,2026-09-12 23:05:03,MOCKLOAD
1001,2026-08-24,14,113,409795a869484b02af7c,501,190.43,,,0,2026-09-12 23:05:03,MOCKLOAD
1001,2026-08-25,11,109,6564e194db2f42e0aea8,501,443.43,,,0,2026-09-12 23:05:03,MOCKLOAD
1001,2026-08-26,14,116,ee58e98747814bc5a825,501,10987.75,,,0,2026-09-12 23:05:03,MOCKLOAD
1001,2026-08-27,25,118,0bb6fecf5b2a4d9d8a1d,501,1467.45,,,0,2026-09-12 23:05:03,MOCKLOAD
1001,2026-08-28,28,101,c750d44d4a314dea9007,501,3076.15,,,0,2026-09-12 23:05:03,MOCKLOAD
1001,2026-08-29,23,105,2c691a2a21c4477ea07d,501,7928.82,,,0,2026-09-12 23:05:03,MOCKLOAD
1001,2026-08-30,29,109,08251dd124774efc89b7,501,9620.02,,,0,2026-09-12 23:05:03,MOCKLOAD
1001,2026-08-31,28,111,3568ab76c3e343df94e6,501,346.79,,,0,2026-09-12 23:05:03,MOCKLOAD
1001,2026-09-01,21,119,c1c0d1ad02714101a3ad,501,545.48,,,0,2026-09-12 23:05:03,MOCKLOAD
1001,2026-09-02,11,112,f86ad5fea0df4899a2a6,501,402.83,,,0,2026-09-12 23:05:03,MOCKLOAD
1001,2026-09-03,28,105,728e9859e7d847568692,501,576.04,,,0,2026-09-12 23:05:03,MOCKLOAD
1001,2026-09-04,26,103,fd08f22a06e24bf1837a,501,2394.11,,,0,2026-09-12 23:05:03,MOCKLOAD
1001,2026-09-05,15,111,ec34b0eb9350490087df,501,10219.78,,,0,2026-09-12 23:05:03,MOCKLOAD
1001,2026-09-06,27,119,6bde4662f1b64e2280c8,501,5990.96,,,0,2026-09-12 23:05:03,MOCKLOAD
1001,2026-09-07,23,114,2bf1909951b14cd89f2f,501,2009.51,,,0,2026-09-12 23:05:03,MOCKLOAD
1001,2026-09-08,11,114,240ec9f487704bc6b0f5,501,938.94,,,0,2026-09-12 23:05:03,MOCKLOAD
1001,2026-09-09,11,117,6290e6d35ed4418788af,501,1037.77,,,0,2026-09-12 23:05:03,MOCKLOAD
1001,2026-08-11,24,110,a0d45701b8754d09ac39,501,3331.32,,,0,2026-09-12 23:05:03,MOCKLOAD
1001,2026-08-12,25,106,5291f8b4395945b0911b,501,263.29,,,0,2026-09-12 23:05:03,MOCKLOAD
1001,2026-08-13,24,103,767e33eb1603453cb100,501,4299.05,,,0,2026-09-12 23:05:03,MOCKLOAD
1001,2026-08-14,26,101,a7a47cb33e9b4a87ade1,501,4311.67,,,0,2026-09-12 23:05:03,MOCKLOAD
1001,2026-08-15,19,105,b2959f8c68304e06a3fb,501,256.38,,,0,2026-09-12 23:05:03,MOCKLOAD
1001,2026-08-16,10,101,cfef37e97c4945c3af48,501,4153.2,,,0,2026-09-12 23:05:03,MOCKLOAD
1001,2026-08-17,26,112,78caff7203fb4660942d,501,628.18,,,0,2026-09-12 23:05:03,MOCKLOAD
1001,2026-08-18,14,108,7cddf7025592455a8de5,501,2678.39,,,0,2026-09-12 23:05:03,MOCKLOAD
1001,2026-08-19,18,102,e87f746d1faf4972a781,501,9510.24,,,0,2026-09-12 23:05:03,MOCKLOAD
1001,2026-08-20,19,102,9d86e92eb67c4a8f85c3,501,1053.05,,,0,2026-09-12 23:05:03,MOCKLOAD
1001,2026-08-21,21,102,8ef79ce0270c479dadc9,501,3921.77,,,0,2026-09-12 23:05:03,MOCKLOAD
1001,2026-08-22,23,103,f5ede53c56414f59bbd5,501,5261.22,,,0,2026-09-12 23:05:03,MOCKLOAD
1001,2026-08-23,22,107,c02df1f99ab4493d90ae,501,666.93,,,0,2026-09-12 23:05:03,MOCKLOAD
1001,2026-08-24,10,113,a479cd666a704f9ba1ef,501,492.48,,,0,2026-09-12 23:05:03,MOCKLOAD
1001,2026-08-25,21,117,c133c3d5abe64e3c83f8,501,2267.56,,,0,2026-09-12 23:05:03,MOCKLOAD
1001,2026-08-26,23,110,c4216badc7e94087b419,501,7617.6,,,0,2026-09-12 23:05:03,MOCKLOAD
1001,2026-08-27,24,118,18d61f4d5760491c8c87,501,1887.24,,,0,2026-09-12 23:05:03,MOCKLOAD
1001,2026-08-28,17,102,10e3076c4c2e41f7bba7,501,7583.89,,,0,2026-09-12 23:05:03,MOCKLOAD
1001,2026-08-29,16,101,ae80de2b4dbe4671b0b8,501,537.44,,,0,2026-09-12 23:05:03,MOCKLOAD
1001,2026-08-30,23,106,89f74e76ed3940278cbf,501,2746.66,,,0,2026-09-12 23:05:03,MOCKLOAD
1001,2026-08-31,21,117,d27af37f5dff473990c6,501,2242.96,,,0,2026-09-12 23:05:03,MOCKLOAD
1001,2026-09-01,17,115,5a9624adec8e493d9e29,501,5699.5,,,0,2026-09-12 23:05:03,MOCKLOAD
1001,2026-09-02,21,107,98ff2dae2f4a4ff9bc79,501,635.61,,,0,2026-09-12 23:05:03,MOCKLOAD
1001,2026-09-03,29,112,e771658eba7b47cbb028,501,37.87,,,0,2026-09-12 23:05:03,MOCKLOAD
1001,2026-09-04,26,118,6b3078133ea04c32984a,501,5279.32,,,0,2026-09-12 23:05:03,MOCKLOAD
1001,2026-09-05,17,114,026d42c9627d43b796a9,501,1757.87,,,0,2026-09-12 23:05:03,MOCKLOAD
1001,2026-09-06,27,109,3bb28792ffa84d14b60d,501,1190.4,,,0,2026-09-12 23:05:03,MOCKLOAD
1001,2026-09-07,25,101,7e99046d2a6c4bb6b44b,501,4016.81,,,0,2026-09-12 23:05:03,MOCKLOAD
1001,2026-09-08,29,111,f8809e4b1e814bdf8707,501,6256.54,,,0,2026-09-12 23:05:03,MOCKLOAD
1001,2026-09-09,23,111,bd5bca2582eb42d5bec1,501,2696.39,,,0,2026-09-12 23:05:03,MOCKLOAD
1002,2026-08-11,26,102,ac7e47a9a05b4a52b112,502,7489.93,,,0,2026-09-12 23:05:03,MOCKLOAD
1002,2026-08-12,20,114,190f37cdc7d4445381ad,502,2073.15,,,0,2026-09-12 23:05:03,MOCKLOAD
1002,2026-08-13,15,117,3f4e482480d04e97b2b0,502,509.58,,,0,2026-09-12 23:05:03,MOCKLOAD
1002,2026-08-14,27,107,f00cdfbffa5140cabfaf,502,1413.85,,,0,2026-09-12 23:05:03,MOCKLOAD
1002,2026-08-15,13,107,6c255e75c3a542929726,502,3201.78,,,0,2026-09-12 23:05:03,MOCKLOAD
1002,2026-08-16,25,108,bb43e89cb11d459c9f86,502,821.06,,,0,2026-09-12 23:05:03,MOCKLOAD
1002,2026-08-17,13,118,aa46084cfc8f4abb82a8,502,1021.33,,,0,2026-09-12 23:05:03,MOCKLOAD
1002,2026-08-18,14,120,92e80a6fdaf246f49812,502,1324.2,,,0,2026-09-12 23:05:03,MOCKLOAD
1002,2026-08-19,19,101,f9e69b7709a34d7c866c,502,2789.74,,,0,2026-09-12 23:05:03,MOCKLOAD
1002,2026-08-20,15,106,ae7affde82b64b629299,502,1912.36,,,0,2026-09-12 23:05:03,MOCKLOAD
1002,2026-08-21,10,110,b89378c9e9924e3e9fb7,502,577.49,,,0,2026-09-12 23:05:03,MOCKLOAD
1002,2026-08-22,28,119,ce36ba811087459abb12,502,2195.86,,,0,2026-09-12 23:05:03,MOCKLOAD
1002,2026-08-23,29,116,ca4f14ddab434a4d90a5,502,3499.33,,,0,2026-09-12 23:05:03,MOCKLOAD
1002,2026-08-24,21,112,0a6b974ab35e420685ea,502,358.02,,,0,2026-09-12 23:05:03,MOCKLOAD
1002,2026-08-25,17,120,8f658ffdda6a4755b42f,502,3434.53,,,0,2026-09-12 23:05:03,MOCKLOAD
1002,2026-08-26,23,109,7e25742ea6284ba19b2e,502,4122.73,,,0,2026-09-12 23:05:03,MOCKLOAD
1002,2026-08-27,20,104,4baf8f26bc734bbdb63d,502,3269.06,,,0,2026-09-12 23:05:03,MOCKLOAD
1002,2026-08-28,14,115,c9dd159d8d0e47089072,502,1758.37,,,0,2026-09-12 23:05:03,MOCKLOAD
1002,2026-08-29,12,115,036380b91ec247dc96fc,502,1786.2,,,0,2026-09-12 23:05:03,MOCKLOAD
1002,2026-08-30,29,104,3a3c006bc3784a22b712,502,4301.75,,,0,2026-09-12 23:05:03,MOCKLOAD
1002,2026-08-31,27,107,76907b698e134b82bc99,502,2181.13,,,0,2026-09-12 23:05:03,MOCKLOAD
1002,2026-09-01,23,118,e8714f366e694b16bee3,502,876.41,,,0,2026-09-12 23:05:03,MOCKLOAD
1002,2026-09-02,17,120,fd7c22666553418cb351,502,4965.21,,,0,2026-09-12 23:05:03,MOCKLOAD
1002,2026-09-03,11,109,ecd3ffd65e5947edbd7e,502,3774.95,,,0,2026-09-12 23:05:03,MOCKLOAD
1002,2026-09-04,15,114,bacd2d9faa61478babe1,502,1224.96,,,0,2026-09-12 23:05:03,MOCKLOAD
1002,2026-09-05,15,106,3c98e44b10234279b864,502,9022.85,,,0,2026-09-12 23:05:03,MOCKLOAD
1002,2026-09-06,25,120,2386f042ad794aceaa71,502,2695.41,,,0,2026-09-12 23:05:03,MOCKLOAD
1002,2026-09-07,26,113,f3e2dd977aa54f4fa845,502,14.3,,,0,2026-09-12 23:05:03,MOCKLOAD
1002,2026-09-08,26,102,41fc6fc07f054688aa22,502,1393.37,,,0,2026-09-12 23:05:03,MOCKLOAD
1002,2026-09-09,23,112,5364803e1d0149d6a38b,502,1254.99,,,0,2026-09-12 23:05:03,MOCKLOAD
1002,2026-08-11,14,114,d185270ee18542c1aac7,502,400.63,,,0,2026-09-12 23:05:03,MOCKLOAD
1002,2026-08-12,14,120,4a9a500e9cb74035991b,502,1281.37,,,0,2026-09-12 23:05:03,MOCKLOAD
1002,2026-08-13,16,103,02c33604f11f4eb79a72,502,1340.85,,,0,2026-09-12 23:05:03,MOCKLOAD
1002,2026-08-14,29,115,f5b7732adfb64704a399,502,2567.49,,,0,2026-09-12 23:05:03,MOCKLOAD
1002,2026-08-15,11,115,e9e4e52127c64cb78895,502,2404.17,,,0,2026-09-12 23:05:03,MOCKLOAD
1002,2026-08-16,15,103,63327e18713d41dca0de,502,4115.57,,,0,2026-09-12 23:05:03,MOCKLOAD
1002,2026-08-17,14,117,6582410a5a9944669b95,502,529.87,,,0,2026-09-12 23:05:03,MOCKLOAD
1002,2026-08-18,18,102,189d0838179042baab3c,502,3278.08,,,0,2026-09-12 23:05:03,MOCKLOAD
1002,2026-08-19,15,117,9d585420262c44a3bb49,502,5703.12,,,0,2026-09-12 23:05:03,MOCKLOAD
1002,2026-08-20,16,112,6ce64f50a6fe40ae94ec,502,4825.38,,,0,2026-09-12 23:05:03,MOCKLOAD
1002,2026-08-21,13,109,8c434ad394a84cefaf0b,502,3611.58,,,0,2026-09-12 23:05:03,MOCKLOAD
1002,2026-08-22,14,102,2a42987758b445d0b8f4,502,3958.52,,,0,2026-09-12 23:05:03,MOCKLOAD
1002,2026-08-23,21,104,c032027473c54b2dbcc3,502,3887.05,,,0,2026-09-12 23:05:03,MOCKLOAD
1002,2026-08-24,12,116,ac1d209856394d799bcd,502,2933.08,,,0,2026-09-12 23:05:03,MOCKLOAD
1002,2026-08-25,22,102,0addede40a834f05a938,502,422.8,,,0,2026-09-12 23:05:03,MOCKLOAD
1002,2026-08-26,19,119,54956b22f6c243f8b655,502,1762.42,,,0,2026-09-12 23:05:03,MOCKLOAD
1002,2026-08-27,25,106,268a699aaa004108b6ca,502,73.99,,,0,2026-09-12 23:05:03,MOCKLOAD
1002,2026-08-28,17,108,7f6aaccfb5254664bd87,502,1274.2,,,0,2026-09-12 23:05:03,MOCKLOAD
1002,2026-08-29,11,119,675049e1f1eb4c189ae9,502,1549.31,,,0,2026-09-12 23:05:03,MOCKLOAD
1002,2026-08-30,27,102,70393aa7df9e4a51b931,502,4082.03,,,0,2026-09-12 23:05:03,MOCKLOAD
1002,2026-08-31,26,117,fb4bb194702e4293834b,502,3970.72,,,0,2026-09-12 23:05:03,MOCKLOAD
1002,2026-09-01,23,107,dd808356487548bca491,502,2083.43,,,0,2026-09-12 23:05:03,MOCKLOAD
1002,2026-09-02,12,111,cbe86eb1a50e4664bb7c,502,6467.32,,,0,2026-09-12 23:05:03,MOCKLOAD
1002,2026-09-03,22,119,2a704b23eaf642b18c1f,502,1575.29,,,0,2026-09-12 23:05:03,MOCKLOAD
1002,2026-09-04,21,110,7d992bc28a4f48d3b6ab,502,2793.76,,,0,2026-09-12 23:05:03,MOCKLOAD
1002,2026-09-05,15,104,a94bdf5f77e64a3fb9f2,502,2506.21,,,0,2026-09-12 23:05:03,MOCKLOAD
1002,2026-09-06,19,105,88403a24b717448cad65,502,5491.1,,,0,2026-09-12 23:05:03,MOCKLOAD
1002,2026-09-07,16,102,827f65eaa13c47e29c64,502,984.11,,,0,2026-09-12 23:05:03,MOCKLOAD
1002,2026-09-08,26,118,460ddc315a7a47aa830a,502,5959.6,,,0,2026-09-12 23:05:03,MOCKLOAD
1002,2026-09-09,29,105,8c61b488a9c64a9fbc9a,502,4886.53,,,0,2026-09-12 23:05:03,MOCKLOAD
1002,2026-08-11,20,116,15fedc2978fd4c59ae3a,502,7707.08,,,0,2026-09-12 23:05:03,MOCKLOAD
1002,2026-08-12,14,119,0157a51d4f1b4b4e8b28,502,2367.37,,,0,2026-09-12 23:05:03,MOCKLOAD
1002,2026-08-13,28,107,a3642920377c47239d95,502,1841.23,,,0,2026-09-12 23:05:03,MOCKLOAD
1002,2026-08-14,28,118,eceba75ac4404313a560,502,1457.56,,,0,2026-09-12 23:05:03,MOCKLOAD
1002,2026-08-15,18,115,6030a95765304dfab2d3,502,688.35,,,0,2026-09-12 23:05:03,MOCKLOAD
1002,2026-08-16,13,111,e747ba455b244fd891f5,502,128.96,,,0,2026-09-12 23:05:03,MOCKLOAD
1002,2026-08-17,25,102,e4d6456ac3be45fbbf34,502,3415.83,,,0,2026-09-12 23:05:03,MOCKLOAD
1002,2026-08-18,18,102,1581fa89c8d64234ae05,502,96.99,,,0,2026-09-12 23:05:03,MOCKLOAD
1002,2026-08-19,16,108,b8caaa1ecf5844b1aac5,502,7536.67,,,0,2026-09-12 23:05:03,MOCKLOAD
1002,2026-08-20,19,105,cef60238ae3e4fc4b94c,502,203.55,,,0,2026-09-12 23:05:03,MOCKLOAD
1002,2026-08-21,15,105,e3d4ab50508147cf840c,502,3244.05,,,0,2026-09-12 23:05:03,MOCKLOAD
1002,2026-08-22,15,104,a2aa2f7c311a46d69e5a,502,1052.41,,,0,2026-09-12 23:05:03,MOCKLOAD
1002,2026-08-23,23,102,9e68ca4ed88b41c991c5,502,4387.78,,,0,2026-09-12 23:05:03,MOCKLOAD
1002,2026-08-24,26,117,d5d1184372f84776a272,502,1079.54,,,0,2026-09-12 23:05:03,MOCKLOAD
1002,2026-08-25,14,115,7213931b711d49f19b26,502,7233.59,,,0,2026-09-12 23:05:03,MOCKLOAD
1002,2026-08-26,19,103,7212cd9b08294d9baf9f,502,842.03,,,0,2026-09-12 23:05:03,MOCKLOAD
1002,2026-08-27,28,101,cb01422432144d71af54,502,4926.78,,,0,2026-09-12 23:05:03,MOCKLOAD
1002,2026-08-28,18,104,a0845dc38754416a88fc,502,928.05,,,0,2026-09-12 23:05:03,MOCKLOAD
1002,2026-08-29,24,103,ec639c83d8064c1ab926,502,2307.8,,,0,2026-09-12 23:05:03,MOCKLOAD
1002,2026-08-30,14,108,6670ee4613ff4f4eb57a,502,1946.67,,,0,2026-09-12 23:05:03,MOCKLOAD
1002,2026-08-31,21,106,fe37bd6b0d0d4118b3d9,502,263.6,,,0,2026-09-12 23:05:03,MOCKLOAD
1002,2026-09-01,25,118,713285cbd56248d2af25,502,2863.83,,,0,2026-09-12 23:05:03,MOCKLOAD
1002,2026-09-02,26,111,388310407778429a93c1,502,1007.81,,,0,2026-09-12 23:05:03,MOCKLOAD
1002,2026-09-03,16,115,4ec13e28aa084016a01c,502,10520.07,,,0,2026-09-12 23:05:03,MOCKLOAD
1002,2026-09-04,27,111,8a77c3cb555c43588232,502,2584.71,,,0,2026-09-12 23:05:03,MOCKLOAD
1002,2026-09-05,13,118,5ca80e3ae70d4a9b83bf,502,1560.97,,,0,2026-09-12 23:05:03,MOCKLOAD
1002,2026-09-06,20,114,642b96ac6a2b40168d4c,502,2287.34,,,0,2026-09-12 23:05:03,MOCKLOAD
1002,2026-09-07,21,107,8f7704039f684b01975f,502,5753.03,,,0,2026-09-12 23:05:03,MOCKLOAD
1002,2026-09-08,22,109,b635d8c8ba364a26a3ea,502,681.6,,,0,2026-09-12 23:05:03,MOCKLOAD
1002,2026-09-09,27,113,d26e0f79e831458ebb66,502,5566.68,,,0,2026-09-12 23:05:03,MOCKLOAD
1002,2026-08-11,16,115,b1388f8b50004201a545,502,460.5,,,0,2026-09-12 23:05:03,MOCKLOAD
1002,2026-08-12,18,105,f41aaa9f3dc54a28aed6,502,159.83,,,0,2026-09-12 23:05:03,MOCKLOAD
1002,2026-08-13,28,106,6473e680cb5046878805,502,1179.51,,,0,2026-09-12 23:05:03,MOCKLOAD
1002,2026-08-14,14,114,c0a3bf2da8544635b522,502,129.48,,,0,2026-09-12 23:05:03,MOCKLOAD
1002,2026-08-15,14,101,9bc7f9a2a5124baaa41c,502,7374.77,,,0,2026-09-12 23:05:03,MOCKLOAD
1002,2026-08-16,21,113,57f70a4e0af8412ab10b,502,1341.89,,,0,2026-09-12 23:05:03,MOCKLOAD
1002,2026-08-17,27,101,35eed1444c8f496db08d,502,3525.34,,,0,2026-09-12 23:05:03,MOCKLOAD
1002,2026-08-18,14,118,607a23004bf54e21937f,502,196.97,,,0,2026-09-12 23:05:03,MOCKLOAD
1002,2026-08-19,14,106,5a1a03cca3474ae0a53c,502,376.8,,,0,2026-09-12 23:05:03,MOCKLOAD
1002,2026-08-20,28,117,d6bbc4e4efdc4a1b9265,502,2261.23,,,0,2026-09-12 23:05:03,MOCKLOAD
1002,2026-08-21,11,113,3c42d3453f174372a2c3,502,4533.36,,,0,2026-09-12 23:05:03,MOCKLOAD
1002,2026-08-22,20,116,8b6973a290ca47a9a56e,502,8658.56,,,0,2026-09-12 23:05:03,MOCKLOAD
1002,2026-08-23,21,117,9b50dc8f4cba4b12bea0,502,4994.83,,,0,2026-09-12 23:05:03,MOCKLOAD
1002,2026-08-24,16,116,03e4789877274853abbf,502,6498.68,,,0,2026-09-12 23:05:03,MOCKLOAD
1002,2026-08-25,11,111,3db49d5851c440ee9a36,502,2650.34,,,0,2026-09-12 23:05:03,MOCKLOAD
1002,2026-08-26,27,114,29be862daa9845d58eac,502,8445.18,,,0,2026-09-12 23:05:03,MOCKLOAD
1002,2026-08-27,22,114,67933c65f3ab4f619522,502,1005.66,,,0,2026-09-12 23:05:03,MOCKLOAD
1002,2026-08-28,25,104,292ba0ba8644411b8a76,502,305.4,,,0,2026-09-12 23:05:03,MOCKLOAD
1002,2026-08-29,29,110,1cdf338d229640938f99,502,4402.69,,,0,2026-09-12 23:05:03,MOCKLOAD
1002,2026-08-30,23,116,14a3b087302e4d1e8b17,502,859.89,,,0,2026-09-12 23:05:03,MOCKLOAD
1002,2026-08-31,13,106,81cba8710e914b96b139,502,5382.03,,,0,2026-09-12 23:05:03,MOCKLOAD
1002,2026-09-01,28,108,98f72fab58894e5aa5a2,502,5097.25,,,0,2026-09-12 23:05:03,MOCKLOAD
1002,2026-09-02,10,107,413436ae012b41df92e8,502,6279.83,,,0,2026-09-12 23:05:03,MOCKLOAD
1002,2026-09-03,21,107,3da2fbd363654cf69dd2,502,3703.38,,,0,2026-09-12 23:05:03,MOCKLOAD
1002,2026-09-04,12,118,85e312669a5242289733,502,3651.66,,,0,2026-09-12 23:05:03,MOCKLOAD
1002,2026-09-05,20,110,156db849914a4906986b,502,9441.23,,,0,2026-09-12 23:05:03,MOCKLOAD
1002,2026-09-06,18,113,a2ce8e4ebc264bf9bc6a,502,1403.23,,,0,2026-09-12 23:05:03,MOCKLOAD
1002,2026-09-07,22,117,717481265b2a460aa2a8,502,7366.95,,,0,2026-09-12 23:05:03,MOCKLOAD
1002,2026-09-08,29,119,68bd197099e343f78269,502,88.97,,,0,2026-09-12 23:05:03,MOCKLOAD
1002,2026-09-09,21,113,d69fe24781c74040bfe6,502,2542.93,,,0,2026-09-12 23:05:03,MOCKLOAD
1002,2026-08-11,15,105,cf13b0d77aa04634b9f8,502,4587.02,,,0,2026-09-12 23:05:03,MOCKLOAD
1002,2026-08-12,21,118,1bfe3f030d014e70baa5,502,2260.97,,,0,2026-09-12 23:05:03,MOCKLOAD
1002,2026-08-13,26,106,81fc933365cd499ba572,502,3899.37,,,0,2026-09-12 23:05:03,MOCKLOAD
1002,2026-08-14,26,118,cc6ed78a3483428c9ada,502,2977.67,,,0,2026-09-12 23:05:03,MOCKLOAD
1002,2026-08-15,12,112,8f13a7b1e8ea43daba3a,502,350.34,,,0,2026-09-12 23:05:03,MOCKLOAD
1002,2026-08-16,18,110,227a0448d3d94b1bbdf3,502,2370.65,,,0,2026-09-12 23:05:03,MOCKLOAD
1002,2026-08-17,28,106,23e30bbe0e9a4d8e9aa2,502,698.15,,,0,2026-09-12 23:05:03,MOCKLOAD
1002,2026-08-18,16,110,3db82bfbc5ee43788b42,502,5051.37,,,0,2026-09-12 23:05:03,MOCKLOAD
1002,2026-08-19,20,109,746766dfd7f34a018c10,502,5295.78,,,0,2026-09-12 23:05:03,MOCKLOAD
1002,2026-08-20,29,105,23b55d0136144cffb0e3,502,6697.2,,,0,2026-09-12 23:05:03,MOCKLOAD
1002,2026-08-21,22,102,e3d4a5aa4e1c4b7e9f40,502,2913.69,,,0,2026-09-12 23:05:03,MOCKLOAD
1002,2026-08-22,24,102,6f930c37537e4b3da682,502,2956.14,,,0,2026-09-12 23:05:03,MOCKLOAD
1002,2026-08-23,16,118,4417bcd65b0b4484ae9e,502,4222.33,,,0,2026-09-12 23:05:03,MOCKLOAD
1002,2026-08-24,23,114,bda42bd70a12467a98c3,502,3108.69,,,0,2026-09-12 23:05:03,MOCKLOAD
1002,2026-08-25,27,120,4d875cd5cd4641c6bca1,502,861.73,,,0,2026-09-12 23:05:03,MOCKLOAD
1002,2026-08-26,21,118,6c7c5045149e4c2389de,502,1497.88,,,0,2026-09-12 23:05:03,MOCKLOAD
1002,2026-08-27,21,103,d8b7f9c8981c4c4d9555,502,3529.35,,,0,2026-09-12 23:05:03,MOCKLOAD
1002,2026-08-28,25,101,d7a127fb1e5547888c92,502,1121.63,,,0,2026-09-12 23:05:03,MOCKLOAD
1002,2026-08-29,23,118,d1fca156a050420781a6,502,3561.27,,,0,2026-09-12 23:05:03,MOCKLOAD
1002,2026-08-30,29,105,1f27e994044347e89fb4,502,6546.45,,,0,2026-09-12 23:05:03,MOCKLOAD
1002,2026-08-31,19,102,7a1d62474c514a0f8f77,502,5131.9,,,0,2026-09-12 23:05:03,MOCKLOAD
1002,2026-09-01,16,111,3d65c13639fb46da9887,502,2873.05,,,0,2026-09-12 23:05:03,MOCKLOAD
1002,2026-09-02,14,104,e30888508ab941aa8276,502,2237.62,,,0,2026-09-12 23:05:03,MOCKLOAD
1002,2026-09-03,29,104,8d4f1dd620d04bb6a833,502,8597.42,,,0,2026-09-12 23:05:03,MOCKLOAD
1002,2026-09-04,14,101,30dbb5b3dc1f4b6c8fbd,502,1895.03,,,0,2026-09-12 23:05:03,MOCKLOAD
1002,2026-09-05,14,108,9b470f12becc40efa8e9,502,548.74,,,0,2026-09-12 23:05:03,MOCKLOAD
1002,2026-09-06,25,103,695ecad5602b4978823b,502,8482.09,,,0,2026-09-12 23:05:03,MOCKLOAD
1002,2026-09-07,16,118,b2859d77ff934ed38cfa,502,852.2,,,0,2026-09-12 23:05:03,MOCKLOAD
1002,2026-09-08,26,106,dc2934aff78942bfa103,502,353.9,,,0,2026-09-12 23:05:03,MOCKLOAD
1002,2026-09-09,11,107,a1b84859eb014aa79a81,502,5427.7,,,0,2026-09-12 23:05:03,MOCKLOAD
1002,2026-08-11,10,111,f101f4c353be4434b640,502,1457.98,,,0,2026-09-12 23:05:03,MOCKLOAD
1002,2026-08-12,18,111,8ee58f92b9944e6a914c,502,170.5,,,0,2026-09-12 23:05:03,MOCKLOAD
1002,2026-08-13,12,105,5fce5c26d4f14ff9b207,502,2420.5,,,0,2026-09-12 23:05:03,MOCKLOAD
1002,2026-08-14,29,104,53a5f439d2ce482489e7,502,1094.35,,,0,2026-09-12 23:05:03,MOCKLOAD
1002,2026-08-15,18,108,ae431fc6083d4f83bf4c,502,10018.99,,,0,2026-09-12 23:05:03,MOCKLOAD
1002,2026-08-16,11,106,31ae17014e9c49acb5db,502,328.29,,,0,2026-09-12 23:05:03,MOCKLOAD
1002,2026-08-17,26,118,6d1a156cebd2470c95b7,502,4969.09,,,0,2026-09-12 23:05:03,MOCKLOAD
1002,2026-08-18,14,106,e70161b269b64314aca7,502,1292.05,,,0,2026-09-12 23:05:03,MOCKLOAD
1002,2026-08-19,15,109,22ee210e1ab74d4bb270,502,4623.09,,,0,2026-09-12 23:05:03,MOCKLOAD
1002,2026-08-20,23,106,2dbbfda18c5b404fa408,502,2043.44,,,0,2026-09-12 23:05:03,MOCKLOAD
1002,2026-08-21,24,110,b0d6f851682e4c2ea92d,502,2995.88,,,0,2026-09-12 23:05:03,MOCKLOAD
1002,2026-08-22,24,118,94643b7eb42f459ba028,502,876.28,,,0,2026-09-12 23:05:03,MOCKLOAD
1002,2026-08-23,25,106,00d11dbbbc014e95a3ab,502,7815.6,,,0,2026-09-12 23:05:03,MOCKLOAD
1002,2026-08-24,17,109,8a01a0661ffe4c289117,502,3263.79,,,0,2026-09-12 23:05:03,MOCKLOAD
1002,2026-08-25,19,110,2a9ead86e0384564a8ec,502,3482.93,,,0,2026-09-12 23:05:03,MOCKLOAD
1002,2026-08-26,24,118,0f3965f302214a8fab73,502,3369.08,,,0,2026-09-12 23:05:03,MOCKLOAD
1002,2026-08-27,22,119,cb9605f6c9eb40578a14,502,8714.63,,,0,2026-09-12 23:05:03,MOCKLOAD
1002,2026-08-28,23,105,32c83626fe714805abd4,502,3697.76,,,0,2026-09-12 23:05:03,MOCKLOAD
1002,2026-08-29,29,118,6a8de995022248e8ac1d,502,606.58,,,0,2026-09-12 23:05:03,MOCKLOAD
1002,2026-08-30,11,107,aaaf0f5320054c9585a4,502,4500.54,,,0,2026-09-12 23:05:03,MOCKLOAD
1002,2026-08-31,16,105,13e53fb24a9444bd987b,502,1419.49,,,0,2026-09-12 23:05:03,MOCKLOAD
1002,2026-09-01,10,108,a8e3f34bb6614b289ecc,502,3824.4,,,0,2026-09-12 23:05:03,MOCKLOAD
1002,2026-09-02,16,115,a78066300a9f4b57a85c,502,5707.22,,,0,2026-09-12 23:05:03,MOCKLOAD
1002,2026-09-03,10,117,5e6a41cc8bb34bc9b0b7,502,1100.62,,,0,2026-09-12 23:05:03,MOCKLOAD
1002,2026-09-04,13,101,6c37e141d51243cfb65c,502,1151.87,,,0,2026-09-12 23:05:03,MOCKLOAD
1002,2026-09-05,16,115,9865f1be708f4134a279,502,226.61,,,0,2026-09-12 23:05:03,MOCKLOAD
1002,2026-09-06,22,107,e1229df583774d7bb96b,502,3243.06,,,0,2026-09-12 23:05:03,MOCKLOAD
1002,2026-09-07,20,109,b7e72f788e10417b868b,502,567.25,,,0,2026-09-12 23:05:03,MOCKLOAD
1002,2026-09-08,11,111,b1bb0f8185bf427aa547,502,3201.34,,,0,2026-09-12 23:05:03,MOCKLOAD
1002,2026-09-09,10,107,e3e4a414ea0c4d2680f9,502,339.66,,,0,2026-09-12 23:05:03,MOCKLOAD
1002,2026-08-11,29,114,a854cba5ba58492c992e,502,1057.67,,,0,2026-09-12 23:05:03,MOCKLOAD
1002,2026-08-12,15,116,8866511854a8404cb704,502,4611.14,,,0,2026-09-12 23:05:03,MOCKLOAD
1002,2026-08-13,11,102,800abc5a0b524807b6cc,502,9620.76,,,0,2026-09-12 23:05:03,MOCKLOAD
1002,2026-08-14,14,102,2cff7d79bcbe4b7c8cfc,502,449.59,,,0,2026-09-12 23:05:03,MOCKLOAD
1002,2026-08-15,28,110,938479e1d8ed4918879c,502,3556.33,,,0,2026-09-12 23:05:03,MOCKLOAD
1002,2026-08-16,16,116,b726a39092714f0ba699,502,1148.73,,,0,2026-09-12 23:05:03,MOCKLOAD
1002,2026-08-17,11,107,d3adda7094864295a00c,502,2735.66,,,0,2026-09-12 23:05:03,MOCKLOAD
1002,2026-08-18,23,119,f9eb3219322b497f90ef,502,339.28,,,0,2026-09-12 23:05:03,MOCKLOAD
1002,2026-08-19,22,102,7ae504de0c134d80a51f,502,3161.46,,,0,2026-09-12 23:05:03,MOCKLOAD
1002,2026-08-20,20,102,d49e976f6d2147a7baad,502,2861.42,,,0,2026-09-12 23:05:03,MOCKLOAD
1002,2026-08-21,14,113,21373a666cd349aab89d,502,4030.95,,,0,2026-09-12 23:05:03,MOCKLOAD
1002,2026-08-22,14,118,a1e72e7c67744d258328,502,776.56,,,0,2026-09-12 23:05:03,MOCKLOAD
1002,2026-08-23,12,107,bf7f18b296c1496b9d94,502,1617.81,,,0,2026-09-12 23:05:03,MOCKLOAD
1002,2026-08-24,13,105,267918c5baea45b8a440,502,2987.09,,,0,2026-09-12 23:05:03,MOCKLOAD
1002,2026-08-25,29,111,630e1fd494af43afaa30,502,2120.83,,,0,2026-09-12 23:05:03,MOCKLOAD
1002,2026-08-26,14,103,760da32540c64dcda63c,502,473.03,,,0,2026-09-12 23:05:03,MOCKLOAD
1002,2026-08-27,16,102,302e37c89e39422797b5,502,203.9,,,0,2026-09-12 23:05:03,MOCKLOAD
1002,2026-08-28,28,116,91a021020f2046f2aa59,502,7543.97,,,0,2026-09-12 23:05:03,MOCKLOAD
1002,2026-08-29,18,104,78f1b620f2bb40258629,502,7215.38,,,0,2026-09-12 23:05:03,MOCKLOAD
1002,2026-08-30,25,101,a04e377c8f7e4220993d,502,673,,,0,2026-09-12 23:05:03,MOCKLOAD
1002,2026-08-31,21,109,d4622f458e9d4fe4af99,502,4618.82,,,0,2026-09-12 23:05:03,MOCKLOAD
1002,2026-09-01,16,118,43b233773fea41a7abad,502,3318.96,,,0,2026-09-12 23:05:03,MOCKLOAD
1002,2026-09-02,23,102,29c0c9a94ac14d08b4e0,502,2727.45,,,0,2026-09-12 23:05:03,MOCKLOAD
1002,2026-09-03,18,105,a122f7febeb34e2a836b,502,4585.84,,,0,2026-09-12 23:05:03,MOCKLOAD
1002,2026-09-04,22,114,d929c6f79bae4e16a2f9,502,1027.45,,,0,2026-09-12 23:05:03,MOCKLOAD
1002,2026-09-05,10,117,90c4d95612ba468193e2,502,206.28,,,0,2026-09-12 23:05:03,MOCKLOAD
1002,2026-09-06,20,119,2c2b9431422945aebff2,502,674.11,,,0,2026-09-12 23:05:03,MOCKLOAD
1002,2026-09-07,27,109,f11f0809c5884eab8693,502,5027.32,,,0,2026-09-12 23:05:03,MOCKLOAD
1002,2026-09-08,18,101,f39ab696f1544d928735,502,6095.86,,,0,2026-09-12 23:05:03,MOCKLOAD
1002,2026-09-09,18,119,bac1bd85ea7a454f805d,502,6430.73,,,0,2026-09-12 23:05:03,MOCKLOAD
1002,2026-08-11,14,116,5c72de202b914c0c8d84,502,199.02,,,0,2026-09-12 23:05:03,MOCKLOAD
1002,2026-08-12,17,119,c7d01aebc22e4ad3aa56,502,5529.5,,,0,2026-09-12 23:05:03,MOCKLOAD
1002,2026-08-13,29,101,e01d615532014e6ab832,502,879.42,,,0,2026-09-12 23:05:03,MOCKLOAD
1002,2026-08-14,25,115,aa78ae1f04874b5489fb,502,2168.48,,,0,2026-09-12 23:05:03,MOCKLOAD
1002,2026-08-15,21,115,8c40e4cb0a1f4c399c17,502,1883.34,,,0,2026-09-12 23:05:03,MOCKLOAD
1002,2026-08-16,18,107,ca9d801b98d84ec8ade4,502,109.88,,,0,2026-09-12 23:05:03,MOCKLOAD
1002,2026-08-17,23,108,2ed046ff75fd4c7097e3,502,365.9,,,0,2026-09-12 23:05:03,MOCKLOAD
1002,2026-08-18,16,118,1fc8fb7bb35d42f5b422,502,3447.66,,,0,2026-09-12 23:05:03,MOCKLOAD
1002,2026-08-19,13,111,50e2f9a8bc3541c6872d,502,6309.26,,,0,2026-09-12 23:05:03,MOCKLOAD
1002,2026-08-20,25,112,684803219b3e4fb2b1dc,502,723.42,,,0,2026-09-12 23:05:03,MOCKLOAD
1002,2026-08-21,23,102,125b1f2266d5481c942d,502,308.62,,,0,2026-09-12 23:05:03,MOCKLOAD
1002,2026-08-22,18,113,af3d0ec4472146a6a934,502,172.77,,,0,2026-09-12 23:05:03,MOCKLOAD
1002,2026-08-23,22,117,277dce089867477e9641,502,164.15,,,0,2026-09-12 23:05:03,MOCKLOAD
1002,2026-08-24,10,106,a7ba8be6d0644e728100,502,2137.91,,,0,2026-09-12 23:05:03,MOCKLOAD
1002,2026-08-25,16,103,22058db0dd754b459c3e,502,224.21,,,0,2026-09-12 23:05:03,MOCKLOAD
1002,2026-08-26,17,106,c68eb5c65c5e4e11822b,502,1648.66,,,0,2026-09-12 23:05:03,MOCKLOAD
1002,2026-08-27,11,107,fa32e91730734d3b858e,502,1001.91,,,0,2026-09-12 23:05:03,MOCKLOAD
1002,2026-08-28,26,119,d86295d3f1274730941f,502,5376.31,,,0,2026-09-12 23:05:03,MOCKLOAD
1002,2026-08-29,11,103,384606d3572e4178be12,502,770.05,,,0,2026-09-12 23:05:03,MOCKLOAD
1002,2026-08-30,28,101,ca7ec31d0e154b73ab4b,502,5172.92,,,0,2026-09-12 23:05:03,MOCKLOAD
1002,2026-08-31,23,115,fa9392a34a554604a952,502,4699.54,,,0,2026-09-12 23:05:03,MOCKLOAD
1002,2026-09-01,11,104,046ef9fb68984728bda3,502,3653.59,,,0,2026-09-12 23:05:03,MOCKLOAD
1002,2026-09-02,23,117,565f56aaecc643568cdc,502,2833.62,,,0,2026-09-12 23:05:03,MOCKLOAD
1002,2026-09-03,19,111,28377e53853e452a9460,502,1953.04,,,0,2026-09-12 23:05:03,MOCKLOAD
1002,2026-09-04,22,102,1d2d6053026745e7b0b9,502,797.1,,,0,2026-09-12 23:05:03,MOCKLOAD
1002,2026-09-05,15,107,2d6a373abab944f6a411,502,664.11,,,0,2026-09-12 23:05:03,MOCKLOAD
1002,2026-09-06,28,113,6d7baa54afae473093c0,502,108.75,,,0,2026-09-12 23:05:03,MOCKLOAD
1002,2026-09-07,17,119,7b3973faa02947c58148,502,3512.51,,,0,2026-09-12 23:05:03,MOCKLOAD
1002,2026-09-08,21,114,616d1b88f2054b9094cb,502,405.74,,,0,2026-09-12 23:05:03,MOCKLOAD
1002,2026-09-09,12,119,8a695f0e1d7448b78706,502,2743.65,,,0,2026-09-12 23:05:03,MOCKLOAD
1002,2026-08-11,24,113,03c819a286a44355acd5,502,3296.73,,,0,2026-09-12 23:05:03,MOCKLOAD
1002,2026-08-12,10,114,bbf253b036b14a5bba99,502,5082,,,0,2026-09-12 23:05:03,MOCKLOAD
1002,2026-08-13,18,113,8dfeafe68beb4927a354,502,540.69,,,0,2026-09-12 23:05:03,MOCKLOAD
1002,2026-08-14,23,119,2ce6feadfff0475cb1a0,502,1967.62,,,0,2026-09-12 23:05:03,MOCKLOAD
1002,2026-08-15,19,111,1dd2e6c584ed45f4beb1,502,8102.2,,,0,2026-09-12 23:05:03,MOCKLOAD
1002,2026-08-16,24,104,e9ca98d61a7d483c8931,502,3176.88,,,0,2026-09-12 23:05:03,MOCKLOAD
1002,2026-08-17,28,119,48991c93a106441ebc73,502,37.54,,,0,2026-09-12 23:05:03,MOCKLOAD
1002,2026-08-18,25,119,dcda7340658544a58830,502,2252.79,,,0,2026-09-12 23:05:03,MOCKLOAD
1002,2026-08-19,18,114,f9b8f55a1ae342488490,502,213.06,,,0,2026-09-12 23:05:03,MOCKLOAD
1002,2026-08-20,21,104,ded543a49afe4693a595,502,2553.97,,,0,2026-09-12 23:05:03,MOCKLOAD
1002,2026-08-21,17,101,e1787589f48145a6b2bc,502,8011.76,,,0,2026-09-12 23:05:03,MOCKLOAD
1002,2026-08-22,13,118,b37730d216c14dab9046,502,721.64,,,0,2026-09-12 23:05:03,MOCKLOAD
1002,2026-08-23,17,116,aec85258c6ea4c5d9e85,502,2021.58,,,0,2026-09-12 23:05:03,MOCKLOAD
1002,2026-08-24,11,117,7a61893c27c94ff4a86e,502,522.24,,,0,2026-09-12 23:05:03,MOCKLOAD
1002,2026-08-25,28,109,bf3fd83383ed49c1bbdf,502,401.66,,,0,2026-09-12 23:05:03,MOCKLOAD
1002,2026-08-26,10,113,765e1313b8134e2f9bcf,502,5070.84,,,0,2026-09-12 23:05:03,MOCKLOAD
1002,2026-08-27,27,114,1beb7bdddd7445339d80,502,960.56,,,0,2026-09-12 23:05:03,MOCKLOAD
1002,2026-08-28,11,114,d7421b8520544d61ab2d,502,5596.11,,,0,2026-09-12 23:05:03,MOCKLOAD
1002,2026-08-29,23,118,28756e271f9340989c8d,502,5494.05,,,0,2026-09-12 23:05:03,MOCKLOAD
1002,2026-08-30,21,120,96d02f22b96d424082dc,502,2010.21,,,0,2026-09-12 23:05:03,MOCKLOAD
1002,2026-08-31,26,105,49d407f2585343769e45,502,4080.26,,,0,2026-09-12 23:05:03,MOCKLOAD
1002,2026-09-01,21,116,f6d0b93bd7754bec9faf,502,9944.6,,,0,2026-09-12 23:05:03,MOCKLOAD
1002,2026-09-02,21,109,54acbbd256c54f959230,502,719.99,,,0,2026-09-12 23:05:03,MOCKLOAD
1002,2026-09-03,11,119,930918571d244542ae39,502,3731.31,,,0,2026-09-12 23:05:03,MOCKLOAD
1002,2026-09-04,28,109,c1291d820d4f4d459f3b,502,6032.92,,,0,2026-09-12 23:05:03,MOCKLOAD
1002,2026-09-05,25,106,8b30f9f6e9214cfd8864,502,102.58,,,0,2026-09-12 23:05:03,MOCKLOAD
1002,2026-09-06,20,115,3165feb33c344839bcba,502,10106.86,,,0,2026-09-12 23:05:03,MOCKLOAD
1002,2026-09-07,14,115,fa4479836fee47f5afde,502,1522.46,,,0,2026-09-12 23:05:03,MOCKLOAD
1002,2026-09-08,18,106,1e4cedff96074f0dae93,502,3832.25,,,0,2026-09-12 23:05:03,MOCKLOAD
1002,2026-09-09,13,120,b6a299ed49ba4a7183f3,502,460.49,,,0,2026-09-12 23:05:03,MOCKLOAD
1002,2026-08-11,22,110,4f4ed3df60b54fb4a95f,502,2140.67,,,0,2026-09-12 23:05:03,MOCKLOAD
1002,2026-08-12,14,101,ba450acf40ea4a228448,502,1935.81,,,0,2026-09-12 23:05:03,MOCKLOAD
1002,2026-08-13,20,120,cb2e8e6fc0d040c4935f,502,53.48,,,0,2026-09-12 23:05:03,MOCKLOAD
1002,2026-08-14,10,102,f2309a5287e9435d85dd,502,912.13,,,0,2026-09-12 23:05:03,MOCKLOAD
1002,2026-08-15,28,110,3a764e698fe943e9ae52,502,763.34,,,0,2026-09-12 23:05:03,MOCKLOAD
1002,2026-08-16,15,101,50f05ec8624843738bfe,502,337.54,,,0,2026-09-12 23:05:03,MOCKLOAD
1002,2026-08-17,28,111,b9ad848087064ba39771,502,226.58,,,0,2026-09-12 23:05:03,MOCKLOAD
1002,2026-08-18,27,118,a225aaeea7cc42ac964c,502,487,,,0,2026-09-12 23:05:03,MOCKLOAD
1002,2026-08-19,22,105,dcd23544d49a43429bc7,502,4291.29,,,0,2026-09-12 23:05:03,MOCKLOAD
1002,2026-08-20,15,109,d5aa9283038e4741bac5,502,4938.08,,,0,2026-09-12 23:05:03,MOCKLOAD
1002,2026-08-21,17,110,03e1d0d05a694c4ebe9f,502,2970.57,,,0,2026-09-12 23:05:03,MOCKLOAD
1002,2026-08-22,25,104,18809b7d6ed947b8ba1c,502,4699.79,,,0,2026-09-12 23:05:03,MOCKLOAD
1002,2026-08-23,22,109,7307431261854803b136,502,5271.04,,,0,2026-09-12 23:05:03,MOCKLOAD
1002,2026-08-24,24,106,56f93b6ff69546e2a32a,502,6826.51,,,0,2026-09-12 23:05:03,MOCKLOAD
1002,2026-08-25,23,114,8767a54e47e945c5bfc1,502,3029.62,,,0,2026-09-12 23:05:03,MOCKLOAD
1002,2026-08-26,11,118,c21fbe27c17d4a799a6d,502,300.26,,,0,2026-09-12 23:05:03,MOCKLOAD
1002,2026-08-27,25,103,15c1e4afd5264d8cbb20,502,9897.99,,,0,2026-09-12 23:05:03,MOCKLOAD
1002,2026-08-28,10,104,ff87fa8180624deaace5,502,97.34,,,0,2026-09-12 23:05:03,MOCKLOAD
1002,2026-08-29,16,118,61a28eb0693c463085a5,502,3227.49,,,0,2026-09-12 23:05:03,MOCKLOAD
1002,2026-08-30,15,102,8e892ba4d19141159f3a,502,1125.56,,,0,2026-09-12 23:05:03,MOCKLOAD
1002,2026-08-31,17,117,f68b9b079a3f492b9f2d,502,508.3,,,0,2026-09-12 23:05:03,MOCKLOAD
1002,2026-09-01,27,109,2be65802f6524957a487,502,6393.25,,,0,2026-09-12 23:05:03,MOCKLOAD
1002,2026-09-02,16,105,ea35cf3cb1434fa69c37,502,523.72,,,0,2026-09-12 23:05:03,MOCKLOAD
1002,2026-09-03,22,102,58232b840cdb4969a34e,502,2830.89,,,0,2026-09-12 23:05:03,MOCKLOAD
1002,2026-09-04,29,115,0d6b15a8cb734092beb5,502,146.62,,,0,2026-09-12 23:05:03,MOCKLOAD
1002,2026-09-05,19,103,b39bb49d6af846cebcf8,502,1756.61,,,0,2026-09-12 23:05:03,MOCKLOAD
1002,2026-09-06,24,107,3896bebde5f64584bbde,502,40.28,,,0,2026-09-12 23:05:03,MOCKLOAD
1002,2026-09-07,22,106,a13e6cf973a242f08df8,502,10230.22,,,0,2026-09-12 23:05:03,MOCKLOAD
1002,2026-09-08,15,101,d95ca364e69c4e42aa2c,502,9010.73,,,0,2026-09-12 23:05:03,MOCKLOAD
1002,2026-09-09,15,113,6dd3de57e5c54affbbb6,502,46.96,,,0,2026-09-12 23:05:03,MOCKLOAD
1003,2026-08-11,17,116,6f24a4d85599424293c9,503,1402.84,,,0,2026-09-12 23:05:03,MOCKLOAD
1003,2026-08-12,10,110,c11c6e92cab14d999468,503,793.04,,,0,2026-09-12 23:05:03,MOCKLOAD
1003,2026-08-13,11,109,874744946e444e93beb5,503,669.11,,,0,2026-09-12 23:05:03,MOCKLOAD
1003,2026-08-14,25,118,e34d454e855147678344,503,633.08,,,0,2026-09-12 23:05:03,MOCKLOAD
1003,2026-08-15,26,101,9c134a5691594b379b40,503,245.23,,,0,2026-09-12 23:05:03,MOCKLOAD
1003,2026-08-16,19,116,9fa5ea3c19e040fab938,503,341.58,,,0,2026-09-12 23:05:03,MOCKLOAD
1003,2026-08-17,28,117,5ce857e375af4e5b95c0,503,16.26,,,0,2026-09-12 23:05:03,MOCKLOAD
1003,2026-08-18,18,110,973a47a47dd24d529b2b,503,73.69,,,0,2026-09-12 23:05:03,MOCKLOAD
1003,2026-08-19,16,110,8df95911fa274bbeb256,503,687.99,,,0,2026-09-12 23:05:03,MOCKLOAD
1003,2026-08-20,13,114,522c4ca0fcc34cc3989b,503,305.61,,,0,2026-09-12 23:05:03,MOCKLOAD
1003,2026-08-21,24,107,38b7697bec6540a688a6,503,297.99,,,0,2026-09-12 23:05:03,MOCKLOAD
1003,2026-08-22,25,117,ec96a074ff2944bcaa4e,503,1751.47,,,0,2026-09-12 23:05:03,MOCKLOAD
1003,2026-08-23,23,104,fd5cb95765aa43d698bf,503,960.6,,,0,2026-09-12 23:05:03,MOCKLOAD
1003,2026-08-24,26,116,d39524ca58ef46789d56,503,120.79,,,0,2026-09-12 23:05:03,MOCKLOAD
1003,2026-08-25,26,112,bb082c40dfae4cbf81e0,503,855.64,,,0,2026-09-12 23:05:03,MOCKLOAD
1003,2026-08-26,25,102,32082fbf2dcf4ac382d3,503,60.24,,,0,2026-09-12 23:05:03,MOCKLOAD
1003,2026-08-27,19,107,310aeeee68e843a59af1,503,439.21,,,0,2026-09-12 23:05:03,MOCKLOAD
1003,2026-08-28,12,116,11f7df6c6bc4453fb4ac,503,1590.09,,,0,2026-09-12 23:05:03,MOCKLOAD
1003,2026-08-29,22,102,e1f18baf58dc4a2b9cec,503,929.86,,,0,2026-09-12 23:05:03,MOCKLOAD
1003,2026-08-30,12,107,6647041469234c59a023,503,1266.52,,,0,2026-09-12 23:05:03,MOCKLOAD
1003,2026-08-31,21,115,2d3fd05647474ff4bb4a,503,845.4,,,0,2026-09-12 23:05:03,MOCKLOAD
1003,2026-09-01,10,120,4e971952c6254bdbaff3,503,94.72,,,0,2026-09-12 23:05:03,MOCKLOAD
1003,2026-09-02,17,117,155c2e5b92034fb4afa3,503,1257.96,,,0,2026-09-12 23:05:03,MOCKLOAD
1003,2026-09-03,15,110,5396ba1d33f74b8d9c74,503,68.81,,,0,2026-09-12 23:05:03,MOCKLOAD
1003,2026-09-04,22,103,cadbdd30c9434f5397ba,503,754.08,,,0,2026-09-12 23:05:03,MOCKLOAD
1003,2026-09-05,18,105,e4202339d4cc4e8b8e81,503,204.73,,,0,2026-09-12 23:05:03,MOCKLOAD
1003,2026-09-06,17,117,566ff4d5e6584138ac79,503,369.37,,,0,2026-09-12 23:05:03,MOCKLOAD
1003,2026-09-07,18,109,1fa640c729a041a297bd,503,1286.42,,,0,2026-09-12 23:05:03,MOCKLOAD
1003,2026-09-08,18,103,751f2c0ea8c344c8afd1,503,665.66,,,0,2026-09-12 23:05:03,MOCKLOAD
1003,2026-09-09,21,119,5ce00b4561754b0cb0ff,503,1321.57,,,0,2026-09-12 23:05:03,MOCKLOAD
1003,2026-08-11,12,106,10dd77b97a4945e5a95c,503,1893.26,,,0,2026-09-12 23:05:03,MOCKLOAD
1003,2026-08-12,29,114,a4f6b62e842247e98ab5,503,542.12,,,0,2026-09-12 23:05:03,MOCKLOAD
1003,2026-08-13,20,109,b2e1f1265495451cbe6d,503,832.16,,,0,2026-09-12 23:05:03,MOCKLOAD
1003,2026-08-14,22,101,f7a8043cfdfc41aba8f7,503,1128.22,,,0,2026-09-12 23:05:03,MOCKLOAD
1003,2026-08-15,15,102,61c75664527a4b85b034,503,2568.91,,,0,2026-09-12 23:05:03,MOCKLOAD
1003,2026-08-16,19,108,c24acfd8f8084ad3bf89,503,101.44,,,0,2026-09-12 23:05:03,MOCKLOAD
1003,2026-08-17,19,112,3f9d765a035d49b88aa5,503,291.73,,,0,2026-09-12 23:05:03,MOCKLOAD
1003,2026-08-18,18,115,ddc07171c07b4dff81cb,503,569.86,,,0,2026-09-12 23:05:03,MOCKLOAD
1003,2026-08-19,13,108,15b39a3e84374a028958,503,1887.99,,,0,2026-09-12 23:05:03,MOCKLOAD
1003,2026-08-20,16,101,09fb13852a274c608c60,503,291.11,,,0,2026-09-12 23:05:03,MOCKLOAD
1003,2026-08-21,24,103,a682ca9f7b8e4ad49adf,503,445.85,,,0,2026-09-12 23:05:03,MOCKLOAD
1003,2026-08-22,28,101,d2e5ad7fff6d48f7bec5,503,294.06,,,0,2026-09-12 23:05:03,MOCKLOAD
1003,2026-08-23,19,103,a194513d853645ddb75b,503,378.95,,,0,2026-09-12 23:05:03,MOCKLOAD
1003,2026-08-24,23,108,e5639912298c4164bdbd,503,838.62,,,0,2026-09-12 23:05:03,MOCKLOAD
1003,2026-08-25,11,120,ce205f7149e64dc6bee8,503,361.88,,,0,2026-09-12 23:05:03,MOCKLOAD
1003,2026-08-26,22,108,d5737df799434b17b924,503,11.97,,,0,2026-09-12 23:05:03,MOCKLOAD
1003,2026-08-27,25,115,f9ee61d438c7460ea969,503,1081.83,,,0,2026-09-12 23:05:03,MOCKLOAD
1003,2026-08-28,23,105,327e3eecc4a04ba99523,503,451.89,,,0,2026-09-12 23:05:03,MOCKLOAD
1003,2026-08-29,28,114,127fd92cef404c4ca9dd,503,424.42,,,0,2026-09-12 23:05:03,MOCKLOAD
1003,2026-08-30,14,109,8fb62e3e560f43c78782,503,531.83,,,0,2026-09-12 23:05:03,MOCKLOAD
1003,2026-08-31,12,107,ee38b8f124754b71b420,503,91.79,,,0,2026-09-12 23:05:03,MOCKLOAD
1003,2026-09-01,28,102,11c10bf15826461792a9,503,529.86,,,0,2026-09-12 23:05:03,MOCKLOAD
1003,2026-09-02,25,109,91d67f8522324f11b0dc,503,296.61,,,0,2026-09-12 23:05:03,MOCKLOAD
1003,2026-09-03,19,118,99bc9815795b4a14b6ac,503,1539.12,,,0,2026-09-12 23:05:03,MOCKLOAD
1003,2026-09-04,21,102,878e4245f65d4acf9e78,503,288.35,,,0,2026-09-12 23:05:03,MOCKLOAD
1003,2026-09-05,13,113,3bd490e5633c45f6bc78,503,1643.93,,,0,2026-09-12 23:05:03,MOCKLOAD
1003,2026-09-06,14,114,08f00ef71b4c4b6cab26,503,1839.51,,,0,2026-09-12 23:05:03,MOCKLOAD
1003,2026-09-07,12,117,88221d0a026f4d0b8d32,503,234.16,,,0,2026-09-12 23:05:03,MOCKLOAD
1003,2026-09-08,13,101,38928955f3a6431797e3,503,396.8,,,0,2026-09-12 23:05:03,MOCKLOAD
1003,2026-09-09,23,111,b50c3d9e85e945148b77,503,2250.79,,,0,2026-09-12 23:05:03,MOCKLOAD
1003,2026-08-11,12,111,9275d36a2b3d46198a04,503,565,,,0,2026-09-12 23:05:03,MOCKLOAD
1003,2026-08-12,21,111,2b8a035672bb492b8868,503,577.81,,,0,2026-09-12 23:05:03,MOCKLOAD
1003,2026-08-13,11,104,a0baff53c4c94668982c,503,1977.2,,,0,2026-09-12 23:05:03,MOCKLOAD
1003,2026-08-14,15,113,0ceae42e89144f80ba6f,503,535.03,,,0,2026-09-12 23:05:03,MOCKLOAD
1003,2026-08-15,24,104,e4a0e52043a44b2f83ba,503,125.68,,,0,2026-09-12 23:05:03,MOCKLOAD
1003,2026-08-16,15,118,f362ae33552140729f1a,503,2234.92,,,0,2026-09-12 23:05:03,MOCKLOAD
1003,2026-08-17,18,106,721afe6d3258425aaff5,503,2416.28,,,0,2026-09-12 23:05:03,MOCKLOAD
1003,2026-08-18,13,113,5607d076e65f4c92b959,503,373.1,,,0,2026-09-12 23:05:03,MOCKLOAD
1003,2026-08-19,25,109,a949037eccad4d49afbf,503,1169.85,,,0,2026-09-12 23:05:03,MOCKLOAD
1003,2026-08-20,18,114,91fb3d6194014958912b,503,1331.21,,,0,2026-09-12 23:05:03,MOCKLOAD
1003,2026-08-21,20,109,eda37d56c6a94c97bd2d,503,492.72,,,0,2026-09-12 23:05:03,MOCKLOAD
1003,2026-08-22,28,107,fe0949ee40c5441ca501,503,1857.51,,,0,2026-09-12 23:05:03,MOCKLOAD
1003,2026-08-23,27,111,049a9358cd724ea590c8,503,1386.39,,,0,2026-09-12 23:05:03,MOCKLOAD
1003,2026-08-24,15,120,16420220c0a240b9abbc,503,1650.39,,,0,2026-09-12 23:05:03,MOCKLOAD
1003,2026-08-25,24,117,f4010aaa39ab49c6bd64,503,1942.04,,,0,2026-09-12 23:05:03,MOCKLOAD
1003,2026-08-26,26,102,39533ba49e694ca4966e,503,1550.96,,,0,2026-09-12 23:05:03,MOCKLOAD
1003,2026-08-27,28,118,f2674b21bb914709950a,503,39.19,,,0,2026-09-12 23:05:03,MOCKLOAD
1003,2026-08-28,22,120,f371550beadb481ebcdb,503,408.81,,,0,2026-09-12 23:05:03,MOCKLOAD
1003,2026-08-29,14,105,71ca8f2d35134e46be03,503,573.58,,,0,2026-09-12 23:05:03,MOCKLOAD
1003,2026-08-30,23,117,83257ef92f0a4f65a214,503,366.09,,,0,2026-09-12 23:05:03,MOCKLOAD
1003,2026-08-31,17,119,158cd2a919b14847b7f4,503,400.72,,,0,2026-09-12 23:05:03,MOCKLOAD
1003,2026-09-01,22,108,ab5b4598bd2c4764b344,503,569.15,,,0,2026-09-12 23:05:03,MOCKLOAD
1003,2026-09-02,14,105,a85d16b8fb524fb88389,503,2453.82,,,0,2026-09-12 23:05:03,MOCKLOAD
1003,2026-09-03,25,106,c574b8a750ee497f971a,503,935.18,,,0,2026-09-12 23:05:03,MOCKLOAD
1003,2026-09-04,20,105,659877fea8c24a38a383,503,322.6,,,0,2026-09-12 23:05:03,MOCKLOAD
1003,2026-09-05,21,105,d7c857c9541b40f6b7b6,503,2088.2,,,0,2026-09-12 23:05:03,MOCKLOAD
1003,2026-09-06,21,117,b518e5a48f3549ab9a71,503,55.53,,,0,2026-09-12 23:05:03,MOCKLOAD
1003,2026-09-07,18,104,8ba17c7eb6794e24851a,503,31.55,,,0,2026-09-12 23:05:03,MOCKLOAD
1003,2026-09-08,19,108,b1a9a5cd9c8947a4aa65,503,595.83,,,0,2026-09-12 23:05:03,MOCKLOAD
1003,2026-09-09,24,117,cd53a6d0c875415da276,503,255.37,,,0,2026-09-12 23:05:03,MOCKLOAD
1003,2026-08-11,19,118,b73c6114308e4aaba1a7,503,571.57,,,0,2026-09-12 23:05:03,MOCKLOAD
1003,2026-08-12,12,120,af069d8d9cb741898080,503,1106.67,,,0,2026-09-12 23:05:03,MOCKLOAD
1003,2026-08-13,18,102,da61af0ce22b44cd8e83,503,1157.86,,,0,2026-09-12 23:05:03,MOCKLOAD
1003,2026-08-14,16,107,e8603f7e120c4f91b911,503,706.11,,,0,2026-09-12 23:05:03,MOCKLOAD
1003,2026-08-15,17,109,ff9e433580ff4306ad03,503,235.52,,,0,2026-09-12 23:05:03,MOCKLOAD
1003,2026-08-16,12,107,6b3b09d06fd642159ee9,503,1031.05,,,0,2026-09-12 23:05:03,MOCKLOAD
1003,2026-08-17,10,110,104506307dd946099524,503,652.81,,,0,2026-09-12 23:05:03,MOCKLOAD
1003,2026-08-18,26,103,32a4784172a54d848bdd,503,352.86,,,0,2026-09-12 23:05:03,MOCKLOAD
1003,2026-08-19,17,109,8a0bd851e92f4de59f70,503,1509.52,,,0,2026-09-12 23:05:03,MOCKLOAD
1003,2026-08-20,20,119,1cdf766409474402b114,503,305.62,,,0,2026-09-12 23:05:03,MOCKLOAD
1003,2026-08-21,23,114,5c7679936102420f8d1f,503,738.05,,,0,2026-09-12 23:05:03,MOCKLOAD
1003,2026-08-22,16,107,2d3d06c150c7493abcaa,503,68.91,,,0,2026-09-12 23:05:03,MOCKLOAD
1003,2026-08-23,14,108,21752cdb36ca464d9405,503,340.83,,,0,2026-09-12 23:05:03,MOCKLOAD
1003,2026-08-24,26,108,f0bf7d64df5543aa95a3,503,1775.13,,,0,2026-09-12 23:05:03,MOCKLOAD
1003,2026-08-25,10,111,eff7efc3f58548ac9eab,503,208.79,,,0,2026-09-12 23:05:03,MOCKLOAD
1003,2026-08-26,28,114,85bddeeb1ecf458e94d3,503,39.03,,,0,2026-09-12 23:05:03,MOCKLOAD
1003,2026-08-27,20,104,8c7cae23ae5b43ceaca4,503,466.33,,,0,2026-09-12 23:05:03,MOCKLOAD
1003,2026-08-28,16,112,09d74b40f6344085983a,503,1709.8,,,0,2026-09-12 23:05:03,MOCKLOAD
1003,2026-08-29,14,112,3b2761543c2043f9bd5c,503,411.68,,,0,2026-09-12 23:05:03,MOCKLOAD
1003,2026-08-30,25,111,d0e8bebbe2ff4361bcb0,503,381.39,,,0,2026-09-12 23:05:03,MOCKLOAD
1003,2026-08-31,25,105,240ee25985a74de593de,503,131.18,,,0,2026-09-12 23:05:03,MOCKLOAD
1003,2026-09-01,10,101,94ea3781a5bd4edb9a73,503,136.42,,,0,2026-09-12 23:05:03,MOCKLOAD
1003,2026-09-02,12,118,50ad9d81f35449a78ae9,503,2030.65,,,0,2026-09-12 23:05:03,MOCKLOAD
1003,2026-09-03,22,111,65d09b95407f40ea860c,503,934.71,,,0,2026-09-12 23:05:03,MOCKLOAD
1003,2026-09-04,17,118,d9fe908a4e73404bb4fb,503,1238.8,,,0,2026-09-12 23:05:03,MOCKLOAD
1003,2026-09-05,13,111,5332fe76a8dc4fa89426,503,3062.22,,,0,2026-09-12 23:05:03,MOCKLOAD
1003,2026-09-06,29,106,23142fd4116b4c6994ae,503,1037.09,,,0,2026-09-12 23:05:03,MOCKLOAD
1003,2026-09-07,12,114,64e99833a45e45fc9cd6,503,364.27,,,0,2026-09-12 23:05:03,MOCKLOAD
1003,2026-09-08,19,106,31062ea06d1f4c28ad9a,503,858.63,,,0,2026-09-12 23:05:03,MOCKLOAD
1003,2026-09-09,15,117,4222888128a94ad7bb48,503,11.34,,,0,2026-09-12 23:05:03,MOCKLOAD
1003,2026-08-11,22,116,dc8cd447c1b943ddaa75,503,1113.31,,,0,2026-09-12 23:05:03,MOCKLOAD
1003,2026-08-12,12,102,899927fe4478438fb88c,503,596.95,,,0,2026-09-12 23:05:03,MOCKLOAD
1003,2026-08-13,13,116,c4f525de4a764e4f95fd,503,337.18,,,0,2026-09-12 23:05:03,MOCKLOAD
1003,2026-08-14,16,119,5ceb94457f204a55af23,503,699.14,,,0,2026-09-12 23:05:03,MOCKLOAD
1003,2026-08-15,16,113,8f229f11a0f3451bab56,503,1054.15,,,0,2026-09-12 23:05:03,MOCKLOAD
1003,2026-08-16,28,110,5247c001ce8b490497c0,503,113.94,,,0,2026-09-12 23:05:03,MOCKLOAD
1003,2026-08-17,16,115,7e24b078501e44aa925b,503,508.18,,,0,2026-09-12 23:05:03,MOCKLOAD
1003,2026-08-18,18,113,cb109a0223aa44d295d2,503,1455.7,,,0,2026-09-12 23:05:03,MOCKLOAD
1003,2026-08-19,19,116,95420b28960b4d1eacfd,503,691.18,,,0,2026-09-12 23:05:03,MOCKLOAD
1003,2026-08-20,22,110,d1d164077c794dcab46a,503,523.22,,,0,2026-09-12 23:05:03,MOCKLOAD
1003,2026-08-21,10,106,7a84cf08b02148a8a182,503,1167.27,,,0,2026-09-12 23:05:03,MOCKLOAD
1003,2026-08-22,21,118,57b626b5b92e4e29825d,503,540.69,,,0,2026-09-12 23:05:03,MOCKLOAD
1003,2026-08-23,11,110,760701666c4f41c3b969,503,54.05,,,0,2026-09-12 23:05:03,MOCKLOAD
1003,2026-08-24,16,116,5e99242de50d4633b61b,503,600.92,,,0,2026-09-12 23:05:03,MOCKLOAD
1003,2026-08-25,13,111,53d3385371814399b122,503,1741.39,,,0,2026-09-12 23:05:03,MOCKLOAD
1003,2026-08-26,25,114,7fe2dbed3de0433f98a8,503,448.98,,,0,2026-09-12 23:05:03,MOCKLOAD
1003,2026-08-27,12,112,b89fc7dba36d463eb124,503,1387.96,,,0,2026-09-12 23:05:03,MOCKLOAD
1003,2026-08-28,10,105,f1d96dd8beea41519d89,503,128.64,,,0,2026-09-12 23:05:03,MOCKLOAD
1003,2026-08-29,14,106,85afd7f84ec342ca82d0,503,1293.52,,,0,2026-09-12 23:05:03,MOCKLOAD
1003,2026-08-30,29,116,0c49f14e114343d7ae36,503,828.91,,,0,2026-09-12 23:05:03,MOCKLOAD
1003,2026-08-31,16,111,a6e22880cf6e4e13b91d,503,123.62,,,0,2026-09-12 23:05:03,MOCKLOAD
1003,2026-09-01,19,105,bb95a9cd18554dc0b1bd,503,212.39,,,0,2026-09-12 23:05:03,MOCKLOAD
1003,2026-09-02,11,110,d8d19d6baa874f339912,503,271.26,,,0,2026-09-12 23:05:03,MOCKLOAD
1003,2026-09-03,20,102,bbfc2c43c07943e188c3,503,1673.13,,,0,2026-09-12 23:05:03,MOCKLOAD
1003,2026-09-04,28,109,65b4cf2a8f2742bfa556,503,1172.8,,,0,2026-09-12 23:05:03,MOCKLOAD
1003,2026-09-05,22,102,a826e16915a944b28d4e,503,149.03,,,0,2026-09-12 23:05:03,MOCKLOAD
1003,2026-09-06,18,103,25614bfc51ea4d38a1f5,503,334.15,,,0,2026-09-12 23:05:03,MOCKLOAD
1003,2026-09-07,17,103,295c44840cb24ccc8be8,503,1383.13,,,0,2026-09-12 23:05:03,MOCKLOAD
1003,2026-09-08,21,102,9751191f5c7348598e2f,503,864.61,,,0,2026-09-12 23:05:03,MOCKLOAD
1003,2026-09-09,27,110,194231157fad4e349aeb,503,282.89,,,0,2026-09-12 23:05:03,MOCKLOAD
1003,2026-08-11,19,118,d732cc2e0f0747e2ae2a,503,2142.3,,,0,2026-09-12 23:05:03,MOCKLOAD
1003,2026-08-12,14,104,ea51699c9569418c9d7f,503,1133.11,,,0,2026-09-12 23:05:03,MOCKLOAD
1003,2026-08-13,29,103,b33f4856023d457abdc2,503,19.98,,,0,2026-09-12 23:05:03,MOCKLOAD
1003,2026-08-14,18,101,7c0c15c483b44525942f,503,88.44,,,0,2026-09-12 23:05:03,MOCKLOAD
1003,2026-08-15,16,102,80953c991f474e1bb39d,503,255.04,,,0,2026-09-12 23:05:03,MOCKLOAD
1003,2026-08-16,15,107,4fb30f403bc6444d8891,503,479.35,,,0,2026-09-12 23:05:03,MOCKLOAD
1003,2026-08-17,22,118,7948a6de721a401f8cd7,503,372.45,,,0,2026-09-12 23:05:03,MOCKLOAD
1003,2026-08-18,21,119,a2d04c31d16944ea965d,503,284.77,,,0,2026-09-12 23:05:03,MOCKLOAD
1003,2026-08-19,10,110,5f69bc949a9044c79525,503,325.28,,,0,2026-09-12 23:05:03,MOCKLOAD
1003,2026-08-20,14,103,2525b2aed0684f4cb8a6,503,526.12,,,0,2026-09-12 23:05:03,MOCKLOAD
1003,2026-08-21,21,110,3f172006e1c843bfbcdf,503,926.91,,,0,2026-09-12 23:05:03,MOCKLOAD
1003,2026-08-22,22,104,324154222d8d42b19da2,503,412.8,,,0,2026-09-12 23:05:03,MOCKLOAD
1003,2026-08-23,14,115,054944adf1bf40119c82,503,321.13,,,0,2026-09-12 23:05:03,MOCKLOAD
1003,2026-08-24,19,107,51c741bad4274584b49e,503,1017.08,,,0,2026-09-12 23:05:03,MOCKLOAD
1003,2026-08-25,23,119,94186e17fb4d4302852a,503,636.98,,,0,2026-09-12 23:05:03,MOCKLOAD
1003,2026-08-26,25,120,3b4f99bdc20c423a8cf8,503,917.88,,,0,2026-09-12 23:05:03,MOCKLOAD
1003,2026-08-27,23,102,6ea692a281d7488b8231,503,297.61,,,0,2026-09-12 23:05:03,MOCKLOAD
1003,2026-08-28,20,109,a96069e90d2146de9cad,503,2106.84,,,0,2026-09-12 23:05:03,MOCKLOAD
1003,2026-08-29,10,119,e5de01084eba475d8080,503,1858.62,,,0,2026-09-12 23:05:03,MOCKLOAD
1003,2026-08-30,13,118,3310fd6e02914c7b8e1e,503,667.09,,,0,2026-09-12 23:05:03,MOCKLOAD
1003,2026-08-31,22,105,70e85ed091234aea9910,503,1844.19,,,0,2026-09-12 23:05:03,MOCKLOAD
1003,2026-09-01,15,113,a25f79f466af4bc6a077,503,351.56,,,0,2026-09-12 23:05:03,MOCKLOAD
1003,2026-09-02,10,108,4416e90e14864faa86bb,503,2868.13,,,0,2026-09-12 23:05:03,MOCKLOAD
1003,2026-09-03,29,115,75ff52dc94214232b006,503,47.2,,,0,2026-09-12 23:05:03,MOCKLOAD
1003,2026-09-04,15,111,8a1c6f3a56104bf09598,503,7.59,,,0,2026-09-12 23:05:03,MOCKLOAD
1003,2026-09-05,26,110,fb60704f2d7b477ba23d,503,1645.9,,,0,2026-09-12 23:05:03,MOCKLOAD
1003,2026-09-06,13,102,0fd96e05da224343966e,503,668.93,,,0,2026-09-12 23:05:03,MOCKLOAD
1003,2026-09-07,25,107,d34151e622d549e28742,503,61.32,,,0,2026-09-12 23:05:03,MOCKLOAD
1003,2026-09-08,10,110,60d5a259af064a659d64,503,509.93,,,0,2026-09-12 23:05:03,MOCKLOAD
1003,2026-09-09,25,117,0c5715f8e08345dd8909,503,2450.25,,,0,2026-09-12 23:05:03,MOCKLOAD
1003,2026-08-11,14,118,7b620c33f6de407696ca,503,274.19,,,0,2026-09-12 23:05:03,MOCKLOAD
1003,2026-08-12,28,109,a0214082cd464e9192c7,503,1577.86,,,0,2026-09-12 23:05:03,MOCKLOAD
1003,2026-08-13,12,106,f4d51013443a46988faf,503,272.96,,,0,2026-09-12 23:05:03,MOCKLOAD
1003,2026-08-14,22,108,83841f5ee0c24694ade3,503,1032.42,,,0,2026-09-12 23:05:03,MOCKLOAD
1003,2026-08-15,14,107,5b382b08a20742acb1ce,503,26.29,,,0,2026-09-12 23:05:03,MOCKLOAD
1003,2026-08-16,25,103,1eb53337e73049ef97c7,503,1118.5,,,0,2026-09-12 23:05:03,MOCKLOAD
1003,2026-08-17,27,118,c6f315ad031840ce87f6,503,47.54,,,0,2026-09-12 23:05:03,MOCKLOAD
1003,2026-08-18,25,116,55229f05669546438e1b,503,981.35,,,0,2026-09-12 23:05:03,MOCKLOAD
1003,2026-08-19,28,107,9e247ee4ea554ed3b98f,503,583.2,,,0,2026-09-12 23:05:03,MOCKLOAD
1003,2026-08-20,17,118,36b7aec0f89044de9cd9,503,429.27,,,0,2026-09-12 23:05:03,MOCKLOAD
1003,2026-08-21,13,107,af3f4fc399f84f30932c,503,7.75,,,0,2026-09-12 23:05:03,MOCKLOAD
1003,2026-08-22,13,112,2224523589574da7b393,503,566.91,,,0,2026-09-12 23:05:03,MOCKLOAD
1003,2026-08-23,17,103,17f88b8137f54daaa0a0,503,76.52,,,0,2026-09-12 23:05:03,MOCKLOAD
1003,2026-08-24,21,113,db8865de4d714b48932f,503,736.2,,,0,2026-09-12 23:05:03,MOCKLOAD
1003,2026-08-25,15,120,8089658a54d241f29cb5,503,4.63,,,0,2026-09-12 23:05:03,MOCKLOAD
1003,2026-08-26,27,116,8ccb2fbb9dea4e04a05a,503,657.52,,,0,2026-09-12 23:05:03,MOCKLOAD
1003,2026-08-27,25,119,3e48ca7564f445b0a527,503,1568.1,,,0,2026-09-12 23:05:03,MOCKLOAD
1003,2026-08-28,26,104,555608408707476287e8,503,2408.79,,,0,2026-09-12 23:05:03,MOCKLOAD
1003,2026-08-29,28,106,6cce1577874c4fc9ab6d,503,132.27,,,0,2026-09-12 23:05:03,MOCKLOAD
1003,2026-08-30,27,116,8aac2af090c24deb84c9,503,110.12,,,0,2026-09-12 23:05:03,MOCKLOAD
1003,2026-08-31,21,102,16572cd9d94e4766bd1a,503,468.38,,,0,2026-09-12 23:05:03,MOCKLOAD
1003,2026-09-01,19,106,f6f91e2c35c24ed48bfd,503,546.54,,,0,2026-09-12 23:05:03,MOCKLOAD
1003,2026-09-02,15,115,b89d57d762984a899708,503,93.46,,,0,2026-09-12 23:05:03,MOCKLOAD
1003,2026-09-03,25,111,18841fa09a474203abd5,503,37.28,,,0,2026-09-12 23:05:03,MOCKLOAD
1003,2026-09-04,16,103,6ddfe939a6be44fbbf4c,503,1386.25,,,0,2026-09-12 23:05:03,MOCKLOAD
1003,2026-09-05,28,102,1cddf369a9664d4c8e97,503,361.11,,,0,2026-09-12 23:05:03,MOCKLOAD
1003,2026-09-06,17,116,f12b197a6a61485d88f0,503,250.99,,,0,2026-09-12 23:05:03,MOCKLOAD
1003,2026-09-07,14,116,f3f9e18babac474ca474,503,1755.08,,,0,2026-09-12 23:05:03,MOCKLOAD
1003,2026-09-08,15,112,31f3b8bff2314f32bca1,503,163.12,,,0,2026-09-12 23:05:03,MOCKLOAD
1003,2026-09-09,23,104,4fe2c6ba9387400db6a9,503,565.33,,,0,2026-09-12 23:05:03,MOCKLOAD
1003,2026-08-11,14,118,3475b8d46aa242298131,503,390.74,,,0,2026-09-12 23:05:03,MOCKLOAD
1003,2026-08-12,22,119,ff125d3ff2f7470588c6,503,1933.41,,,0,2026-09-12 23:05:03,MOCKLOAD
1003,2026-08-13,13,113,857b2abc79df4cfbaa83,503,1620.77,,,0,2026-09-12 23:05:03,MOCKLOAD
1003,2026-08-14,19,103,e3293d89c16b40038ccb,503,267.16,,,0,2026-09-12 23:05:03,MOCKLOAD
1003,2026-08-15,19,116,c4487991d6c14254a912,503,153.2,,,0,2026-09-12 23:05:03,MOCKLOAD
1003,2026-08-16,29,109,72f2c3dd788140a5b63a,503,295.77,,,0,2026-09-12 23:05:03,MOCKLOAD
1003,2026-08-17,19,119,84739c05067d4bfd9856,503,710.81,,,0,2026-09-12 23:05:03,MOCKLOAD
1003,2026-08-18,29,115,37e698748a174b399b04,503,1120.33,,,0,2026-09-12 23:05:03,MOCKLOAD
1003,2026-08-19,27,102,aa16d8c89e9846f48eaf,503,1304.86,,,0,2026-09-12 23:05:03,MOCKLOAD
1003,2026-08-20,18,101,be8091bce59a4cb199d3,503,154.51,,,0,2026-09-12 23:05:03,MOCKLOAD
1003,2026-08-21,27,106,fee9e142c2724a40b901,503,1035.44,,,0,2026-09-12 23:05:03,MOCKLOAD
1003,2026-08-22,23,101,5a73129639bb4d519338,503,1071.59,,,0,2026-09-12 23:05:03,MOCKLOAD
1003,2026-08-23,24,104,a0f402aa4a4e42429262,503,186.1,,,0,2026-09-12 23:05:03,MOCKLOAD
1003,2026-08-24,13,110,7892bb7db65243c1b141,503,222.19,,,0,2026-09-12 23:05:03,MOCKLOAD
1003,2026-08-25,20,103,f58c35f763984e18a620,503,796.85,,,0,2026-09-12 23:05:03,MOCKLOAD
1003,2026-08-26,13,112,ecb8d5cdc7ac4259aa67,503,551.91,,,0,2026-09-12 23:05:03,MOCKLOAD
1003,2026-08-27,10,108,bd341bc253924468bb9d,503,2734.99,,,0,2026-09-12 23:05:03,MOCKLOAD
1003,2026-08-28,14,111,fe0564a7be6949a0b041,503,623.82,,,0,2026-09-12 23:05:03,MOCKLOAD
1003,2026-08-29,19,107,2a5dd89f19454649b7d7,503,217.58,,,0,2026-09-12 23:05:03,MOCKLOAD
1003,2026-08-30,11,111,45b31394179e4b3382e7,503,437.75,,,0,2026-09-12 23:05:03,MOCKLOAD
1003,2026-08-31,24,102,1596af1ae3484d85a956,503,80.84,,,0,2026-09-12 23:05:03,MOCKLOAD
1003,2026-09-01,18,107,d1d268750aeb43429faf,503,1418.88,,,0,2026-09-12 23:05:03,MOCKLOAD
1003,2026-09-02,22,101,f796d1d1259544a393f3,503,241.73,,,0,2026-09-12 23:05:03,MOCKLOAD
1003,2026-09-03,24,116,b6a81262c5c74168a831,503,1443.39,,,0,2026-09-12 23:05:03,MOCKLOAD
1003,2026-09-04,25,104,77dfc7a499544bc8a8f7,503,583.96,,,0,2026-09-12 23:05:03,MOCKLOAD
1003,2026-09-05,28,112,2366ea7fc18e469f8a81,503,797.62,,,0,2026-09-12 23:05:03,MOCKLOAD
1003,2026-09-06,10,108,3aed24beef4248809e73,503,1023.65,,,0,2026-09-12 23:05:03,MOCKLOAD
1003,2026-09-07,20,109,3f0f5879a1124dc98e19,503,396.53,,,0,2026-09-12 23:05:03,MOCKLOAD
1003,2026-09-08,13,113,2f07687af763465c9b0f,503,1471.48,,,0,2026-09-12 23:05:03,MOCKLOAD
1003,2026-09-09,18,111,60678f19850846ccbf29,503,135,,,0,2026-09-12 23:05:03,MOCKLOAD
1003,2026-08-11,14,114,7e5583e33e9c4a36acde,503,766.51,,,0,2026-09-12 23:05:03,MOCKLOAD
1003,2026-08-12,18,104,f1565e29ebc346838754,503,19.69,,,0,2026-09-12 23:05:03,MOCKLOAD
1003,2026-08-13,24,109,a759d20bc72e42de8a40,503,50.44,,,0,2026-09-12 23:05:03,MOCKLOAD
1003,2026-08-14,25,103,b1e914b3fc5a467fb4f4,503,118.94,,,0,2026-09-12 23:05:03,MOCKLOAD
1003,2026-08-15,18,113,d0b67b91eb6547b0a0df,503,219.9,,,0,2026-09-12 23:05:03,MOCKLOAD
1003,2026-08-16,14,116,422acb69db644a589cc0,503,1185.05,,,0,2026-09-12 23:05:03,MOCKLOAD
1003,2026-08-17,12,114,8ea8771daef741d19e7b,503,756.38,,,0,2026-09-12 23:05:03,MOCKLOAD
1003,2026-08-18,26,108,e17cc84cd10e4ebcb431,503,361.12,,,0,2026-09-12 23:05:03,MOCKLOAD
1003,2026-08-19,24,101,fc1917a2348c4126aad7,503,816.1,,,0,2026-09-12 23:05:03,MOCKLOAD
1003,2026-08-20,18,105,5086f886787a42ad81df,503,1175.9,,,0,2026-09-12 23:05:03,MOCKLOAD
1003,2026-08-21,28,109,caaf732a765147169de2,503,162.2,,,0,2026-09-12 23:05:03,MOCKLOAD
1003,2026-08-22,20,108,08e008f25378476b8e57,503,824.75,,,0,2026-09-12 23:05:03,MOCKLOAD
1003,2026-08-23,19,108,00d7435527cd4906bdf6,503,946.09,,,0,2026-09-12 23:05:03,MOCKLOAD
1003,2026-08-24,21,109,ef9c7f43c2474c3ca50a,503,1453.89,,,0,2026-09-12 23:05:03,MOCKLOAD
1003,2026-08-25,22,108,d69a2ce41518457e9359,503,127.37,,,0,2026-09-12 23:05:03,MOCKLOAD
1003,2026-08-26,11,116,2bf8406881c549d3a6eb,503,234.41,,,0,2026-09-12 23:05:03,MOCKLOAD
1003,2026-08-27,17,107,9706a912246749af8d6a,503,117.2,,,0,2026-09-12 23:05:03,MOCKLOAD
1003,2026-08-28,19,106,a088ae92da1744268779,503,312.06,,,0,2026-09-12 23:05:03,MOCKLOAD
1003,2026-08-29,12,109,181376bddb73495ea895,503,1726.68,,,0,2026-09-12 23:05:03,MOCKLOAD
1003,2026-08-30,10,110,5c7b9e5432ab40a8a386,503,18.48,,,0,2026-09-12 23:05:03,MOCKLOAD
1003,2026-08-31,25,114,fd7669738a224c9596f2,503,2378.94,,,0,2026-09-12 23:05:03,MOCKLOAD
1003,2026-09-01,22,113,2882ec62c0364bc797cf,503,132.04,,,0,2026-09-12 23:05:03,MOCKLOAD
1003,2026-09-02,12,101,bc306d2959e0446ba063,503,266.03,,,0,2026-09-12 23:05:03,MOCKLOAD
1003,2026-09-03,23,113,930be691605c4b34bdfe,503,695.69,,,0,2026-09-12 23:05:03,MOCKLOAD
1003,2026-09-04,26,114,bc4895f647c24f49a5a5,503,658.81,,,0,2026-09-12 23:05:03,MOCKLOAD
1003,2026-09-05,14,119,fb6d502c7c7d4744acdd,503,410.29,,,0,2026-09-12 23:05:03,MOCKLOAD
1003,2026-09-06,28,106,448fde19507e4d75b8b8,503,2349.81,,,0,2026-09-12 23:05:03,MOCKLOAD
1003,2026-09-07,13,119,ff9a4e0859684255b7bd,503,1772.46,,,0,2026-09-12 23:05:03,MOCKLOAD
1003,2026-09-08,17,109,9ea6b1dc5d854432a120,503,1387.63,,,0,2026-09-12 23:05:03,MOCKLOAD
1003,2026-09-09,21,116,edcd846ec125487eacd4,503,174.25,,,0,2026-09-12 23:05:03,MOCKLOAD
1003,2026-08-11,14,106,601a8db073e94cc89a9e,503,1059.55,,,0,2026-09-12 23:05:03,MOCKLOAD
1003,2026-08-12,14,120,8bb2f23b8b834abe9a4c,503,2356.2,,,0,2026-09-12 23:05:03,MOCKLOAD
1003,2026-08-13,11,109,2b2362609d3e4e269473,503,1122.84,,,0,2026-09-12 23:05:03,MOCKLOAD
1003,2026-08-14,21,111,bd25d7d71adf4f3a9478,503,2010.49,,,0,2026-09-12 23:05:03,MOCKLOAD
1003,2026-08-15,29,112,753ab08fd3cc4b8ba678,503,2700.3,,,0,2026-09-12 23:05:03,MOCKLOAD
1003,2026-08-16,25,114,209f6456932c4ff18acb,503,244.17,,,0,2026-09-12 23:05:03,MOCKLOAD
1003,2026-08-17,19,110,487ac0894bfd4f7c9745,503,2050.68,,,0,2026-09-12 23:05:03,MOCKLOAD
1003,2026-08-18,25,118,daa1d4b4f9e044b8b748,503,638.49,,,0,2026-09-12 23:05:03,MOCKLOAD
1003,2026-08-19,17,105,dcab6ff5e7dd45c392de,503,122.2,,,0,2026-09-12 23:05:03,MOCKLOAD
1003,2026-08-20,13,105,62d967f215d94188a2f6,503,690.31,,,0,2026-09-12 23:05:03,MOCKLOAD
1003,2026-08-21,29,103,86941f3eef1b4437a3f7,503,207.92,,,0,2026-09-12 23:05:03,MOCKLOAD
1003,2026-08-22,22,104,233b28db10af4ea791bb,503,53.6,,,0,2026-09-12 23:05:03,MOCKLOAD
1003,2026-08-23,16,116,d88b4c7334bc4e4cb7f4,503,395.39,,,0,2026-09-12 23:05:03,MOCKLOAD
1003,2026-08-24,19,112,a12474c77e214f10ad04,503,1637.8,,,0,2026-09-12 23:05:03,MOCKLOAD
1003,2026-08-25,15,110,2dd0ba51e5f742af85ef,503,87.18,,,0,2026-09-12 23:05:03,MOCKLOAD
1003,2026-08-26,23,103,08a4f2c0e253437aa5d8,503,357.2,,,0,2026-09-12 23:05:03,MOCKLOAD
1003,2026-08-27,21,104,6c955e7a348544f083a8,503,2874.57,,,0,2026-09-12 23:05:03,MOCKLOAD
1003,2026-08-28,26,113,d16316fc06844c888658,503,810.05,,,0,2026-09-12 23:05:03,MOCKLOAD
1003,2026-08-29,20,115,44889ea0988c4f93ad0c,503,202.23,,,0,2026-09-12 23:05:03,MOCKLOAD
1003,2026-08-30,10,106,bad48a3530304d4c8ecb,503,729.71,,,0,2026-09-12 23:05:03,MOCKLOAD
1003,2026-08-31,12,102,da32f5f0851845318123,503,1209.22,,,0,2026-09-12 23:05:03,MOCKLOAD
1003,2026-09-01,18,107,e22cca450477401996d6,503,240.67,,,0,2026-09-12 23:05:03,MOCKLOAD
1003,2026-09-02,16,103,8bc4fbc054814568ad6c,503,81,,,0,2026-09-12 23:05:03,MOCKLOAD
1003,2026-09-03,20,111,82133a258aa44cfcb86f,503,1740.04,,,0,2026-09-12 23:05:03,MOCKLOAD
1003,2026-09-04,23,118,22d9d68927da432aa17b,503,282.41,,,0,2026-09-12 23:05:03,MOCKLOAD
1003,2026-09-05,11,119,f26f6719bfc94ad29955,503,971.69,,,0,2026-09-12 23:05:03,MOCKLOAD
1003,2026-09-06,24,117,311372366b1f49e7b48d,503,1412.46,,,0,2026-09-12 23:05:03,MOCKLOAD
1003,2026-09-07,21,108,455ea84f62984eb2af25,503,827.35,,,0,2026-09-12 23:05:03,MOCKLOAD
1003,2026-09-08,23,116,07e878978c00457c8a2f,503,1252.45,,,0,2026-09-12 23:05:03,MOCKLOAD
1003,2026-09-09,24,103,eaf6291ce7a84230b30c,503,3.47,,,0,2026-09-12 23:05:03,MOCKLOAD
1004,2026-08-11,15,115,e16c16881a894f389ad5,504,2234.64,,,0,2026-09-12 23:05:03,MOCKLOAD
1004,2026-08-12,18,111,b6b1e63d84914917a614,504,137.59,,,0,2026-09-12 23:05:03,MOCKLOAD
1004,2026-08-13,12,116,62d3e354a5e94d32a8dc,504,259.01,,,0,2026-09-12 23:05:03,MOCKLOAD
1004,2026-08-14,27,106,636e1b9a87364322915a,504,1026.32,,,0,2026-09-12 23:05:03,MOCKLOAD
1004,2026-08-15,24,115,45880f28a82349018b9c,504,418.71,,,0,2026-09-12 23:05:03,MOCKLOAD
1004,2026-08-16,11,107,912c2f4302c148aab2f3,504,574.35,,,0,2026-09-12 23:05:03,MOCKLOAD
1004,2026-08-17,28,114,0ffb98ec0d7c47289765,504,2626.44,,,0,2026-09-12 23:05:03,MOCKLOAD
1004,2026-08-18,11,105,92aa0d811f8542e39987,504,4562.41,,,0,2026-09-12 23:05:03,MOCKLOAD
1004,2026-08-19,25,112,c67be98b4e1d407db815,504,3311.52,,,0,2026-09-12 23:05:03,MOCKLOAD
1004,2026-08-20,23,112,9110b9d16f244b5f8de2,504,701.82,,,0,2026-09-12 23:05:03,MOCKLOAD
1004,2026-08-21,15,120,d6a24a72358443469685,504,3995.23,,,0,2026-09-12 23:05:03,MOCKLOAD
1004,2026-08-22,20,115,80cf30c34d9d4a8a8f19,504,4163.33,,,0,2026-09-12 23:05:03,MOCKLOAD
1004,2026-08-23,13,102,d2cc4623c5fa41688d7f,504,2982.22,,,0,2026-09-12 23:05:03,MOCKLOAD
1004,2026-08-24,23,120,a5a24ee1f2bd4422ad07,504,3601.01,,,0,2026-09-12 23:05:03,MOCKLOAD
1004,2026-08-25,19,120,aa1e9a761e114b8aac1f,504,1952.32,,,0,2026-09-12 23:05:03,MOCKLOAD
1004,2026-08-26,23,104,a0e15c8f381b4a508e82,504,911.72,,,0,2026-09-12 23:05:03,MOCKLOAD
1004,2026-08-27,11,105,322a5dc136404c68a860,504,2920.17,,,0,2026-09-12 23:05:03,MOCKLOAD
1004,2026-08-28,20,107,d05e540add6143869443,504,3615.88,,,0,2026-09-12 23:05:03,MOCKLOAD
1004,2026-08-29,13,113,84a6c49c25bb49729bb3,504,28.26,,,0,2026-09-12 23:05:03,MOCKLOAD
1004,2026-08-30,17,108,74080660863c43b4a82e,504,4587.85,,,0,2026-09-12 23:05:03,MOCKLOAD
1004,2026-08-31,29,107,720b2f5ed70e47ac8092,504,3167.08,,,0,2026-09-12 23:05:03,MOCKLOAD
1004,2026-09-01,28,120,c1a51e218b9b4a369dd9,504,1288.09,,,0,2026-09-12 23:05:03,MOCKLOAD
1004,2026-09-02,12,109,ec7cc1565d3f47edb625,504,2043.14,,,0,2026-09-12 23:05:03,MOCKLOAD
1004,2026-09-03,29,104,ea4cbdaf33f7455fa4e0,504,1398.02,,,0,2026-09-12 23:05:03,MOCKLOAD
1004,2026-09-04,21,107,0eab12bfa28f4215a09e,504,1631.97,,,0,2026-09-12 23:05:03,MOCKLOAD
1004,2026-09-05,16,111,8a82b8920f284805a78f,504,2566.87,,,0,2026-09-12 23:05:03,MOCKLOAD
1004,2026-09-06,17,102,1144719da65d495db1bd,504,69.67,,,0,2026-09-12 23:05:03,MOCKLOAD
1004,2026-09-07,21,114,740204929bee4b41a49b,504,2275.62,,,0,2026-09-12 23:05:03,MOCKLOAD
1004,2026-09-08,10,118,e3949d93771a4520adf4,504,4293.75,,,0,2026-09-12 23:05:03,MOCKLOAD
1004,2026-09-09,23,111,bf166eab00c4427e8353,504,89.9,,,0,2026-09-12 23:05:03,MOCKLOAD
1004,2026-08-11,27,115,458ff0145b604f7ab4c1,504,303.61,,,0,2026-09-12 23:05:03,MOCKLOAD
1004,2026-08-12,10,108,2bba8e8e29a247ac8a14,504,787.28,,,0,2026-09-12 23:05:03,MOCKLOAD
1004,2026-08-13,19,102,62c085a299c84743acc6,504,633.57,,,0,2026-09-12 23:05:03,MOCKLOAD
1004,2026-08-14,14,119,ea717d18360e4d17b391,504,1209.01,,,0,2026-09-12 23:05:03,MOCKLOAD
1004,2026-08-15,24,109,2c9aee2270e047dba98a,504,2382.12,,,0,2026-09-12 23:05:03,MOCKLOAD
1004,2026-08-16,19,118,af39061912be499fb76d,504,5108.41,,,0,2026-09-12 23:05:03,MOCKLOAD
1004,2026-08-17,25,120,546b84a2cc19468bb2a6,504,1051.07,,,0,2026-09-12 23:05:03,MOCKLOAD
1004,2026-08-18,15,111,8d62d486018a4866aabc,504,1260.22,,,0,2026-09-12 23:05:03,MOCKLOAD
1004,2026-08-19,28,118,b81269358fbd4b2dad55,504,664.35,,,0,2026-09-12 23:05:03,MOCKLOAD
1004,2026-08-20,19,105,3dbc5ecea195482ca16f,504,5021.11,,,0,2026-09-12 23:05:03,MOCKLOAD
1004,2026-08-21,14,102,db6fda7ab86a481cafff,504,3242.21,,,0,2026-09-12 23:05:03,MOCKLOAD
1004,2026-08-22,26,105,1788bf3f55eb43f19b29,504,6068.53,,,0,2026-09-12 23:05:03,MOCKLOAD
1004,2026-08-23,29,116,6f98b669fa2d466b9b4a,504,60.84,,,0,2026-09-12 23:05:03,MOCKLOAD
1004,2026-08-24,26,102,f3ccce538f284ce09e7b,504,3531.04,,,0,2026-09-12 23:05:03,MOCKLOAD
1004,2026-08-25,12,119,d7ae85cf18d044188629,504,280.48,,,0,2026-09-12 23:05:03,MOCKLOAD
1004,2026-08-26,22,105,052b809667f44ad3b86c,504,132.37,,,0,2026-09-12 23:05:03,MOCKLOAD
1004,2026-08-27,23,110,28918a74c80b4654a7af,504,756.89,,,0,2026-09-12 23:05:03,MOCKLOAD
1004,2026-08-28,28,117,7d1d1c54377445439981,504,4276.75,,,0,2026-09-12 23:05:03,MOCKLOAD
1004,2026-08-29,23,106,3e578d8f28b2460794a8,504,3171.17,,,0,2026-09-12 23:05:03,MOCKLOAD
1004,2026-08-30,26,105,89fdfd72c05a4ddcbb78,504,487.58,,,0,2026-09-12 23:05:03,MOCKLOAD
1004,2026-08-31,11,103,88e4986035664eee8695,504,371.32,,,0,2026-09-12 23:05:03,MOCKLOAD
1004,2026-09-01,21,116,0d1bd6d3adea4f2da169,504,341.87,,,0,2026-09-12 23:05:03,MOCKLOAD
1004,2026-09-02,17,119,d5ee4c365982457dbe0c,504,3050.98,,,0,2026-09-12 23:05:03,MOCKLOAD
1004,2026-09-03,15,105,301bb233cbc541788219,504,2459.49,,,0,2026-09-12 23:05:03,MOCKLOAD
1004,2026-09-04,21,119,c99b159854b040d9ac5c,504,1928.71,,,0,2026-09-12 23:05:03,MOCKLOAD
1004,2026-09-05,28,106,fbf1bdcdb27f4aa9824a,504,230.75,,,0,2026-09-12 23:05:03,MOCKLOAD
1004,2026-09-06,25,120,60aecdc83df54bcb9e99,504,1832.99,,,0,2026-09-12 23:05:03,MOCKLOAD
1004,2026-09-07,12,114,283dd2bcdd5244d3a930,504,1055.55,,,0,2026-09-12 23:05:03,MOCKLOAD
1004,2026-09-08,12,106,7ce81eeb85ae400799df,504,2646.39,,,0,2026-09-12 23:05:03,MOCKLOAD
1004,2026-09-09,24,110,b8d1ea3de9184c6daa7c,504,3393.96,,,0,2026-09-12 23:05:03,MOCKLOAD
1004,2026-08-11,29,107,e8917b1d066c4ab4aa88,504,884.61,,,0,2026-09-12 23:05:03,MOCKLOAD
1004,2026-08-12,20,104,58acfdbee890431bbfcf,504,1379.35,,,0,2026-09-12 23:05:03,MOCKLOAD
1004,2026-08-13,23,113,123424ba67de4a9db5e5,504,1026.63,,,0,2026-09-12 23:05:03,MOCKLOAD
1004,2026-08-14,11,108,057c617b6424427ca872,504,1283.92,,,0,2026-09-12 23:05:03,MOCKLOAD
1004,2026-08-15,13,106,d1b4eb23143b4513b1cf,504,956.07,,,0,2026-09-12 23:05:03,MOCKLOAD
1004,2026-08-16,28,106,016c07b08bfd4d359e1e,504,4307.65,,,0,2026-09-12 23:05:03,MOCKLOAD
1004,2026-08-17,17,109,aa71f0e2437046489cb9,504,4904.43,,,0,2026-09-12 23:05:03,MOCKLOAD
1004,2026-08-18,17,118,6904bf803cd44c5b9285,504,1493.05,,,0,2026-09-12 23:05:03,MOCKLOAD
1004,2026-08-19,21,120,b869889045dd47f49a6b,504,2532.26,,,0,2026-09-12 23:05:03,MOCKLOAD
1004,2026-08-20,13,113,aa4471dff0144c35aaa2,504,1011.98,,,0,2026-09-12 23:05:03,MOCKLOAD
1004,2026-08-21,27,103,9e5bd2b1150f44e782e6,504,1093.8,,,0,2026-09-12 23:05:03,MOCKLOAD
1004,2026-08-22,15,107,421dd551ab50462c87ff,504,2548.57,,,0,2026-09-12 23:05:03,MOCKLOAD
1004,2026-08-23,28,103,b8209e02af2c43cd9b3e,504,3330.47,,,0,2026-09-12 23:05:03,MOCKLOAD
1004,2026-08-24,27,118,1ac9f179fb3a46a29ec6,504,812.19,,,0,2026-09-12 23:05:03,MOCKLOAD
1004,2026-08-25,20,112,adc36985c2714756ba4a,504,795.02,,,0,2026-09-12 23:05:03,MOCKLOAD
1004,2026-08-26,11,118,021e306be83d44e58958,504,3968.74,,,0,2026-09-12 23:05:03,MOCKLOAD
1004,2026-08-27,26,108,ffa0d67607a74a16b6ac,504,2186.5,,,0,2026-09-12 23:05:03,MOCKLOAD
1004,2026-08-28,16,108,5f4f090f1fe24ccda39c,504,99.53,,,0,2026-09-12 23:05:03,MOCKLOAD
1004,2026-08-29,19,114,1a04bd72f3744bd780bb,504,2110.29,,,0,2026-09-12 23:05:03,MOCKLOAD
1004,2026-08-30,26,117,548dde499f0b4aebb5fc,504,1808.05,,,0,2026-09-12 23:05:03,MOCKLOAD
1004,2026-08-31,15,116,45e7bce5c25f47608f70,504,4313.82,,,0,2026-09-12 23:05:03,MOCKLOAD
1004,2026-09-01,15,110,a92c0bc5819344efa225,504,2151.26,,,0,2026-09-12 23:05:03,MOCKLOAD
1004,2026-09-02,21,109,8bab5467d17d4d868ce4,504,1938.48,,,0,2026-09-12 23:05:03,MOCKLOAD
1004,2026-09-03,17,109,a9d1da7e1a9d4dd58f18,504,486.74,,,0,2026-09-12 23:05:03,MOCKLOAD
1004,2026-09-04,14,115,be72f7a05b944616872d,504,1231.17,,,0,2026-09-12 23:05:03,MOCKLOAD
1004,2026-09-05,13,106,8e90d0192a22453ba13e,504,510.79,,,0,2026-09-12 23:05:03,MOCKLOAD
1004,2026-09-06,13,120,1ad1150df89c4f42a79b,504,1299.18,,,0,2026-09-12 23:05:03,MOCKLOAD
1004,2026-09-07,10,117,2e5bd751082d4a7eb235,504,4402.5,,,0,2026-09-12 23:05:03,MOCKLOAD
1004,2026-09-08,22,118,9c90b3ebf1564b31911e,504,293.35,,,0,2026-09-12 23:05:03,MOCKLOAD
1004,2026-09-09,16,109,696efe1ec85d4bfc8b39,504,491.74,,,0,2026-09-12 23:05:03,MOCKLOAD
1004,2026-08-11,18,103,9f6c9d233c094f8b8933,504,1656.38,,,0,2026-09-12 23:05:03,MOCKLOAD
1004,2026-08-12,11,105,ee687462683546bb9508,504,242,,,0,2026-09-12 23:05:03,MOCKLOAD
1004,2026-08-13,19,117,800ae5a098d448099c46,504,2174.95,,,0,2026-09-12 23:05:03,MOCKLOAD
1004,2026-08-14,13,115,22a24e240d76485ba23c,504,136,,,0,2026-09-12 23:05:03,MOCKLOAD
1004,2026-08-15,23,113,a5746e069940420bacb0,504,1601.97,,,0,2026-09-12 23:05:03,MOCKLOAD
1004,2026-08-16,12,109,e93340add4204b349c8d,504,6527.64,,,0,2026-09-12 23:05:03,MOCKLOAD
1004,2026-08-17,29,109,0df8b309fb0242bb8c82,504,740.17,,,0,2026-09-12 23:05:03,MOCKLOAD
1004,2026-08-18,25,108,0521fcc0a10448aca117,504,3136.29,,,0,2026-09-12 23:05:03,MOCKLOAD
1004,2026-08-19,20,114,0a18a6b7e9e549aba403,504,823.6,,,0,2026-09-12 23:05:03,MOCKLOAD
1004,2026-08-20,11,102,cffad83765374a9d8b2d,504,2149.02,,,0,2026-09-12 23:05:03,MOCKLOAD
1004,2026-08-21,27,110,902d7bd0c43d4423bd75,504,380.01,,,0,2026-09-12 23:05:03,MOCKLOAD
1004,2026-08-22,12,102,5aacb31249bb4a9d8b5f,504,5061.41,,,0,2026-09-12 23:05:03,MOCKLOAD
1004,2026-08-23,23,111,dda6871086524c4389ed,504,1876.45,,,0,2026-09-12 23:05:03,MOCKLOAD
1004,2026-08-24,13,110,a073434a4cae4629b162,504,621.59,,,0,2026-09-12 23:05:03,MOCKLOAD
1004,2026-08-25,29,111,7ea2f55922614124b57c,504,400.49,,,0,2026-09-12 23:05:03,MOCKLOAD
1004,2026-08-26,27,105,924632a87afd43028f18,504,5193.2,,,0,2026-09-12 23:05:03,MOCKLOAD
1004,2026-08-27,18,111,557b44b0d18141c79bf3,504,713.16,,,0,2026-09-12 23:05:03,MOCKLOAD
1004,2026-08-28,11,103,d369aab1befa4d7383b9,504,2272.91,,,0,2026-09-12 23:05:03,MOCKLOAD
1004,2026-08-29,26,115,c451699225f8426b940c,504,583.65,,,0,2026-09-12 23:05:03,MOCKLOAD
1004,2026-08-30,12,110,3b4f9e6a1dbd41d5a1c2,504,506.2,,,0,2026-09-12 23:05:03,MOCKLOAD
1004,2026-08-31,25,105,927c56640c1a4e74ad03,504,957.28,,,0,2026-09-12 23:05:03,MOCKLOAD
1004,2026-09-01,17,117,e7f7c486f0e74d4f9010,504,2197.58,,,0,2026-09-12 23:05:03,MOCKLOAD
1004,2026-09-02,29,103,ea902020d7de47918563,504,539.94,,,0,2026-09-12 23:05:03,MOCKLOAD
1004,2026-09-03,28,108,ba1caa04fe8848d69f8a,504,5153.32,,,0,2026-09-12 23:05:03,MOCKLOAD
1004,2026-09-04,19,115,8ea1ef2829cd4cfc9f67,504,1214.28,,,0,2026-09-12 23:05:03,MOCKLOAD
1004,2026-09-05,21,107,8409943d986944be8330,504,283.45,,,0,2026-09-12 23:05:03,MOCKLOAD
1004,2026-09-06,25,118,3ec58444688c4dd0a38f,504,998,,,0,2026-09-12 23:05:03,MOCKLOAD
1004,2026-09-07,22,117,4486adc6ceab45cda97b,504,302.91,,,0,2026-09-12 23:05:03,MOCKLOAD
1004,2026-09-08,24,102,ba1c0e99d285477db6bc,504,5338.19,,,0,2026-09-12 23:05:03,MOCKLOAD
1004,2026-09-09,10,103,122842c6428e4389aea4,504,293.72,,,0,2026-09-12 23:05:03,MOCKLOAD
1004,2026-08-11,22,114,93bc83c4e16b44778b7c,504,3347.12,,,0,2026-09-12 23:05:03,MOCKLOAD
1004,2026-08-12,14,109,defe2e3a9fea40ff93ed,504,254.35,,,0,2026-09-12 23:05:03,MOCKLOAD
1004,2026-08-13,26,115,4c40b5687a6b431888d5,504,824.66,,,0,2026-09-12 23:05:03,MOCKLOAD
1004,2026-08-14,20,120,804c86edb21844abb5fd,504,195.95,,,0,2026-09-12 23:05:03,MOCKLOAD
1004,2026-08-15,26,119,d90bce050c3241808639,504,54.61,,,0,2026-09-12 23:05:03,MOCKLOAD
1004,2026-08-16,25,101,a85267c52ce741108610,504,248.62,,,0,2026-09-12 23:05:03,MOCKLOAD
1004,2026-08-17,25,104,fa679d7b470441e0b148,504,3531,,,0,2026-09-12 23:05:03,MOCKLOAD
1004,2026-08-18,29,113,154dc41039aa421ebeb6,504,1011.9,,,0,2026-09-12 23:05:03,MOCKLOAD
1004,2026-08-19,15,108,8bd6224b726c43209c8b,504,4878.31,,,0,2026-09-12 23:05:03,MOCKLOAD
1004,2026-08-20,14,120,685cfe2103184f04b7b7,504,717.34,,,0,2026-09-12 23:05:03,MOCKLOAD
1004,2026-08-21,10,106,0a27b7eb42214abb86b9,504,2968.2,,,0,2026-09-12 23:05:03,MOCKLOAD
1004,2026-08-22,16,101,45f81b30371b45cbb549,504,2358.04,,,0,2026-09-12 23:05:03,MOCKLOAD
1004,2026-08-23,10,104,f41d7c39917c4b59b2b4,504,1504.34,,,0,2026-09-12 23:05:03,MOCKLOAD
1004,2026-08-24,27,114,d887261c377a44c88125,504,464.97,,,0,2026-09-12 23:05:03,MOCKLOAD
1004,2026-08-25,12,104,bebe58371c4f4b21ba16,504,263.22,,,0,2026-09-12 23:05:03,MOCKLOAD
1004,2026-08-26,29,119,cd9b959458a64a0eaef1,504,885.68,,,0,2026-09-12 23:05:03,MOCKLOAD
1004,2026-08-27,23,103,955d0b651dc34d869b35,504,3535.85,,,0,2026-09-12 23:05:03,MOCKLOAD
1004,2026-08-28,17,110,df1b3fe3349840ba9767,504,1915.7,,,0,2026-09-12 23:05:03,MOCKLOAD
1004,2026-08-29,15,110,6ea620ae646441e2b8f7,504,70.29,,,0,2026-09-12 23:05:03,MOCKLOAD
1004,2026-08-30,10,110,6d18c28e38334d4e9c4c,504,537.22,,,0,2026-09-12 23:05:03,MOCKLOAD
1004,2026-08-31,24,110,cc5f55b0ce87432cac00,504,1828.58,,,0,2026-09-12 23:05:03,MOCKLOAD
1004,2026-09-01,20,103,3c63f1eba9034596a12f,504,275.63,,,0,2026-09-12 23:05:03,MOCKLOAD
1004,2026-09-02,21,103,c4473f28ded043dea0c8,504,99.31,,,0,2026-09-12 23:05:03,MOCKLOAD
1004,2026-09-03,15,119,30687a46e8174b25b527,504,1537.88,,,0,2026-09-12 23:05:03,MOCKLOAD
1004,2026-09-04,18,116,473d11d3223b4916a73f,504,528.23,,,0,2026-09-12 23:05:03,MOCKLOAD
1004,2026-09-05,18,109,c978b68fab8049028aba,504,3435.85,,,0,2026-09-12 23:05:03,MOCKLOAD
1004,2026-09-06,16,108,74d57bb8d3d545caac9d,504,534.55,,,0,2026-09-12 23:05:03,MOCKLOAD
1004,2026-09-07,23,120,9e97af09016940df9957,504,2244.91,,,0,2026-09-12 23:05:03,MOCKLOAD
1004,2026-09-08,28,103,708b31d36c5f4914ab01,504,111.64,,,0,2026-09-12 23:05:03,MOCKLOAD
1004,2026-09-09,26,112,34e177883730484f8d92,504,2030.22,,,0,2026-09-12 23:05:03,MOCKLOAD
1004,2026-08-11,24,101,a4a9227598104280a244,504,2381.88,,,0,2026-09-12 23:05:03,MOCKLOAD
1004,2026-08-12,26,119,0d3ed6e1af434dfe9cd5,504,189.78,,,0,2026-09-12 23:05:03,MOCKLOAD
1004,2026-08-13,21,109,a6a95764a4a547f28b5d,504,2062.02,,,0,2026-09-12 23:05:03,MOCKLOAD
1004,2026-08-14,28,106,d74baa0acc5b42379ebe,504,455.84,,,0,2026-09-12 23:05:03,MOCKLOAD
1004,2026-08-15,18,120,4091594b24854e0fb0d2,504,5811.89,,,0,2026-09-12 23:05:03,MOCKLOAD
1004,2026-08-16,27,112,5256e61a11654d36b3c4,504,3035.69,,,0,2026-09-12 23:05:03,MOCKLOAD
1004,2026-08-17,15,117,d380341e88f04ac494ee,504,2526.05,,,0,2026-09-12 23:05:03,MOCKLOAD
1004,2026-08-18,28,119,70db74ba9b564f5d8268,504,2274.4,,,0,2026-09-12 23:05:03,MOCKLOAD
1004,2026-08-19,18,119,a1411036b06e4b8abea5,504,1199.26,,,0,2026-09-12 23:05:03,MOCKLOAD
1004,2026-08-20,19,115,4cf4ca066e0d43639bb5,504,2593.13,,,0,2026-09-12 23:05:03,MOCKLOAD
1004,2026-08-21,22,103,43547cbe18d24a1999c3,504,828.44,,,0,2026-09-12 23:05:03,MOCKLOAD
1004,2026-08-22,23,112,36b4275f9b294abdadb6,504,277.95,,,0,2026-09-12 23:05:03,MOCKLOAD
1004,2026-08-23,13,109,a42ad60fcc6041e08d53,504,3631.53,,,0,2026-09-12 23:05:03,MOCKLOAD
1004,2026-08-24,17,101,61356f09259041e98e3f,504,2965.41,,,0,2026-09-12 23:05:03,MOCKLOAD
1004,2026-08-25,18,101,4f29d4c6519c45fdb21d,504,397.48,,,0,2026-09-12 23:05:03,MOCKLOAD
1004,2026-08-26,14,115,721712bd598145a3a9b9,504,9.36,,,0,2026-09-12 23:05:03,MOCKLOAD
1004,2026-08-27,29,110,8276df9d259d494e96a9,504,1008.19,,,0,2026-09-12 23:05:03,MOCKLOAD
1004,2026-08-28,14,103,c37d8a31a2c9459ba8e8,504,377.84,,,0,2026-09-12 23:05:03,MOCKLOAD
1004,2026-08-29,18,108,efc86ccd0e594a8d8d44,504,3322.79,,,0,2026-09-12 23:05:03,MOCKLOAD
1004,2026-08-30,15,119,a64ecc93b110496aa58a,504,2501.09,,,0,2026-09-12 23:05:03,MOCKLOAD
1004,2026-08-31,29,105,4ca5a6581424457c8285,504,2810.23,,,0,2026-09-12 23:05:03,MOCKLOAD
1004,2026-09-01,24,109,941a5a38f8e1458da0ae,504,2122.91,,,0,2026-09-12 23:05:03,MOCKLOAD
1004,2026-09-02,12,109,9e63ee2f85b248a48db5,504,3472.61,,,0,2026-09-12 23:05:03,MOCKLOAD
1004,2026-09-03,28,101,42fd1433ac4948f8a35b,504,3123.84,,,0,2026-09-12 23:05:03,MOCKLOAD
1004,2026-09-04,15,102,bbc30da34262493a8a1e,504,1027.86,,,0,2026-09-12 23:05:03,MOCKLOAD
1004,2026-09-05,21,117,570ea5ebf3234cb39374,504,2254.67,,,0,2026-09-12 23:05:03,MOCKLOAD
1004,2026-09-06,13,107,b88b926965e744f3b4f2,504,2187.27,,,0,2026-09-12 23:05:03,MOCKLOAD
1004,2026-09-07,25,119,98b6adbf413e4280b9c9,504,428.92,,,0,2026-09-12 23:05:03,MOCKLOAD
1004,2026-09-08,17,104,88bb3f1aedf049c8a9ac,504,485.68,,,0,2026-09-12 23:05:03,MOCKLOAD
1004,2026-09-09,18,109,dd9f089a623747ed863f,504,7.38,,,0,2026-09-12 23:05:03,MOCKLOAD
1004,2026-08-11,15,105,5da187b188aa4312967b,504,2388.11,,,0,2026-09-12 23:05:03,MOCKLOAD
1004,2026-08-12,25,109,19f7d8c7fd814b7896f0,504,62,,,0,2026-09-12 23:05:03,MOCKLOAD
1004,2026-08-13,20,115,f6e1269ef4b14e62b0c4,504,2529.6,,,0,2026-09-12 23:05:03,MOCKLOAD
1004,2026-08-14,16,114,0c8b3f89a67248d0ab34,504,2235.45,,,0,2026-09-12 23:05:03,MOCKLOAD
1004,2026-08-15,28,119,c4ad508a83954d669b19,504,3319.5,,,0,2026-09-12 23:05:03,MOCKLOAD
1004,2026-08-16,11,104,3cf923e6b01846d097e0,504,6404.47,,,0,2026-09-12 23:05:03,MOCKLOAD
1004,2026-08-17,29,102,34c39c9f05d04096bd93,504,1049.14,,,0,2026-09-12 23:05:03,MOCKLOAD
1004,2026-08-18,20,107,21c08f587d024f4fa432,504,5.83,,,0,2026-09-12 23:05:03,MOCKLOAD
1004,2026-08-19,18,113,239f6492571b47cba81d,504,3594.26,,,0,2026-09-12 23:05:03,MOCKLOAD
1004,2026-08-20,24,117,ed25335d97d54212b391,504,2946.71,,,0,2026-09-12 23:05:03,MOCKLOAD
1004,2026-08-21,22,102,10fd79a1a77c44858145,504,3708.21,,,0,2026-09-12 23:05:03,MOCKLOAD
1004,2026-08-22,12,120,3e3f50f188af47d8a46f,504,128.06,,,0,2026-09-12 23:05:03,MOCKLOAD
1004,2026-08-23,29,104,538fa061e16a4b8f9a23,504,6069.52,,,0,2026-09-12 23:05:03,MOCKLOAD
1004,2026-08-24,13,103,61db7fd83f24416bb088,504,1649.18,,,0,2026-09-12 23:05:03,MOCKLOAD
1004,2026-08-25,19,111,201b4c82f7b24d6189c5,504,1608.06,,,0,2026-09-12 23:05:03,MOCKLOAD
1004,2026-08-26,17,118,d956f96db9a8430ab38d,504,998.07,,,0,2026-09-12 23:05:03,MOCKLOAD
1004,2026-08-27,27,109,721c77fa71214ecf95c2,504,1374.45,,,0,2026-09-12 23:05:03,MOCKLOAD
1004,2026-08-28,21,111,71ca3d0362234fd8b5a7,504,166.94,,,0,2026-09-12 23:05:03,MOCKLOAD
1004,2026-08-29,11,111,d3f80846ab174ab5ac0e,504,1425.73,,,0,2026-09-12 23:05:03,MOCKLOAD
1004,2026-08-30,16,116,b2a766bf58b24b638f9b,504,3907.97,,,0,2026-09-12 23:05:03,MOCKLOAD
1004,2026-08-31,14,106,ec4e028d07644547bcd8,504,760.79,,,0,2026-09-12 23:05:03,MOCKLOAD
1004,2026-09-01,21,111,e4b6a47209b94e6ea2d5,504,592.96,,,0,2026-09-12 23:05:03,MOCKLOAD
1004,2026-09-02,16,104,b3cc60abb570401db5ad,504,102.28,,,0,2026-09-12 23:05:03,MOCKLOAD
1004,2026-09-03,18,117,a95ef4623eb44cc58c43,504,413.46,,,0,2026-09-12 23:05:03,MOCKLOAD
1004,2026-09-04,27,105,cbbe3dfd26d74436a409,504,5748.99,,,0,2026-09-12 23:05:03,MOCKLOAD
1004,2026-09-05,11,111,1bb87462b6844780a054,504,181.95,,,0,2026-09-12 23:05:03,MOCKLOAD
1004,2026-09-06,24,117,932ff47989fb4bb095b2,504,1084.19,,,0,2026-09-12 23:05:03,MOCKLOAD
1004,2026-09-07,23,102,5ba39b0820694c5d849e,504,316.52,,,0,2026-09-12 23:05:03,MOCKLOAD
1004,2026-09-08,29,120,a4b1ff73b18f4564b4a7,504,448.49,,,0,2026-09-12 23:05:03,MOCKLOAD
1004,2026-09-09,14,107,201069e5837348d78b97,504,2288.97,,,0,2026-09-12 23:05:03,MOCKLOAD
1004,2026-08-11,17,102,db6e36b1ae644a029978,504,59.88,,,0,2026-09-12 23:05:03,MOCKLOAD
1004,2026-08-12,12,114,d81b3bfea4c848f3bd52,504,6175.92,,,0,2026-09-12 23:05:03,MOCKLOAD
1004,2026-08-13,21,103,4afe0a1d8d764d1b8964,504,2151.28,,,0,2026-09-12 23:05:03,MOCKLOAD
1004,2026-08-14,11,118,2eefd237e4fd4994a53d,504,106.58,,,0,2026-09-12 23:05:03,MOCKLOAD
1004,2026-08-15,12,113,f751098d7e54457f9fe8,504,1521.09,,,0,2026-09-12 23:05:03,MOCKLOAD
1004,2026-08-16,18,112,f3e1e829b3394de89f6e,504,2116.44,,,0,2026-09-12 23:05:03,MOCKLOAD
1004,2026-08-17,10,112,c74b555ed8b24e7da788,504,775.59,,,0,2026-09-12 23:05:03,MOCKLOAD
1004,2026-08-18,21,114,dc54f556c9264592ac54,504,1821.74,,,0,2026-09-12 23:05:03,MOCKLOAD
1004,2026-08-19,28,106,76028bc2274a41e8a93a,504,1341.42,,,0,2026-09-12 23:05:03,MOCKLOAD
1004,2026-08-20,20,113,e814042cdf754fb7bf48,504,768.26,,,0,2026-09-12 23:05:03,MOCKLOAD
1004,2026-08-21,29,106,d6df8cb8411f47238dc2,504,921.25,,,0,2026-09-12 23:05:03,MOCKLOAD
1004,2026-08-22,14,115,ceaa3fb4b4654de09322,504,45.42,,,0,2026-09-12 23:05:03,MOCKLOAD
1004,2026-08-23,17,101,6cc5edecc4a54a9a9662,504,162.09,,,0,2026-09-12 23:05:03,MOCKLOAD
1004,2026-08-24,27,106,24d237428ec24ad6b9aa,504,359.48,,,0,2026-09-12 23:05:03,MOCKLOAD
1004,2026-08-25,28,117,8b820b938c024cbc85a2,504,2000.66,,,0,2026-09-12 23:05:03,MOCKLOAD
1004,2026-08-26,15,108,8686376b8bd743f1947a,504,1245.17,,,0,2026-09-12 23:05:03,MOCKLOAD
1004,2026-08-27,27,103,b118616fcdd54529b5fc,504,2174.66,,,0,2026-09-12 23:05:03,MOCKLOAD
1004,2026-08-28,16,114,ffb8f462e3ad4dc382ba,504,274.7,,,0,2026-09-12 23:05:03,MOCKLOAD
1004,2026-08-29,28,113,1c84264e0c6d431e95e5,504,76.96,,,0,2026-09-12 23:05:03,MOCKLOAD
1004,2026-08-30,11,104,9d4d622e757846c2bfbe,504,67.51,,,0,2026-09-12 23:05:03,MOCKLOAD
1004,2026-08-31,14,102,d381810bf16b4c48b3bc,504,4195.55,,,0,2026-09-12 23:05:03,MOCKLOAD
1004,2026-09-01,23,113,a552ebb5a89b4478aa2e,504,1090.4,,,0,2026-09-12 23:05:03,MOCKLOAD
1004,2026-09-02,24,103,47d05c61edb2498895b3,504,462.28,,,0,2026-09-12 23:05:03,MOCKLOAD
1004,2026-09-03,20,111,1c2e54294a194bf2bac6,504,1719.73,,,0,2026-09-12 23:05:03,MOCKLOAD
1004,2026-09-04,10,104,73dea0e5e45e4b1b8f29,504,683.49,,,0,2026-09-12 23:05:03,MOCKLOAD
1004,2026-09-05,23,113,6738a18f2fd34cf88cd8,504,301.05,,,0,2026-09-12 23:05:03,MOCKLOAD
1004,2026-09-06,29,118,9312b5f0dc1b475c9cf8,504,787.48,,,0,2026-09-12 23:05:03,MOCKLOAD
1004,2026-09-07,24,119,05593719023e4df796b5,504,3645.84,,,0,2026-09-12 23:05:03,MOCKLOAD
1004,2026-09-08,12,119,b1a3b7bb996148b7bea3,504,5.3,,,0,2026-09-12 23:05:03,MOCKLOAD
1004,2026-09-09,12,110,8aece702f3494dd48824,504,1419.85,,,0,2026-09-12 23:05:03,MOCKLOAD
1004,2026-08-11,24,112,ce51e2d0791e4f478b6d,504,4195.7,,,0,2026-09-12 23:05:03,MOCKLOAD
1004,2026-08-12,14,114,b64533096edc40be9aa9,504,726.21,,,0,2026-09-12 23:05:03,MOCKLOAD
1004,2026-08-13,22,120,59334fe627d74bf98fca,504,528.91,,,0,2026-09-12 23:05:03,MOCKLOAD
1004,2026-08-14,19,102,4463a4f1bea74258baa2,504,104.37,,,0,2026-09-12 23:05:03,MOCKLOAD
1004,2026-08-15,16,107,8d381d63f0b64b00832d,504,697.89,,,0,2026-09-12 23:05:03,MOCKLOAD
1004,2026-08-16,25,107,aa6191687433403eaa58,504,2779.17,,,0,2026-09-12 23:05:03,MOCKLOAD
1004,2026-08-17,16,102,3097812f654740b2bc87,504,908.59,,,0,2026-09-12 23:05:03,MOCKLOAD
1004,2026-08-18,22,109,be410fc3b66346a08f17,504,126.06,,,0,2026-09-12 23:05:03,MOCKLOAD
1004,2026-08-19,12,118,e999bfbdbaa04de18f1f,504,3301.51,,,0,2026-09-12 23:05:03,MOCKLOAD
1004,2026-08-20,22,103,3c8fb45be821462ebd17,504,3949.69,,,0,2026-09-12 23:05:03,MOCKLOAD
1004,2026-08-21,29,108,77f91ee0204840bca009,504,830.97,,,0,2026-09-12 23:05:03,MOCKLOAD
1004,2026-08-22,16,103,c8fb301cf2144bb28679,504,97.76,,,0,2026-09-12 23:05:03,MOCKLOAD
1004,2026-08-23,20,117,8de884d9283f440482ba,504,96.83,,,0,2026-09-12 23:05:03,MOCKLOAD
1004,2026-08-24,27,114,344eedf3db004f39858d,504,37.86,,,0,2026-09-12 23:05:03,MOCKLOAD
1004,2026-08-25,21,109,5fde4b1ba18c468baaed,504,771.04,,,0,2026-09-12 23:05:03,MOCKLOAD
1004,2026-08-26,25,113,e67e0ebc8d7247d19186,504,959.98,,,0,2026-09-12 23:05:03,MOCKLOAD
1004,2026-08-27,19,116,030483e0f1bd4af0af17,504,12.56,,,0,2026-09-12 23:05:03,MOCKLOAD
1004,2026-08-28,22,112,e91db3d8013c4fb8982a,504,1874.61,,,0,2026-09-12 23:05:03,MOCKLOAD
1004,2026-08-29,26,115,f2e41e2882da4b3b8382,504,22.27,,,0,2026-09-12 23:05:03,MOCKLOAD
1004,2026-08-30,15,118,5102f93082ef402faba7,504,75.47,,,0,2026-09-12 23:05:03,MOCKLOAD
1004,2026-08-31,23,105,8ac7d561b797459cb8af,504,3247.74,,,0,2026-09-12 23:05:03,MOCKLOAD
1004,2026-09-01,17,101,db820a80019e42deb76e,504,1846.98,,,0,2026-09-12 23:05:03,MOCKLOAD
1004,2026-09-02,25,119,490e028f3e744dcaa2fe,504,1325.62,,,0,2026-09-12 23:05:03,MOCKLOAD
1004,2026-09-03,25,105,d89c3bab55884858a10a,504,1262.44,,,0,2026-09-12 23:05:03,MOCKLOAD
1004,2026-09-04,25,113,d93bcd5738c24352b9af,504,598.3,,,0,2026-09-12 23:05:03,MOCKLOAD
1004,2026-09-05,10,111,eb91340d02014e88802a,504,2938.07,,,0,2026-09-12 23:05:03,MOCKLOAD
1004,2026-09-06,25,115,fdec0db73c3e4b98aa1f,504,2021.77,,,0,2026-09-12 23:05:03,MOCKLOAD
1004,2026-09-07,17,116,20b655e2256f44f99e20,504,1581.21,,,0,2026-09-12 23:05:03,MOCKLOAD
1004,2026-09-08,16,112,aaa4a3da21b1456d9dbc,504,1200.52,,,0,2026-09-12 23:05:03,MOCKLOAD
1004,2026-09-09,17,113,4b30918edce241d6b8b8,504,111.29,,,0,2026-09-12 23:05:03,MOCKLOAD
1004,2026-08-11,16,114,aefe78a5d0084fc9b226,504,2160.71,,,0,2026-09-12 23:05:03,MOCKLOAD
1004,2026-08-12,28,114,5cd0f9ca874245d2a60a,504,1797.12,,,0,2026-09-12 23:05:03,MOCKLOAD
1004,2026-08-13,10,111,6e1f5cfa1eb044778dcc,504,1427.55,,,0,2026-09-12 23:05:03,MOCKLOAD
1004,2026-08-14,13,102,62189408ca0c467d8cd2,504,739.72,,,0,2026-09-12 23:05:03,MOCKLOAD
1004,2026-08-15,10,112,54e3650ce39247a78d31,504,1855.29,,,0,2026-09-12 23:05:03,MOCKLOAD
1004,2026-08-16,10,107,a3d0da77b61c4defa804,504,2766.82,,,0,2026-09-12 23:05:03,MOCKLOAD
1004,2026-08-17,24,106,6caac23852894fa4a3f4,504,4052.46,,,0,2026-09-12 23:05:03,MOCKLOAD
1004,2026-08-18,20,105,987ba39d1b7e4bfc9a2c,504,3649.93,,,0,2026-09-12 23:05:03,MOCKLOAD
1004,2026-08-19,24,102,8be1e7a33fb142a5bdf9,504,1127.97,,,0,2026-09-12 23:05:03,MOCKLOAD
1004,2026-08-20,14,104,e27e1a7a178c4fbc8cb4,504,1545.05,,,0,2026-09-12 23:05:03,MOCKLOAD
1004,2026-08-21,27,113,aff09ec7e8b7475b8503,504,503.41,,,0,2026-09-12 23:05:03,MOCKLOAD
1004,2026-08-22,10,109,83fc402e219845c981f6,504,895.35,,,0,2026-09-12 23:05:03,MOCKLOAD
1004,2026-08-23,19,105,174f18595a1e46b18a37,504,2650.45,,,0,2026-09-12 23:05:03,MOCKLOAD
1004,2026-08-24,12,115,40cb5e2fad4b4d4f9d86,504,2730.49,,,0,2026-09-12 23:05:03,MOCKLOAD
1004,2026-08-25,28,109,fb6c6c2129bf45889ba7,504,1079.03,,,0,2026-09-12 23:05:03,MOCKLOAD
1004,2026-08-26,22,117,2bdefb0804b94f06be1e,504,3381.43,,,0,2026-09-12 23:05:03,MOCKLOAD
1004,2026-08-27,11,106,96c98a3aef9e400fa252,504,188.38,,,0,2026-09-12 23:05:03,MOCKLOAD
1004,2026-08-28,28,105,6d44eb47a1f44443bf2e,504,1508.22,,,0,2026-09-12 23:05:03,MOCKLOAD
1004,2026-08-29,12,112,db0b4c7927d046f6822c,504,2445,,,0,2026-09-12 23:05:03,MOCKLOAD
1004,2026-08-30,24,114,2b4794ace8b24a9b8386,504,3270.82,,,0,2026-09-12 23:05:03,MOCKLOAD
1004,2026-08-31,10,110,b5c5948126c64ea4b74c,504,576.07,,,0,2026-09-12 23:05:03,MOCKLOAD
1004,2026-09-01,25,107,35954453d76a47549e89,504,581.26,,,0,2026-09-12 23:05:03,MOCKLOAD
1004,2026-09-02,16,116,a444fba9ef994316bbc8,504,1246.05,,,0,2026-09-12 23:05:03,MOCKLOAD
1004,2026-09-03,14,104,d7cb92689f7d4d6a8cbd,504,2086.8,,,0,2026-09-12 23:05:03,MOCKLOAD
1004,2026-09-04,10,107,4b6f4c4de66d4da395f6,504,1251.29,,,0,2026-09-12 23:05:03,MOCKLOAD
1004,2026-09-05,14,104,40ed33ff8c2f4c4d8b3c,504,22.99,,,0,2026-09-12 23:05:03,MOCKLOAD
1004,2026-09-06,28,118,8e56b026cd524781ba6d,504,131.89,,,0,2026-09-12 23:05:03,MOCKLOAD
1004,2026-09-07,18,119,c8a5fba1d1e145b7a455,504,2721.13,,,0,2026-09-12 23:05:03,MOCKLOAD
1004,2026-09-08,19,117,1bd11cd685034052b519,504,2202.03,,,0,2026-09-12 23:05:03,MOCKLOAD
1004,2026-09-09,12,103,fec376ce14b448e5abba,504,636.71,,,0,2026-09-12 23:05:03,MOCKLOAD
1005,2026-08-11,11,107,f1aa3ff53d824f35a9f3,505,1087.69,,,0,2026-09-12 23:05:03,MOCKLOAD
1005,2026-08-12,13,118,4ec7160f916d4f2a9348,505,1819.77,,,0,2026-09-12 23:05:03,MOCKLOAD
1005,2026-08-13,24,114,97948f5e105a4ce4ba55,505,9454.84,,,0,2026-09-12 23:05:03,MOCKLOAD
1005,2026-08-14,16,108,46611565aa9546b69577,505,7130.25,,,0,2026-09-12 23:05:03,MOCKLOAD
1005,2026-08-15,18,107,9cd7503b35b94e6d8d38,505,2584.17,,,0,2026-09-12 23:05:03,MOCKLOAD
1005,2026-08-16,14,108,62c4465fb43f4a068b3c,505,423.82,,,0,2026-09-12 23:05:03,MOCKLOAD
1005,2026-08-17,27,108,8cbb564e9516476a8661,505,1013.54,,,0,2026-09-12 23:05:03,MOCKLOAD
1005,2026-08-18,17,109,7f0a8f2a373d4b629ed2,505,4605.61,,,0,2026-09-12 23:05:03,MOCKLOAD
1005,2026-08-19,28,101,ac87fdc2a029458e8482,505,1811.54,,,0,2026-09-12 23:05:03,MOCKLOAD
1005,2026-08-20,25,112,a2d30f97353d4381a670,505,3145.83,,,0,2026-09-12 23:05:03,MOCKLOAD
1005,2026-08-21,20,118,32870a8afe524397ac0b,505,2911.75,,,0,2026-09-12 23:05:03,MOCKLOAD
1005,2026-08-22,18,107,9be82ee2219d4d5888e2,505,8660.83,,,0,2026-09-12 23:05:03,MOCKLOAD
1005,2026-08-23,28,115,415c1d850a0a4b00b7e0,505,4451.14,,,0,2026-09-12 23:05:03,MOCKLOAD
1005,2026-08-24,22,115,985075ecd20e4db083d5,505,234.26,,,0,2026-09-12 23:05:03,MOCKLOAD
1005,2026-08-25,23,107,b97296e3766d44de968a,505,351.44,,,0,2026-09-12 23:05:03,MOCKLOAD
1005,2026-08-26,26,113,0a63f220cc6e45b3a7d7,505,217.16,,,0,2026-09-12 23:05:03,MOCKLOAD
1005,2026-08-27,19,115,3f0fe48e8db54ecca816,505,380.75,,,0,2026-09-12 23:05:03,MOCKLOAD
1005,2026-08-28,12,101,3ec4c054d96043348dc1,505,6682.31,,,0,2026-09-12 23:05:03,MOCKLOAD
1005,2026-08-29,13,117,15fec2d294e448289937,505,2860.99,,,0,2026-09-12 23:05:03,MOCKLOAD
1005,2026-08-30,24,108,9ee43e91ae8249a0bb21,505,856.5,,,0,2026-09-12 23:05:03,MOCKLOAD
1005,2026-08-31,16,117,58186afe03d04a15bc5e,505,675.97,,,0,2026-09-12 23:05:03,MOCKLOAD
1005,2026-09-01,18,119,be4b57936cc14e71a8de,505,515.11,,,0,2026-09-12 23:05:03,MOCKLOAD
1005,2026-09-02,24,108,1fccb6c09fd943748b8c,505,5513.19,,,0,2026-09-12 23:05:03,MOCKLOAD
1005,2026-09-03,18,108,d5e49212e7b2464aae9d,505,451.25,,,0,2026-09-12 23:05:03,MOCKLOAD
1005,2026-09-04,19,102,1f650297bc274935ab28,505,670.79,,,0,2026-09-12 23:05:03,MOCKLOAD
1005,2026-09-05,16,112,609d1f67291248428569,505,346.95,,,0,2026-09-12 23:05:03,MOCKLOAD
1005,2026-09-06,27,115,300dc3f8d1944d1f8e38,505,2457.4,,,0,2026-09-12 23:05:03,MOCKLOAD
1005,2026-09-07,24,106,585db542cc524dc98c3c,505,608.99,,,0,2026-09-12 23:05:03,MOCKLOAD
1005,2026-09-08,25,117,ca4a0d4ef75c4420ad02,505,1576.09,,,0,2026-09-12 23:05:03,MOCKLOAD
1005,2026-09-09,26,109,4138f366d7264869a638,505,3651.53,,,0,2026-09-12 23:05:03,MOCKLOAD
1005,2026-08-11,21,101,138a99396f174a82a619,505,1209.29,,,0,2026-09-12 23:05:03,MOCKLOAD
1005,2026-08-12,14,108,a35fa9be2c3d477bbbf9,505,1068.29,,,0,2026-09-12 23:05:03,MOCKLOAD
1005,2026-08-13,22,110,1681f7807e624add9228,505,740.52,,,0,2026-09-12 23:05:03,MOCKLOAD
1005,2026-08-14,19,101,d653c800a2954beab6d0,505,3353.97,,,0,2026-09-12 23:05:03,MOCKLOAD
1005,2026-08-15,28,110,9cadcf600922419cb41d,505,3850.06,,,0,2026-09-12 23:05:03,MOCKLOAD
1005,2026-08-16,14,102,d8948d7e1b9a459e8259,505,2322.87,,,0,2026-09-12 23:05:03,MOCKLOAD
1005,2026-08-17,15,105,04c5f408dfce4022acf6,505,573.99,,,0,2026-09-12 23:05:03,MOCKLOAD
1005,2026-08-18,15,114,2202b1e747bf471da89c,505,1530.22,,,0,2026-09-12 23:05:03,MOCKLOAD
1005,2026-08-19,26,115,77328b906e614f74af0d,505,2940.03,,,0,2026-09-12 23:05:03,MOCKLOAD
1005,2026-08-20,28,120,a3a8830b81f048ac9c6b,505,3438.53,,,0,2026-09-12 23:05:03,MOCKLOAD
1005,2026-08-21,10,106,d21e8acf758a4f9db59c,505,8354.81,,,0,2026-09-12 23:05:03,MOCKLOAD
1005,2026-08-22,12,102,fe0706d267ce4d4badd9,505,4435.75,,,0,2026-09-12 23:05:03,MOCKLOAD
1005,2026-08-23,18,114,0ffef8373eb1464e8e42,505,597.82,,,0,2026-09-12 23:05:03,MOCKLOAD
1005,2026-08-24,27,106,1d52b63a15634127bc3d,505,850.35,,,0,2026-09-12 23:05:03,MOCKLOAD
1005,2026-08-25,21,119,5ef19535a1d54f639f52,505,4578.02,,,0,2026-09-12 23:05:03,MOCKLOAD
1005,2026-08-26,14,115,d409bc4ec7ac4a279863,505,2546.34,,,0,2026-09-12 23:05:03,MOCKLOAD
1005,2026-08-27,17,109,c6232446fec042719825,505,2607.16,,,0,2026-09-12 23:05:03,MOCKLOAD
1005,2026-08-28,20,118,a3dd0fdfbb08456a9aed,505,1853.15,,,0,2026-09-12 23:05:03,MOCKLOAD
1005,2026-08-29,23,109,0ddfca2a3fc54a4c96f2,505,327.3,,,0,2026-09-12 23:05:03,MOCKLOAD
1005,2026-08-30,14,118,4db16cf04a574f3c88c0,505,3720.94,,,0,2026-09-12 23:05:03,MOCKLOAD
1005,2026-08-31,22,116,fc2873c5dcba4e2c9ad9,505,192.95,,,0,2026-09-12 23:05:03,MOCKLOAD
1005,2026-09-01,15,107,a9ad1f7161844646a30d,505,3992.03,,,0,2026-09-12 23:05:03,MOCKLOAD
1005,2026-09-02,12,118,21f9ecb255254a59954c,505,1674.6,,,0,2026-09-12 23:05:03,MOCKLOAD
1005,2026-09-03,16,105,4b7aac14929847d78e78,505,4703.29,,,0,2026-09-12 23:05:03,MOCKLOAD
1005,2026-09-04,28,115,96d6152f5c9b4963b1fa,505,1393.88,,,0,2026-09-12 23:05:03,MOCKLOAD
1005,2026-09-05,15,101,761af7af685f4629bc46,505,2597.23,,,0,2026-09-12 23:05:03,MOCKLOAD
1005,2026-09-06,22,115,c544438b938241a0981c,505,1717.58,,,0,2026-09-12 23:05:03,MOCKLOAD
1005,2026-09-07,23,114,eb1b32261d38469bbd94,505,5135.39,,,0,2026-09-12 23:05:03,MOCKLOAD
1005,2026-09-08,15,106,a4236a841a5648b784df,505,1224.36,,,0,2026-09-12 23:05:03,MOCKLOAD
1005,2026-09-09,15,104,cf9358c0c8604eaaafcf,505,2084.65,,,0,2026-09-12 23:05:03,MOCKLOAD
1005,2026-08-11,21,112,c96e41d1f249469285d4,505,4867.96,,,0,2026-09-12 23:05:03,MOCKLOAD
1005,2026-08-12,29,114,b2d7f53d30db4742860d,505,1765.82,,,0,2026-09-12 23:05:03,MOCKLOAD
1005,2026-08-13,17,119,766f5266553f485cbdb4,505,796.25,,,0,2026-09-12 23:05:03,MOCKLOAD
1005,2026-08-14,24,103,d3eec20132824ad5b297,505,929.75,,,0,2026-09-12 23:05:03,MOCKLOAD
1005,2026-08-15,23,110,3e2280aa8d6a4f3b9543,505,3696.99,,,0,2026-09-12 23:05:03,MOCKLOAD
1005,2026-08-16,29,115,5cf9e339b9934a88ab4e,505,1357.69,,,0,2026-09-12 23:05:03,MOCKLOAD
1005,2026-08-17,23,114,0ea140efcd764905b096,505,5822.04,,,0,2026-09-12 23:05:03,MOCKLOAD
1005,2026-08-18,16,118,002e6d7d27ae45d89286,505,939.97,,,0,2026-09-12 23:05:03,MOCKLOAD
1005,2026-08-19,20,102,fcb8819b5455455ba364,505,368.86,,,0,2026-09-12 23:05:03,MOCKLOAD
1005,2026-08-20,24,115,07ad10fb51ca4b3a80e9,505,24.53,,,0,2026-09-12 23:05:03,MOCKLOAD
1005,2026-08-21,21,116,7c01056c9b044085b5a6,505,274.78,,,0,2026-09-12 23:05:03,MOCKLOAD
1005,2026-08-22,14,112,9ecec49915574069a2e4,505,2709.56,,,0,2026-09-12 23:05:03,MOCKLOAD
1005,2026-08-23,27,118,c46a5b43ae8e48f28de1,505,6804.44,,,0,2026-09-12 23:05:03,MOCKLOAD
1005,2026-08-24,12,115,54a4747c61ca4234b8bd,505,3688.1,,,0,2026-09-12 23:05:03,MOCKLOAD
1005,2026-08-25,27,104,02e5544f7c0c4247b6b0,505,447.39,,,0,2026-09-12 23:05:03,MOCKLOAD
1005,2026-08-26,22,101,34b18038c3664aae907e,505,159.75,,,0,2026-09-12 23:05:03,MOCKLOAD
1005,2026-08-27,12,106,1faa48df176241279dfa,505,4900.11,,,0,2026-09-12 23:05:03,MOCKLOAD
1005,2026-08-28,24,111,2f2de87c47654064a429,505,10386.43,,,0,2026-09-12 23:05:03,MOCKLOAD
1005,2026-08-29,18,119,8d1446d5be0c4847bc03,505,5054.3,,,0,2026-09-12 23:05:03,MOCKLOAD
1005,2026-08-30,20,115,487d402ec8b8455886a1,505,2758.93,,,0,2026-09-12 23:05:03,MOCKLOAD
1005,2026-08-31,17,105,171537cf65ca435cbcea,505,541.4,,,0,2026-09-12 23:05:03,MOCKLOAD
1005,2026-09-01,29,116,c012b3a334884c5f8d2f,505,6772.49,,,0,2026-09-12 23:05:03,MOCKLOAD
1005,2026-09-02,28,118,ad68d0ad7f75403d8bbb,505,3892.44,,,0,2026-09-12 23:05:03,MOCKLOAD
1005,2026-09-03,28,101,33b3bec0cd284ecc9c2d,505,6658.95,,,0,2026-09-12 23:05:03,MOCKLOAD
1005,2026-09-04,23,103,33284c18a6c9447c92f6,505,2510.91,,,0,2026-09-12 23:05:03,MOCKLOAD
1005,2026-09-05,16,113,09abf5836d28490a97d5,505,4393.52,,,0,2026-09-12 23:05:03,MOCKLOAD
1005,2026-09-06,17,118,ec6de0cc51084ef791c2,505,2309.35,,,0,2026-09-12 23:05:03,MOCKLOAD
1005,2026-09-07,17,116,84f361c99465492e9941,505,4609.09,,,0,2026-09-12 23:05:03,MOCKLOAD
1005,2026-09-08,14,110,40377a67c16b411cb607,505,3219.7,,,0,2026-09-12 23:05:03,MOCKLOAD
1005,2026-09-09,25,104,f2e45345098a48509584,505,1273.46,,,0,2026-09-12 23:05:03,MOCKLOAD
1005,2026-08-11,17,115,86823982b07f4d38a680,505,214.38,,,0,2026-09-12 23:05:03,MOCKLOAD
1005,2026-08-12,13,119,5dbc90a12ea24ead96c7,505,464.83,,,0,2026-09-12 23:05:03,MOCKLOAD
1005,2026-08-13,16,113,bb590cc655684f6c906b,505,1793.31,,,0,2026-09-12 23:05:03,MOCKLOAD
1005,2026-08-14,13,111,4a6588f3c46543baa55d,505,878.18,,,0,2026-09-12 23:05:03,MOCKLOAD
1005,2026-08-15,13,108,c94f445f1a06429aac9f,505,8053.4,,,0,2026-09-12 23:05:03,MOCKLOAD
1005,2026-08-16,22,112,1b4a7040b32b4f84a942,505,2590.28,,,0,2026-09-12 23:05:03,MOCKLOAD
1005,2026-08-17,12,116,5e1a4e9459f4449db564,505,4101.28,,,0,2026-09-12 23:05:03,MOCKLOAD
1005,2026-08-18,15,107,919dea3a7c894265bb69,505,6959.67,,,0,2026-09-12 23:05:03,MOCKLOAD
1005,2026-08-19,22,119,19f3d02ef5a5498ea5ce,505,2975.04,,,0,2026-09-12 23:05:03,MOCKLOAD
1005,2026-08-20,29,112,e66ea07643814bec89e3,505,4371.74,,,0,2026-09-12 23:05:03,MOCKLOAD
1005,2026-08-21,28,101,c9e03a16bd29457a898c,505,1694.31,,,0,2026-09-12 23:05:03,MOCKLOAD
1005,2026-08-22,11,120,eda252323d8743889230,505,2062.33,,,0,2026-09-12 23:05:03,MOCKLOAD
1005,2026-08-23,25,105,ed2b8c40b3ae475c9f64,505,89.07,,,0,2026-09-12 23:05:03,MOCKLOAD
1005,2026-08-24,21,103,42e6916dcf704655aec0,505,2593.37,,,0,2026-09-12 23:05:03,MOCKLOAD
1005,2026-08-25,27,112,0f52c52626b84864b99a,505,6123.05,,,0,2026-09-12 23:05:03,MOCKLOAD
1005,2026-08-26,14,104,db63fca9dd814acabae0,505,2920.61,,,0,2026-09-12 23:05:03,MOCKLOAD
1005,2026-08-27,25,120,d7c8397f2c06436e8efa,505,1228.48,,,0,2026-09-12 23:05:03,MOCKLOAD
1005,2026-08-28,15,116,ff5f28821bff41bb8f99,505,2728.9,,,0,2026-09-12 23:05:03,MOCKLOAD
1005,2026-08-29,23,110,065cf4eda918415e8eb4,505,2681.37,,,0,2026-09-12 23:05:03,MOCKLOAD
1005,2026-08-30,25,108,9c0cc578ef0f457799f3,505,5522.34,,,0,2026-09-12 23:05:03,MOCKLOAD
1005,2026-08-31,20,110,d5c7e41e81be41818005,505,2754.32,,,0,2026-09-12 23:05:03,MOCKLOAD
1005,2026-09-01,13,102,9538768a641445a19086,505,399.84,,,0,2026-09-12 23:05:03,MOCKLOAD
1005,2026-09-02,19,102,1ee1f0c3cbed43d29d88,505,1693.8,,,0,2026-09-12 23:05:03,MOCKLOAD
1005,2026-09-03,24,118,7d7f85c96397432ea7e1,505,1384.19,,,0,2026-09-12 23:05:03,MOCKLOAD
1005,2026-09-04,15,120,a7fd33347239430fbcf4,505,3182.51,,,0,2026-09-12 23:05:03,MOCKLOAD
1005,2026-09-05,11,116,fbe0d83b1e9d41e7847e,505,3332.93,,,0,2026-09-12 23:05:03,MOCKLOAD
1005,2026-09-06,25,103,6a93d568d8a947f2871b,505,394.84,,,0,2026-09-12 23:05:03,MOCKLOAD
1005,2026-09-07,22,112,16a91466139346c0b0bd,505,4855.8,,,0,2026-09-12 23:05:03,MOCKLOAD
1005,2026-09-08,29,114,c289407319eb49e1bea3,505,3973.59,,,0,2026-09-12 23:05:03,MOCKLOAD
1005,2026-09-09,13,110,c9934866f41547af8612,505,3602.37,,,0,2026-09-12 23:05:03,MOCKLOAD
1005,2026-08-11,10,110,a8fe402d7360400cab66,505,2471.24,,,0,2026-09-12 23:05:03,MOCKLOAD
1005,2026-08-12,16,113,94109466dd89490fb054,505,2904.68,,,0,2026-09-12 23:05:03,MOCKLOAD
1005,2026-08-13,19,114,64b413ab96e44994a76a,505,197.35,,,0,2026-09-12 23:05:03,MOCKLOAD
1005,2026-08-14,15,107,32746fdbe70b46b59346,505,1446.26,,,0,2026-09-12 23:05:03,MOCKLOAD
1005,2026-08-15,12,103,4c84ebb6da15441883ad,505,8308.62,,,0,2026-09-12 23:05:03,MOCKLOAD
1005,2026-08-16,20,120,15e193b2936c45649a92,505,604.7,,,0,2026-09-12 23:05:03,MOCKLOAD
1005,2026-08-17,28,111,c37b187e7d874e0b90ec,505,880.13,,,0,2026-09-12 23:05:03,MOCKLOAD
1005,2026-08-18,27,103,38fd9977fc3f48ed8e1f,505,670.66,,,0,2026-09-12 23:05:03,MOCKLOAD
1005,2026-08-19,12,111,dc57aa84dcd04b6caec1,505,1618,,,0,2026-09-12 23:05:03,MOCKLOAD
1005,2026-08-20,16,103,0a7ce01c968c40f39c9d,505,539.28,,,0,2026-09-12 23:05:03,MOCKLOAD
1005,2026-08-21,23,115,22e0e93ad6384f76a5eb,505,3161.06,,,0,2026-09-12 23:05:03,MOCKLOAD
1005,2026-08-22,12,112,cfed10df981b41638097,505,1432.18,,,0,2026-09-12 23:05:03,MOCKLOAD
1005,2026-08-23,17,113,e8777bd83feb478e92f9,505,7900.26,,,0,2026-09-12 23:05:03,MOCKLOAD
1005,2026-08-24,20,113,f2bc6c98accb461abbf3,505,2627.89,,,0,2026-09-12 23:05:03,MOCKLOAD
1005,2026-08-25,19,109,b5374f8d29994e528e74,505,457.78,,,0,2026-09-12 23:05:03,MOCKLOAD
1005,2026-08-26,24,120,6ecd56d73854410dac50,505,4096.73,,,0,2026-09-12 23:05:03,MOCKLOAD
1005,2026-08-27,10,111,9c7898f41e454948b65d,505,852.43,,,0,2026-09-12 23:05:03,MOCKLOAD
1005,2026-08-28,10,112,f5a00890be10483ea80c,505,3883.69,,,0,2026-09-12 23:05:03,MOCKLOAD
1005,2026-08-29,18,101,4ee8711509c648db9fd2,505,193.39,,,0,2026-09-12 23:05:03,MOCKLOAD
1005,2026-08-30,26,117,8a82b9e057524799b4e7,505,8879.86,,,0,2026-09-12 23:05:03,MOCKLOAD
1005,2026-08-31,24,114,27e846ce2d094ecaa039,505,703.25,,,0,2026-09-12 23:05:03,MOCKLOAD
1005,2026-09-01,16,111,0c1f722cdc2444298d52,505,764.68,,,0,2026-09-12 23:05:03,MOCKLOAD
1005,2026-09-02,11,101,b57e217220be4130ad1d,505,881.89,,,0,2026-09-12 23:05:03,MOCKLOAD
1005,2026-09-03,27,110,c9be7154e6254ff7bbe6,505,8256.28,,,0,2026-09-12 23:05:03,MOCKLOAD
1005,2026-09-04,28,108,5801f9ef56b74d948ca7,505,2260.69,,,0,2026-09-12 23:05:03,MOCKLOAD
1005,2026-09-05,14,101,c3ee09d72c744be9bff5,505,7891.6,,,0,2026-09-12 23:05:03,MOCKLOAD
1005,2026-09-06,26,103,c19a045260b841eeadb7,505,485.61,,,0,2026-09-12 23:05:03,MOCKLOAD
1005,2026-09-07,20,115,6466129bce6c4980860e,505,6181.35,,,0,2026-09-12 23:05:03,MOCKLOAD
1005,2026-09-08,11,101,60205bd36d6841f786b5,505,1048.81,,,0,2026-09-12 23:05:03,MOCKLOAD
1005,2026-09-09,26,119,90f16f118bed4825aaf1,505,353.27,,,0,2026-09-12 23:05:03,MOCKLOAD
1005,2026-08-11,10,102,b430744dcec7464db6f5,505,8345.78,,,0,2026-09-12 23:05:03,MOCKLOAD
1005,2026-08-12,20,112,949873e9ef6d4c279edf,505,2445.95,,,0,2026-09-12 23:05:03,MOCKLOAD
1005,2026-08-13,13,109,afc5e778a27442c18898,505,259.74,,,0,2026-09-12 23:05:03,MOCKLOAD
1005,2026-08-14,21,114,505ac2ad3ca64870999f,505,1133.47,,,0,2026-09-12 23:05:03,MOCKLOAD
1005,2026-08-15,19,108,855cd4fdb5fe4d2cbbf9,505,73.32,,,0,2026-09-12 23:05:03,MOCKLOAD
1005,2026-08-16,24,119,50c61e7a56184b5eb611,505,673.97,,,0,2026-09-12 23:05:03,MOCKLOAD
1005,2026-08-17,18,101,12a47b67e92e44ee86e2,505,438.06,,,0,2026-09-12 23:05:03,MOCKLOAD
1005,2026-08-18,13,111,631a04466cce4965aab9,505,221.49,,,0,2026-09-12 23:05:03,MOCKLOAD
1005,2026-08-19,22,117,179bfc3b9b9d4b6ead7b,505,3252.18,,,0,2026-09-12 23:05:03,MOCKLOAD
1005,2026-08-20,21,109,a1fbc4ada70d4adca269,505,601.36,,,0,2026-09-12 23:05:03,MOCKLOAD
1005,2026-08-21,27,109,85dc16077bef4bcebfa3,505,3022.64,,,0,2026-09-12 23:05:03,MOCKLOAD
1005,2026-08-22,21,118,ede33e0463d34458b2e5,505,1434.98,,,0,2026-09-12 23:05:03,MOCKLOAD
1005,2026-08-23,29,111,28f9b6262bc2466d8ad8,505,5377.2,,,0,2026-09-12 23:05:03,MOCKLOAD
1005,2026-08-24,20,115,2aeaae0fed78418fa626,505,6668.74,,,0,2026-09-12 23:05:03,MOCKLOAD
1005,2026-08-25,15,111,4c98290074474444a4ae,505,435.58,,,0,2026-09-12 23:05:03,MOCKLOAD
1005,2026-08-26,13,103,fb9ab8e0683b404dbb25,505,2143.65,,,0,2026-09-12 23:05:03,MOCKLOAD
1005,2026-08-27,14,101,7aab59f6309d4d71ac69,505,3448.98,,,0,2026-09-12 23:05:03,MOCKLOAD
1005,2026-08-28,11,105,e497bd290b4c48d5a2e8,505,233.96,,,0,2026-09-12 23:05:03,MOCKLOAD
1005,2026-08-29,11,112,71c5cbae3a624466a05a,505,3823.95,,,0,2026-09-12 23:05:03,MOCKLOAD
1005,2026-08-30,18,106,b60c5643cf6541bfab28,505,1253.38,,,0,2026-09-12 23:05:03,MOCKLOAD
1005,2026-08-31,22,110,ded52bf37f964fe2971f,505,562.2,,,0,2026-09-12 23:05:03,MOCKLOAD
1005,2026-09-01,16,114,da9e092f710f4da7aafd,505,488.7,,,0,2026-09-12 23:05:03,MOCKLOAD
1005,2026-09-02,14,106,a490a4f65b794f818cdb,505,3077.17,,,0,2026-09-12 23:05:03,MOCKLOAD
1005,2026-09-03,27,108,fc8761ac980f40d98536,505,2777.32,,,0,2026-09-12 23:05:03,MOCKLOAD
1005,2026-09-04,12,118,080341718cbe48a3a307,505,913.63,,,0,2026-09-12 23:05:03,MOCKLOAD
1005,2026-09-05,24,114,aff6a58ba4c1489e95de,505,2418.97,,,0,2026-09-12 23:05:03,MOCKLOAD
1005,2026-09-06,13,110,c9f80428462046ac9747,505,1940.9,,,0,2026-09-12 23:05:03,MOCKLOAD
1005,2026-09-07,22,114,5823eafffcaa480f8a67,505,7598.1,,,0,2026-09-12 23:05:03,MOCKLOAD
1005,2026-09-08,27,120,85236cb2b9884f03a8e2,505,178.36,,,0,2026-09-12 23:05:03,MOCKLOAD
1005,2026-09-09,14,117,c3ce3441ea8d4101a3e9,505,4290.64,,,0,2026-09-12 23:05:03,MOCKLOAD
1005,2026-08-11,13,106,27f8caff97c3424dbbad,505,2900.88,,,0,2026-09-12 23:05:03,MOCKLOAD
1005,2026-08-12,18,117,909e09808d634ea982cc,505,2273.79,,,0,2026-09-12 23:05:03,MOCKLOAD
1005,2026-08-13,16,109,6a884fc43fdb4b2ca6d3,505,5238.1,,,0,2026-09-12 23:05:03,MOCKLOAD
1005,2026-08-14,10,118,a63e04ba278f48d4b9f8,505,9058.83,,,0,2026-09-12 23:05:03,MOCKLOAD
1005,2026-08-15,27,105,b23224e8b0bc4c6b970a,505,7639.03,,,0,2026-09-12 23:05:03,MOCKLOAD
1005,2026-08-16,12,102,ea192e6269de4bde8047,505,1502.17,,,0,2026-09-12 23:05:03,MOCKLOAD
1005,2026-08-17,29,108,dfd5d0de20394be297d5,505,3510.71,,,0,2026-09-12 23:05:03,MOCKLOAD
1005,2026-08-18,28,117,4c17deec76c5421eacc8,505,682.15,,,0,2026-09-12 23:05:03,MOCKLOAD
1005,2026-08-19,20,108,36ec987d68a14473b8fb,505,1255.09,,,0,2026-09-12 23:05:03,MOCKLOAD
1005,2026-08-20,13,102,12dfef78e3af436a86c0,505,7299,,,0,2026-09-12 23:05:03,MOCKLOAD
1005,2026-08-21,20,106,0ece7690114f4b9c8af9,505,2064.58,,,0,2026-09-12 23:05:03,MOCKLOAD
1005,2026-08-22,14,112,e475894e121d4402a1b6,505,1652.22,,,0,2026-09-12 23:05:03,MOCKLOAD
1005,2026-08-23,14,107,45b69b495ef5441e8df9,505,4915.18,,,0,2026-09-12 23:05:03,MOCKLOAD
1005,2026-08-24,24,108,6c56e505203b4006b885,505,4086.69,,,0,2026-09-12 23:05:03,MOCKLOAD
1005,2026-08-25,18,101,2ef8a68881ac421481f6,505,4448.74,,,0,2026-09-12 23:05:03,MOCKLOAD
1005,2026-08-26,29,112,b0544747db594fab8bd8,505,996.78,,,0,2026-09-12 23:05:03,MOCKLOAD
1005,2026-08-27,21,105,4277daa3ae92493a9ec6,505,1063.47,,,0,2026-09-12 23:05:03,MOCKLOAD
1005,2026-08-28,13,101,0d348482ec544b06bf73,505,2291.38,,,0,2026-09-12 23:05:03,MOCKLOAD
1005,2026-08-29,13,119,bec97f2465ad4a4bad17,505,104.95,,,0,2026-09-12 23:05:03,MOCKLOAD
1005,2026-08-30,10,120,31ee4d35080e4614b31d,505,8695.51,,,0,2026-09-12 23:05:03,MOCKLOAD
1005,2026-08-31,20,116,ad97366011304bfcb459,505,1988.16,,,0,2026-09-12 23:05:03,MOCKLOAD
1005,2026-09-01,21,110,e267880dafcf45cd92ce,505,1577.63,,,0,2026-09-12 23:05:03,MOCKLOAD
1005,2026-09-02,20,114,3de8baf753f64d2ea1c8,505,2859.62,,,0,2026-09-12 23:05:03,MOCKLOAD
1005,2026-09-03,15,116,22f109f6b6bb469582e1,505,640.62,,,0,2026-09-12 23:05:03,MOCKLOAD
1005,2026-09-04,15,113,f710a6fdf29a498f9ccb,505,7462.16,,,0,2026-09-12 23:05:03,MOCKLOAD
1005,2026-09-05,20,119,b4a675fd2ea9444ab1f6,505,3938.02,,,0,2026-09-12 23:05:03,MOCKLOAD
1005,2026-09-06,13,110,545e1ab5e74b4a45ad2b,505,1746.96,,,0,2026-09-12 23:05:03,MOCKLOAD
1005,2026-09-07,21,114,c5b0ed275ea648799a69,505,2323.17,,,0,2026-09-12 23:05:03,MOCKLOAD
1005,2026-09-08,15,116,59992e7d36be46e49e27,505,138.83,,,0,2026-09-12 23:05:03,MOCKLOAD
1005,2026-09-09,17,115,32c63d32b19d41959a0c,505,227.9,,,0,2026-09-12 23:05:03,MOCKLOAD
1005,2026-08-11,23,118,210d098b38494449bff3,505,173.68,,,0,2026-09-12 23:05:03,MOCKLOAD
1005,2026-08-12,27,117,302f6e28e1c64872ae56,505,4462.45,,,0,2026-09-12 23:05:03,MOCKLOAD
1005,2026-08-13,13,111,6b74367b06f148d98b3f,505,2988.88,,,0,2026-09-12 23:05:03,MOCKLOAD
1005,2026-08-14,23,113,11e2a8cf144147a9a77f,505,1592.07,,,0,2026-09-12 23:05:03,MOCKLOAD
1005,2026-08-15,21,102,f0590dcf917a43a8bcb9,505,853.59,,,0,2026-09-12 23:05:03,MOCKLOAD
1005,2026-08-16,23,103,b6797d7a0f844aea9232,505,5268.7,,,0,2026-09-12 23:05:03,MOCKLOAD
1005,2026-08-17,25,120,a67bf203ed8d418d849a,505,439.29,,,0,2026-09-12 23:05:03,MOCKLOAD
1005,2026-08-18,21,103,d247f29e733140328cd0,505,60.18,,,0,2026-09-12 23:05:03,MOCKLOAD
1005,2026-08-19,13,120,bc5bbe7728c34961aa7d,505,1983.77,,,0,2026-09-12 23:05:03,MOCKLOAD
1005,2026-08-20,20,120,f0fa3b318df1481a9021,505,4158.24,,,0,2026-09-12 23:05:03,MOCKLOAD
1005,2026-08-21,14,114,fe2796dea1854c879250,505,6163.66,,,0,2026-09-12 23:05:03,MOCKLOAD
1005,2026-08-22,15,110,c149f6eef9e94a73add7,505,3215.58,,,0,2026-09-12 23:05:03,MOCKLOAD
1005,2026-08-23,17,116,e75f6b093d2e402184e0,505,3739.59,,,0,2026-09-12 23:05:03,MOCKLOAD
1005,2026-08-24,15,112,1993c0112fa94ddfbd6e,505,7739.6,,,0,2026-09-12 23:05:03,MOCKLOAD
1005,2026-08-25,18,105,c89191e9fc5b4da7b168,505,958.66,,,0,2026-09-12 23:05:03,MOCKLOAD
1005,2026-08-26,18,116,912afcb645564ac39fc2,505,110.58,,,0,2026-09-12 23:05:03,MOCKLOAD
1005,2026-08-27,11,116,8b37047b38644bbba734,505,2236.39,,,0,2026-09-12 23:05:03,MOCKLOAD
1005,2026-08-28,23,106,3c5613f48b354092bd12,505,3033.37,,,0,2026-09-12 23:05:03,MOCKLOAD
1005,2026-08-29,17,104,59d61622abe841a98e88,505,538.88,,,0,2026-09-12 23:05:03,MOCKLOAD
1005,2026-08-30,23,120,c36d8b64074142b48fe9,505,6191.26,,,0,2026-09-12 23:05:03,MOCKLOAD
1005,2026-08-31,24,105,a1bdc02456824d01b446,505,6284.59,,,0,2026-09-12 23:05:03,MOCKLOAD
1005,2026-09-01,17,111,58240865e51b410e86cc,505,502.76,,,0,2026-09-12 23:05:03,MOCKLOAD
1005,2026-09-02,27,119,adac74543aef4ebdbcd8,505,7721.86,,,0,2026-09-12 23:05:03,MOCKLOAD
1005,2026-09-03,21,117,17e9eba7cdb5428aa3a5,505,3277.84,,,0,2026-09-12 23:05:03,MOCKLOAD
1005,2026-09-04,21,116,d26a402a9ae54a938bf0,505,6017.32,,,0,2026-09-12 23:05:03,MOCKLOAD
1005,2026-09-05,29,105,3e7122da124e4ac88397,505,1096.46,,,0,2026-09-12 23:05:03,MOCKLOAD
1005,2026-09-06,20,104,c40ca5006fb44752a0f5,505,9241.21,,,0,2026-09-12 23:05:03,MOCKLOAD
1005,2026-09-07,10,111,532ad1161e9c4ab7a052,505,4632.51,,,0,2026-09-12 23:05:03,MOCKLOAD
1005,2026-09-08,26,103,2ffe6b3bb7be40fe8f48,505,2022.99,,,0,2026-09-12 23:05:03,MOCKLOAD
1005,2026-09-09,20,102,517880af52a941b38f21,505,779.31,,,0,2026-09-12 23:05:03,MOCKLOAD
1005,2026-08-11,29,116,8ec8e83d694e429bb3ff,505,1630.17,,,0,2026-09-12 23:05:03,MOCKLOAD
1005,2026-08-12,22,111,0974794df95d47889b38,505,3221.78,,,0,2026-09-12 23:05:03,MOCKLOAD
1005,2026-08-13,12,111,593debe769a04005a8f2,505,114.96,,,0,2026-09-12 23:05:03,MOCKLOAD
1005,2026-08-14,19,114,7015137059cd4d218574,505,1870.78,,,0,2026-09-12 23:05:03,MOCKLOAD
1005,2026-08-15,21,119,97b20beb2b8445df8ee2,505,2242.25,,,0,2026-09-12 23:05:03,MOCKLOAD
1005,2026-08-16,18,113,cdcc0b07d14a482a98d1,505,369.21,,,0,2026-09-12 23:05:03,MOCKLOAD
1005,2026-08-17,10,104,bd55615d587a41ccb5df,505,189.69,,,0,2026-09-12 23:05:03,MOCKLOAD
1005,2026-08-18,26,107,75f1efcdf1cd43ccac15,505,415.22,,,0,2026-09-12 23:05:03,MOCKLOAD
1005,2026-08-19,24,113,97a91c473e454af89de9,505,2289.03,,,0,2026-09-12 23:05:03,MOCKLOAD
1005,2026-08-20,22,116,0797962d1ba548ceba8d,505,2538.97,,,0,2026-09-12 23:05:03,MOCKLOAD
1005,2026-08-21,19,115,9b4ba439269d463baeb4,505,7216.1,,,0,2026-09-12 23:05:03,MOCKLOAD
1005,2026-08-22,22,119,3dc7817d36d64f0bb703,505,558.4,,,0,2026-09-12 23:05:03,MOCKLOAD
1005,2026-08-23,26,108,ebe2dc404df243eca0ce,505,1683.7,,,0,2026-09-12 23:05:03,MOCKLOAD
1005,2026-08-24,27,112,7b6c9f47d345435ea654,505,5368.93,,,0,2026-09-12 23:05:03,MOCKLOAD
1005,2026-08-25,23,118,b573712876db4855a01b,505,33.39,,,0,2026-09-12 23:05:03,MOCKLOAD
1005,2026-08-26,27,107,a8c04c8f99994f6296ac,505,6299.56,,,0,2026-09-12 23:05:03,MOCKLOAD
1005,2026-08-27,12,118,1d1f8e4c04004f868552,505,179.32,,,0,2026-09-12 23:05:03,MOCKLOAD
1005,2026-08-28,19,120,4213b1eb6aab4a92809c,505,557.33,,,0,2026-09-12 23:05:03,MOCKLOAD
1005,2026-08-29,10,108,8286dc7d382442de883a,505,4813.02,,,0,2026-09-12 23:05:03,MOCKLOAD
1005,2026-08-30,24,111,782a2895dfa345cd9870,505,214.84,,,0,2026-09-12 23:05:03,MOCKLOAD
1005,2026-08-31,17,109,b947f99820ac489081ef,505,6003.25,,,0,2026-09-12 23:05:03,MOCKLOAD
1005,2026-09-01,25,117,355ddd4625de4baa82da,505,4315.91,,,0,2026-09-12 23:05:03,MOCKLOAD
1005,2026-09-02,14,116,75d5a797bb5f4b2b9c1b,505,6361.37,,,0,2026-09-12 23:05:03,MOCKLOAD
1005,2026-09-03,26,104,a6b03b351a5c462bb967,505,2276.88,,,0,2026-09-12 23:05:03,MOCKLOAD
1005,2026-09-04,26,107,26ab6c1e565c4d5bae21,505,5200.37,,,0,2026-09-12 23:05:03,MOCKLOAD
1005,2026-09-05,21,114,09c64326efb14c1f9ae6,505,681.25,,,0,2026-09-12 23:05:03,MOCKLOAD
1005,2026-09-06,19,113,39ea33484ced4f9d82ac,505,1060.47,,,0,2026-09-12 23:05:03,MOCKLOAD
1005,2026-09-07,27,120,ffcd3c21980340a1a9ff,505,1374.41,,,0,2026-09-12 23:05:03,MOCKLOAD
1005,2026-09-08,15,102,180d557d5d824719a198,505,1504.59,,,0,2026-09-12 23:05:03,MOCKLOAD
1005,2026-09-09,19,117,aea90f2eca034cc081f1,505,2206.55,,,0,2026-09-12 23:05:03,MOCKLOAD
1005,2026-08-11,17,110,fd6bd61dc2504e29a4cf,505,2017.19,,,0,2026-09-12 23:05:03,MOCKLOAD
1005,2026-08-12,27,118,577a1a83e37c4c65b71b,505,4343.09,,,0,2026-09-12 23:05:03,MOCKLOAD
1005,2026-08-13,11,107,003dc1dca03346a39a44,505,598.8,,,0,2026-09-12 23:05:03,MOCKLOAD
1005,2026-08-14,16,103,44b0a2e764ab4a878ff2,505,2656.57,,,0,2026-09-12 23:05:03,MOCKLOAD
1005,2026-08-15,24,106,f38461a52a754c49bc64,505,3411.34,,,0,2026-09-12 23:05:03,MOCKLOAD
1005,2026-08-16,25,117,08565c2967ef425b8f98,505,5999.04,,,0,2026-09-12 23:05:03,MOCKLOAD
1005,2026-08-17,22,110,a0b0ad7a34634715a79f,505,1265.49,,,0,2026-09-12 23:05:03,MOCKLOAD
1005,2026-08-18,27,103,11f9f3498d4c41ce84ef,505,1257.68,,,0,2026-09-12 23:05:03,MOCKLOAD
1005,2026-08-19,23,113,3afbb4998b5e43eea1fb,505,510.23,,,0,2026-09-12 23:05:03,MOCKLOAD
1005,2026-08-20,10,118,728f4e65c2854b2db831,505,1934.2,,,0,2026-09-12 23:05:03,MOCKLOAD
1005,2026-08-21,19,107,c89468cbc7a8496dac34,505,2738.5,,,0,2026-09-12 23:05:03,MOCKLOAD
1005,2026-08-22,29,120,4870b74ccc844cda97bb,505,4360.58,,,0,2026-09-12 23:05:03,MOCKLOAD
1005,2026-08-23,26,101,88afbd8f8b404a9e8a00,505,1943.86,,,0,2026-09-12 23:05:03,MOCKLOAD
1005,2026-08-24,11,111,312fdbabafd94fb9acf4,505,2418.38,,,0,2026-09-12 23:05:03,MOCKLOAD
1005,2026-08-25,29,108,b77864bb99034129a3b7,505,192.68,,,0,2026-09-12 23:05:03,MOCKLOAD
1005,2026-08-26,29,119,f4d9ac9a936a4f129e77,505,4319.14,,,0,2026-09-12 23:05:03,MOCKLOAD
1005,2026-08-27,27,105,dbabb772001e476ca3a0,505,6434,,,0,2026-09-12 23:05:03,MOCKLOAD
1005,2026-08-28,24,104,e112a086db204d33bd6d,505,471.58,,,0,2026-09-12 23:05:03,MOCKLOAD
1005,2026-08-29,24,109,568cbacda8b04556903a,505,101.33,,,0,2026-09-12 23:05:03,MOCKLOAD
1005,2026-08-30,18,117,12dea44c386c435a810d,505,1652.77,,,0,2026-09-12 23:05:03,MOCKLOAD
1005,2026-08-31,14,116,0308252567f940b89dc4,505,1580.72,,,0,2026-09-12 23:05:03,MOCKLOAD
1005,2026-09-01,26,101,c5c5833eee624614800a,505,2953.59,,,0,2026-09-12 23:05:03,MOCKLOAD
1005,2026-09-02,13,114,e63d044d1c9e43deafed,505,1150.9,,,0,2026-09-12 23:05:03,MOCKLOAD
1005,2026-09-03,20,110,efd88a39284e4e3aa573,505,2643.35,,,0,2026-09-12 23:05:03,MOCKLOAD
1005,2026-09-04,17,108,e34c1fba98504b418a56,505,3145.28,,,0,2026-09-12 23:05:03,MOCKLOAD
1005,2026-09-05,18,111,0cc95a4eb01d47e69447,505,1950,,,0,2026-09-12 23:05:03,MOCKLOAD
1005,2026-09-06,23,107,c0761a87dd6a4a0a963f,505,826.23,,,0,2026-09-12 23:05:03,MOCKLOAD
1005,2026-09-07,26,120,b3febf63b62a48e6826b,505,4574.6,,,0,2026-09-12 23:05:03,MOCKLOAD
1005,2026-09-08,26,119,2650bcf3c06940909ab1,505,4278.01,,,0,2026-09-12 23:05:03,MOCKLOAD
1005,2026-09-09,11,106,c99c9ee2c98e481e89c1,505,5787.59,,,0,2026-09-12 23:05:03,MOCKLOAD
1006,2026-08-11,26,103,f640f59c63144f00bfed,506,979.02,,,0,2026-09-12 23:05:03,MOCKLOAD
1006,2026-08-12,28,108,e4bd44b4871a46af84df,506,974.25,,,0,2026-09-12 23:05:03,MOCKLOAD
1006,2026-08-13,18,103,5d3aac8f089148498b9a,506,530.5,,,0,2026-09-12 23:05:03,MOCKLOAD
1006,2026-08-14,25,111,189bc8aabebc4798a1ed,506,185.23,,,0,2026-09-12 23:05:03,MOCKLOAD
1006,2026-08-15,21,104,3ec50921e21b4aaeb168,506,279.26,,,0,2026-09-12 23:05:03,MOCKLOAD
1006,2026-08-16,13,106,5aa09091d69b49318ae9,506,4700.13,,,0,2026-09-12 23:05:03,MOCKLOAD
1006,2026-08-17,25,103,32f81ec785704a1cac08,506,2681.42,,,0,2026-09-12 23:05:03,MOCKLOAD
1006,2026-08-18,25,116,199e0803318140fdbd58,506,3244.81,,,0,2026-09-12 23:05:03,MOCKLOAD
1006,2026-08-19,27,115,825531ff4b7b4d639d36,506,1909.98,,,0,2026-09-12 23:05:03,MOCKLOAD
1006,2026-08-20,11,111,706203ba716d4fa0a479,506,8149.26,,,0,2026-09-12 23:05:03,MOCKLOAD
1006,2026-08-21,19,108,20c5639837d44b51977a,506,2318.81,,,0,2026-09-12 23:05:03,MOCKLOAD
1006,2026-08-22,13,117,66899e96935f40f88052,506,284.26,,,0,2026-09-12 23:05:03,MOCKLOAD
1006,2026-08-23,20,105,96d9fe3e24c5495897b4,506,1631.94,,,0,2026-09-12 23:05:03,MOCKLOAD
1006,2026-08-24,27,113,499c7a9d00fd4ec8926e,506,592.66,,,0,2026-09-12 23:05:03,MOCKLOAD
1006,2026-08-25,14,117,815b6d313582424c9f31,506,2864.54,,,0,2026-09-12 23:05:03,MOCKLOAD
1006,2026-08-26,25,117,7cf10a56cd464535bf7a,506,3521.86,,,0,2026-09-12 23:05:03,MOCKLOAD
1006,2026-08-27,10,103,2938a0400b814056a282,506,60.01,,,0,2026-09-12 23:05:03,MOCKLOAD
1006,2026-08-28,14,105,dc077fed7bb64dd49d93,506,5433.42,,,0,2026-09-12 23:05:03,MOCKLOAD
1006,2026-08-29,24,120,16d3a4c206844b24810c,506,871.38,,,0,2026-09-12 23:05:03,MOCKLOAD
1006,2026-08-30,18,109,958b3a50dc6347af9e53,506,254.75,,,0,2026-09-12 23:05:03,MOCKLOAD
1006,2026-08-31,14,119,0e0b6de9ab774312b293,506,1406.4,,,0,2026-09-12 23:05:03,MOCKLOAD
1006,2026-09-01,14,114,ff4c0243976f443fbbd6,506,5921.36,,,0,2026-09-12 23:05:03,MOCKLOAD
1006,2026-09-02,24,116,2781e5e0a6c1497bb56a,506,606.41,,,0,2026-09-12 23:05:03,MOCKLOAD
1006,2026-09-03,26,109,c1c0218c17e64764ab9e,506,457.98,,,0,2026-09-12 23:05:03,MOCKLOAD
1006,2026-09-04,23,112,9ea50f27910d4f54bc4d,506,6121.33,,,0,2026-09-12 23:05:03,MOCKLOAD
1006,2026-09-05,16,109,fb3e96098e41466b938c,506,2567.02,,,0,2026-09-12 23:05:03,MOCKLOAD
1006,2026-09-06,21,112,37ffc4e97ccf49839ab9,506,2566.7,,,0,2026-09-12 23:05:03,MOCKLOAD
1006,2026-09-07,21,106,cc0facbaa0124820a071,506,2063.56,,,0,2026-09-12 23:05:03,MOCKLOAD
1006,2026-09-08,23,118,d5b738ff38324eecb59b,506,3073.07,,,0,2026-09-12 23:05:03,MOCKLOAD
1006,2026-09-09,26,106,9e5f5cec429a4ec4881c,506,287.18,,,0,2026-09-12 23:05:03,MOCKLOAD
1006,2026-08-11,10,111,8e92694752fa49fb827d,506,1303.66,,,0,2026-09-12 23:05:03,MOCKLOAD
1006,2026-08-12,28,101,89a0b31be1a743048f95,506,252.28,,,0,2026-09-12 23:05:03,MOCKLOAD
1006,2026-08-13,12,108,12b9fe2cf86741359fef,506,4382.44,,,0,2026-09-12 23:05:03,MOCKLOAD
1006,2026-08-14,12,108,ef7bcada25234c8d9fe6,506,28.57,,,0,2026-09-12 23:05:03,MOCKLOAD
1006,2026-08-15,24,108,29fdc7c5517345bc8313,506,36.36,,,0,2026-09-12 23:05:03,MOCKLOAD
1006,2026-08-16,17,108,5c2da85ad28349c9bd86,506,71.92,,,0,2026-09-12 23:05:03,MOCKLOAD
1006,2026-08-17,14,110,1c86710abc7846f49cdf,506,4624.34,,,0,2026-09-12 23:05:03,MOCKLOAD
1006,2026-08-18,16,107,dc057f7892a64157b6ad,506,862.73,,,0,2026-09-12 23:05:03,MOCKLOAD
1006,2026-08-19,15,101,ecd1f7d8918a48ebafb0,506,285.13,,,0,2026-09-12 23:05:03,MOCKLOAD
1006,2026-08-20,12,106,ed2f0b9271824b34a38b,506,85.8,,,0,2026-09-12 23:05:03,MOCKLOAD
1006,2026-08-21,25,104,8fdcd41dfbd94f57b108,506,318.77,,,0,2026-09-12 23:05:03,MOCKLOAD
1006,2026-08-22,25,111,ef05df10b1c5487d8f15,506,1029.6,,,0,2026-09-12 23:05:03,MOCKLOAD
1006,2026-08-23,29,112,b59c390164bc46299289,506,709.88,,,0,2026-09-12 23:05:03,MOCKLOAD
1006,2026-08-24,20,108,4a45a47e05ff49549eeb,506,2772.62,,,0,2026-09-12 23:05:03,MOCKLOAD
1006,2026-08-25,29,120,c1eb82ac701a465c821a,506,4194.12,,,0,2026-09-12 23:05:03,MOCKLOAD
1006,2026-08-26,22,101,6d6daf51c8114c28af1d,506,4.64,,,0,2026-09-12 23:05:03,MOCKLOAD
1006,2026-08-27,28,111,c8e30a71fcca44b5b5fd,506,1369.85,,,0,2026-09-12 23:05:03,MOCKLOAD
1006,2026-08-28,24,118,4c36b867c9ce4625b74d,506,577.12,,,0,2026-09-12 23:05:03,MOCKLOAD
1006,2026-08-29,20,115,a8c2c834cd674df18379,506,1049,,,0,2026-09-12 23:05:03,MOCKLOAD
1006,2026-08-30,21,119,9e4ac8a8ecb247919625,506,128.65,,,0,2026-09-12 23:05:03,MOCKLOAD
1006,2026-08-31,11,103,da69590c831649a0a259,506,3721.22,,,0,2026-09-12 23:05:03,MOCKLOAD
1006,2026-09-01,24,111,81292ba5f52a4026a928,506,221.57,,,0,2026-09-12 23:05:03,MOCKLOAD
1006,2026-09-02,20,101,a64766abd0cf4eaf8a2f,506,80.46,,,0,2026-09-12 23:05:03,MOCKLOAD
1006,2026-09-03,11,102,d1f66e8f32e640bea575,506,3388.07,,,0,2026-09-12 23:05:03,MOCKLOAD
1006,2026-09-04,17,102,9904a860404e4e4fbb06,506,1585.52,,,0,2026-09-12 23:05:03,MOCKLOAD
1006,2026-09-05,25,113,4b0e31a35907475b8695,506,806.12,,,0,2026-09-12 23:05:03,MOCKLOAD
1006,2026-09-06,20,119,904a6ab510134c96a3e2,506,184.77,,,0,2026-09-12 23:05:03,MOCKLOAD
1006,2026-09-07,14,116,629aff3c1ae54795b3d2,506,4203.44,,,0,2026-09-12 23:05:03,MOCKLOAD
1006,2026-09-08,22,115,e89ea4fcc9914ee3a3d2,506,34.13,,,0,2026-09-12 23:05:03,MOCKLOAD
1006,2026-09-09,20,113,b1e44316757d4626a541,506,1216.91,,,0,2026-09-12 23:05:03,MOCKLOAD
1006,2026-08-11,24,107,d4b3d0eb66184d6c8eeb,506,1010.12,,,0,2026-09-12 23:05:03,MOCKLOAD
1006,2026-08-12,13,118,50e47e9175f84508b8e1,506,3581.51,,,0,2026-09-12 23:05:03,MOCKLOAD
1006,2026-08-13,13,111,8105b1482bf545c5880e,506,7712.68,,,0,2026-09-12 23:05:03,MOCKLOAD
1006,2026-08-14,25,116,fe464fdef18a44c6ae8e,506,5134.71,,,0,2026-09-12 23:05:03,MOCKLOAD
1006,2026-08-15,26,112,fdb4aa86f39a422d8859,506,2149.13,,,0,2026-09-12 23:05:03,MOCKLOAD
1006,2026-08-16,20,109,bab0d0b196504c6393c1,506,4987.25,,,0,2026-09-12 23:05:03,MOCKLOAD
1006,2026-08-17,11,116,c98f3b0bc8764eb8b7bd,506,367.92,,,0,2026-09-12 23:05:03,MOCKLOAD
1006,2026-08-18,17,108,829a311092884fbfad64,506,4518.39,,,0,2026-09-12 23:05:03,MOCKLOAD
1006,2026-08-19,18,102,890974e443544df3a35f,506,694.35,,,0,2026-09-12 23:05:03,MOCKLOAD
1006,2026-08-20,12,118,d83616da243c461c819b,506,1041.43,,,0,2026-09-12 23:05:03,MOCKLOAD
1006,2026-08-21,20,106,392c607189c0483094fc,506,947.1,,,0,2026-09-12 23:05:03,MOCKLOAD
1006,2026-08-22,27,110,b209ef9511bb4380862d,506,3562.51,,,0,2026-09-12 23:05:03,MOCKLOAD
1006,2026-08-23,24,104,3da3861ef95744d2b761,506,2430.83,,,0,2026-09-12 23:05:03,MOCKLOAD
1006,2026-08-24,11,117,18ef9d500e7f4b638c7e,506,2118,,,0,2026-09-12 23:05:03,MOCKLOAD
1006,2026-08-25,19,104,123f297b01824e3d8276,506,8327.91,,,0,2026-09-12 23:05:03,MOCKLOAD
1006,2026-08-26,13,117,43091b0e45934397858f,506,193.34,,,0,2026-09-12 23:05:03,MOCKLOAD
1006,2026-08-27,26,119,2e42aec6d28c403d9b73,506,828.96,,,0,2026-09-12 23:05:03,MOCKLOAD
1006,2026-08-28,20,101,76c5b94c8e2f4274af2d,506,949.19,,,0,2026-09-12 23:05:03,MOCKLOAD
1006,2026-08-29,11,119,78c0597fd35b4cde83a8,506,4858.52,,,0,2026-09-12 23:05:03,MOCKLOAD
1006,2026-08-30,11,104,c3bfc1757ce24982be8d,506,256.93,,,0,2026-09-12 23:05:03,MOCKLOAD
1006,2026-08-31,28,105,c1a38062040c43f3bc9e,506,23.56,,,0,2026-09-12 23:05:03,MOCKLOAD
1006,2026-09-01,19,113,2693b8cc463e416aa143,506,5574.4,,,0,2026-09-12 23:05:03,MOCKLOAD
1006,2026-09-02,12,107,aee955b670e942e0bfe4,506,4725.5,,,0,2026-09-12 23:05:03,MOCKLOAD
1006,2026-09-03,28,110,897552104bbd4b46b0b9,506,666.18,,,0,2026-09-12 23:05:03,MOCKLOAD
1006,2026-09-04,14,109,ad00f5ee90cb4cc3aa74,506,985.15,,,0,2026-09-12 23:05:03,MOCKLOAD
1006,2026-09-05,27,102,b3e1af7441794c3b8715,506,718.49,,,0,2026-09-12 23:05:03,MOCKLOAD
1006,2026-09-06,17,116,b8da7253eaeb4c778651,506,3951.15,,,0,2026-09-12 23:05:03,MOCKLOAD
1006,2026-09-07,14,116,8bc3ee759e0e4f03be59,506,2624.39,,,0,2026-09-12 23:05:03,MOCKLOAD
1006,2026-09-08,18,116,2e8c07db5f324da8948a,506,2925.06,,,0,2026-09-12 23:05:03,MOCKLOAD
1006,2026-09-09,27,112,5b83fb1e8c884397bdac,506,2596.7,,,0,2026-09-12 23:05:03,MOCKLOAD
1006,2026-08-11,11,115,ff2e9d29ae7645eebece,506,1990.06,,,0,2026-09-12 23:05:03,MOCKLOAD
1006,2026-08-12,10,119,b227ae4521e04724a209,506,6937.05,,,0,2026-09-12 23:05:03,MOCKLOAD
1006,2026-08-13,15,101,879833b4429442bda7a8,506,2172.58,,,0,2026-09-12 23:05:03,MOCKLOAD
1006,2026-08-14,25,118,fb2b1f367a8844989404,506,847.05,,,0,2026-09-12 23:05:03,MOCKLOAD
1006,2026-08-15,17,103,54fbec328a1a4cf09793,506,5337.09,,,0,2026-09-12 23:05:03,MOCKLOAD
1006,2026-08-16,24,114,716a018913254bf8bc91,506,4528.9,,,0,2026-09-12 23:05:03,MOCKLOAD
1006,2026-08-17,26,105,07db3a52d926452b9c53,506,2045.28,,,0,2026-09-12 23:05:03,MOCKLOAD
1006,2026-08-18,21,101,333a6b1683eb4f1dafac,506,2187.47,,,0,2026-09-12 23:05:03,MOCKLOAD
1006,2026-08-19,22,103,659a1e200d854993aa68,506,437.55,,,0,2026-09-12 23:05:03,MOCKLOAD
1006,2026-08-20,19,114,561582cab4a449629392,506,2718.91,,,0,2026-09-12 23:05:03,MOCKLOAD
1006,2026-08-21,22,105,236ff40ecf1a41ff9195,506,3787.62,,,0,2026-09-12 23:05:03,MOCKLOAD
1006,2026-08-22,14,120,a4f9bc7a7ace461486ad,506,44.69,,,0,2026-09-12 23:05:03,MOCKLOAD
1006,2026-08-23,26,118,333eb955461446c4bbaa,506,1175.6,,,0,2026-09-12 23:05:03,MOCKLOAD
1006,2026-08-24,17,115,ed734a51962a46efba87,506,4014.65,,,0,2026-09-12 23:05:03,MOCKLOAD
1006,2026-08-25,28,101,bbb4e7497365467eb7af,506,1737.84,,,0,2026-09-12 23:05:03,MOCKLOAD
1006,2026-08-26,13,108,e6ebccc044984f31b951,506,7331.21,,,0,2026-09-12 23:05:03,MOCKLOAD
1006,2026-08-27,22,111,90bf1a57c5d14b81b16d,506,3506.41,,,0,2026-09-12 23:05:03,MOCKLOAD
1006,2026-08-28,25,107,0fcdc2d43158470a9c4b,506,4951.66,,,0,2026-09-12 23:05:03,MOCKLOAD
1006,2026-08-29,16,119,2804e95eef7d4f2e93e7,506,2279.66,,,0,2026-09-12 23:05:03,MOCKLOAD
1006,2026-08-30,17,116,ac7038c48d594f738a1a,506,3766.83,,,0,2026-09-12 23:05:03,MOCKLOAD
1006,2026-08-31,16,104,4652ae6440f044b4b83f,506,697.01,,,0,2026-09-12 23:05:03,MOCKLOAD
1006,2026-09-01,10,101,42f10c2f59b74e0bbba2,506,997.75,,,0,2026-09-12 23:05:03,MOCKLOAD
1006,2026-09-02,25,106,2ecdeac19f7c41c488d9,506,1422.15,,,0,2026-09-12 23:05:03,MOCKLOAD
1006,2026-09-03,19,115,20af3aef82864c6d82aa,506,3121.4,,,0,2026-09-12 23:05:03,MOCKLOAD
1006,2026-09-04,12,101,08a89633e9f2432e8966,506,808.21,,,0,2026-09-12 23:05:03,MOCKLOAD
1006,2026-09-05,13,102,c5fb3649ba724e3bbbe1,506,7873.02,,,0,2026-09-12 23:05:03,MOCKLOAD
1006,2026-09-06,14,114,913b99d8bca24fd3b946,506,4649.14,,,0,2026-09-12 23:05:03,MOCKLOAD
1006,2026-09-07,25,103,cbf9d9541fc04d69a368,506,2521.73,,,0,2026-09-12 23:05:03,MOCKLOAD
1006,2026-09-08,25,105,6bfa2cb0ae574233ae29,506,876.86,,,0,2026-09-12 23:05:03,MOCKLOAD
1006,2026-09-09,23,114,f54c7018666d43bf91b7,506,1909.07,,,0,2026-09-12 23:05:03,MOCKLOAD
1006,2026-08-11,14,115,971d8fff9b7c49f2a02c,506,8283.31,,,0,2026-09-12 23:05:03,MOCKLOAD
1006,2026-08-12,13,113,f4f0b752240f49e29511,506,897.97,,,0,2026-09-12 23:05:03,MOCKLOAD
1006,2026-08-13,23,110,4ace9e8f7a45441e8344,506,1770.09,,,0,2026-09-12 23:05:03,MOCKLOAD
1006,2026-08-14,19,109,ebe71482f4fe4a398ff9,506,677.19,,,0,2026-09-12 23:05:03,MOCKLOAD
1006,2026-08-15,15,114,e013f487364d4951a044,506,71.44,,,0,2026-09-12 23:05:03,MOCKLOAD
1006,2026-08-16,24,102,086b24094c47416481a9,506,2960.64,,,0,2026-09-12 23:05:03,MOCKLOAD
1006,2026-08-17,14,108,7ff8a126105846818495,506,198.14,,,0,2026-09-12 23:05:03,MOCKLOAD
1006,2026-08-18,15,103,309ddc041fb64c4a9ed1,506,2017.22,,,0,2026-09-12 23:05:03,MOCKLOAD
1006,2026-08-19,26,111,160ea472c35842f69341,506,254.28,,,0,2026-09-12 23:05:03,MOCKLOAD
1006,2026-08-20,19,112,f77875e85fcc4559bad6,506,8873.21,,,0,2026-09-12 23:05:03,MOCKLOAD
1006,2026-08-21,12,117,e9268b95dcd34c72983e,506,2132.87,,,0,2026-09-12 23:05:03,MOCKLOAD
1006,2026-08-22,12,108,2a422be49e694ac5910d,506,2340.61,,,0,2026-09-12 23:05:03,MOCKLOAD
1006,2026-08-23,17,115,8b884f60373c40bf9faa,506,781.01,,,0,2026-09-12 23:05:03,MOCKLOAD
1006,2026-08-24,11,120,c52f14bde8d746648c8f,506,4350.78,,,0,2026-09-12 23:05:03,MOCKLOAD
1006,2026-08-25,29,106,12bdfbe5fda44fcdb75e,506,1948.3,,,0,2026-09-12 23:05:03,MOCKLOAD
1006,2026-08-26,12,110,6eb6d6525c9040c1bb95,506,7022.85,,,0,2026-09-12 23:05:03,MOCKLOAD
1006,2026-08-27,10,114,47e1ccc29b964e29b50c,506,325.4,,,0,2026-09-12 23:05:03,MOCKLOAD
1006,2026-08-28,26,109,e29a2ac588f04f98a93e,506,1936.54,,,0,2026-09-12 23:05:03,MOCKLOAD
1006,2026-08-29,17,103,5b0259b116d945adb293,506,3404.72,,,0,2026-09-12 23:05:03,MOCKLOAD
1006,2026-08-30,14,117,ecf2904c21a84407b1e5,506,622.16,,,0,2026-09-12 23:05:03,MOCKLOAD
1006,2026-08-31,10,104,4f0cdc064d98485187b7,506,3594.01,,,0,2026-09-12 23:05:03,MOCKLOAD
1006,2026-09-01,22,117,11c8e100f3f048bb931e,506,503.61,,,0,2026-09-12 23:05:03,MOCKLOAD
1006,2026-09-02,27,109,fb5fda97f24c42c392b0,506,1629.4,,,0,2026-09-12 23:05:03,MOCKLOAD
1006,2026-09-03,20,115,a9eb48ace49142478b96,506,258.19,,,0,2026-09-12 23:05:03,MOCKLOAD
1006,2026-09-04,28,116,0c48b6bb73cc43cfae3f,506,7391.27,,,0,2026-09-12 23:05:03,MOCKLOAD
1006,2026-09-05,25,104,722bf0b63eb142548ec4,506,1424.08,,,0,2026-09-12 23:05:03,MOCKLOAD
1006,2026-09-06,24,101,157da9d60343493880ef,506,360.46,,,0,2026-09-12 23:05:03,MOCKLOAD
1006,2026-09-07,27,119,a7a3c544b8b24a98ab89,506,6865.36,,,0,2026-09-12 23:05:03,MOCKLOAD
1006,2026-09-08,24,119,afd38e9139ca4666bb1a,506,2432.79,,,0,2026-09-12 23:05:03,MOCKLOAD
1006,2026-09-09,10,115,394c209ea1e34fcab9c7,506,3177.52,,,0,2026-09-12 23:05:03,MOCKLOAD
1006,2026-08-11,23,110,9ccb1054066a454ca003,506,3168.79,,,0,2026-09-12 23:05:03,MOCKLOAD
1006,2026-08-12,24,118,39ed4a0ff62d40419bf9,506,1652.99,,,0,2026-09-12 23:05:03,MOCKLOAD
1006,2026-08-13,19,105,412dbb54b5ca4ae8a437,506,390.91,,,0,2026-09-12 23:05:03,MOCKLOAD
1006,2026-08-14,17,105,47e7ecb506fa4839ab5d,506,5326.49,,,0,2026-09-12 23:05:03,MOCKLOAD
1006,2026-08-15,11,114,654e730faaaf4695b585,506,2508.59,,,0,2026-09-12 23:05:03,MOCKLOAD
1006,2026-08-16,23,102,7480c2ce407b4870a708,506,384.25,,,0,2026-09-12 23:05:03,MOCKLOAD
1006,2026-08-17,16,114,72043c91861349a08b39,506,2846.19,,,0,2026-09-12 23:05:03,MOCKLOAD
1006,2026-08-18,22,114,a1fcb4f42cf645919982,506,607.52,,,0,2026-09-12 23:05:03,MOCKLOAD
1006,2026-08-19,19,101,f2db28a42cca4cf99eee,506,1152.98,,,0,2026-09-12 23:05:03,MOCKLOAD
1006,2026-08-20,23,118,c24c23f2da89477a8698,506,307.08,,,0,2026-09-12 23:05:03,MOCKLOAD
1006,2026-08-21,22,101,99dc3fdcc53c4a328835,506,47.56,,,0,2026-09-12 23:05:03,MOCKLOAD
1006,2026-08-22,23,114,fada8e0d8ff24e729140,506,873.62,,,0,2026-09-12 23:05:03,MOCKLOAD
1006,2026-08-23,28,119,97d3d452da6849a296f2,506,1736.71,,,0,2026-09-12 23:05:03,MOCKLOAD
1006,2026-08-24,17,118,105772fbca74475ab9f9,506,772.81,,,0,2026-09-12 23:05:03,MOCKLOAD
1006,2026-08-25,26,115,02190a60e17148ef870e,506,5867.07,,,0,2026-09-12 23:05:03,MOCKLOAD
1006,2026-08-26,26,107,b338b77582bc488a9e33,506,4263.6,,,0,2026-09-12 23:05:03,MOCKLOAD
1006,2026-08-27,18,110,23b95a5d216f44c880c0,506,2991.71,,,0,2026-09-12 23:05:03,MOCKLOAD
1006,2026-08-28,16,116,c8d391757bb646fe8ac5,506,2702.42,,,0,2026-09-12 23:05:03,MOCKLOAD
1006,2026-08-29,10,118,5a3f5f9714954ba59b40,506,692.27,,,0,2026-09-12 23:05:03,MOCKLOAD
1006,2026-08-30,16,111,003ca6ad90714fdda946,506,8895.71,,,0,2026-09-12 23:05:03,MOCKLOAD
1006,2026-08-31,26,111,8ddad3e794ef421a9936,506,2102.79,,,0,2026-09-12 23:05:03,MOCKLOAD
1006,2026-09-01,21,109,140b548d3bb34797ad46,506,871.03,,,0,2026-09-12 23:05:03,MOCKLOAD
1006,2026-09-02,16,111,ce9ba2e851bc43319a9d,506,3381.86,,,0,2026-09-12 23:05:03,MOCKLOAD
1006,2026-09-03,27,110,b717fb404b7840aabacc,506,122.72,,,0,2026-09-12 23:05:03,MOCKLOAD
1006,2026-09-04,24,102,92481fcaf9824d18b270,506,79.35,,,0,2026-09-12 23:05:03,MOCKLOAD
1006,2026-09-05,25,107,b8eb30a65daf44d2bac6,506,2428.95,,,0,2026-09-12 23:05:03,MOCKLOAD
1006,2026-09-06,27,107,91710cca2ce646fc8649,506,7081.13,,,0,2026-09-12 23:05:03,MOCKLOAD
1006,2026-09-07,23,111,434a03a440a5479a9bc6,506,2312.79,,,0,2026-09-12 23:05:03,MOCKLOAD
1006,2026-09-08,14,106,5fedb3fc5365403c9f9c,506,5743.11,,,0,2026-09-12 23:05:03,MOCKLOAD
1006,2026-09-09,15,103,6a1ece72fef14eefaddd,506,4407.86,,,0,2026-09-12 23:05:03,MOCKLOAD
1006,2026-08-11,19,111,f77fce4c0e104a0c9b93,506,2288.83,,,0,2026-09-12 23:05:03,MOCKLOAD
1006,2026-08-12,23,104,2ee6db82a2c9491bafa9,506,7259.56,,,0,2026-09-12 23:05:03,MOCKLOAD
1006,2026-08-13,12,120,4fd4a19f600241638d6c,506,3721.42,,,0,2026-09-12 23:05:03,MOCKLOAD
1006,2026-08-14,28,115,689bc9009940426fac59,506,2212,,,0,2026-09-12 23:05:03,MOCKLOAD
1006,2026-08-15,27,111,f1237762b2ab47688aca,506,6342.22,,,0,2026-09-12 23:05:03,MOCKLOAD
1006,2026-08-16,19,116,8f771fbaef464f92a92a,506,8147.43,,,0,2026-09-12 23:05:03,MOCKLOAD
1006,2026-08-17,21,114,763e66e17c2f49f3981a,506,3081.63,,,0,2026-09-12 23:05:03,MOCKLOAD
1006,2026-08-18,27,118,64204d4263234e34af83,506,257.4,,,0,2026-09-12 23:05:03,MOCKLOAD
1006,2026-08-19,26,104,ae34cea6c4494d498b12,506,1549.55,,,0,2026-09-12 23:05:03,MOCKLOAD
1006,2026-08-20,20,119,d18fe28e617e4d6d952f,506,1062.19,,,0,2026-09-12 23:05:03,MOCKLOAD
1006,2026-08-21,15,120,cffd8fc5548b43ab83ac,506,1074.49,,,0,2026-09-12 23:05:03,MOCKLOAD
1006,2026-08-22,10,119,170dbf9a8ca54fe1a427,506,1295.21,,,0,2026-09-12 23:05:03,MOCKLOAD
1006,2026-08-23,27,105,478d2baaea4b4f168286,506,7213.43,,,0,2026-09-12 23:05:03,MOCKLOAD
1006,2026-08-24,26,109,3e1d898dd7554a45ba23,506,4227.47,,,0,2026-09-12 23:05:03,MOCKLOAD
1006,2026-08-25,19,105,c2c7799db6204167906a,506,256.84,,,0,2026-09-12 23:05:03,MOCKLOAD
1006,2026-08-26,12,105,df223ec0eba74ec2b937,506,2047.5,,,0,2026-09-12 23:05:03,MOCKLOAD
1006,2026-08-27,25,109,058ed14da82e42ddb21d,506,1931.86,,,0,2026-09-12 23:05:03,MOCKLOAD
1006,2026-08-28,14,101,f0c09b72a53a484a9644,506,4533.61,,,0,2026-09-12 23:05:03,MOCKLOAD
1006,2026-08-29,10,103,17455e05a184400c981f,506,5894.51,,,0,2026-09-12 23:05:03,MOCKLOAD
1006,2026-08-30,29,110,49b4cd6d8a994d1cbdd5,506,2912.91,,,0,2026-09-12 23:05:03,MOCKLOAD
1006,2026-08-31,12,101,203cb043482f4250b69a,506,1566.58,,,0,2026-09-12 23:05:03,MOCKLOAD
1006,2026-09-01,27,102,e15f72d7ac2b4306a228,506,5086.77,,,0,2026-09-12 23:05:03,MOCKLOAD
1006,2026-09-02,29,106,fed29285bdaa440bb5c7,506,3478.38,,,0,2026-09-12 23:05:03,MOCKLOAD
1006,2026-09-03,12,115,8df597d7887849fa91ac,506,4624.15,,,0,2026-09-12 23:05:03,MOCKLOAD
1006,2026-09-04,21,120,b0a724501256466db91f,506,768.96,,,0,2026-09-12 23:05:03,MOCKLOAD
1006,2026-09-05,22,114,c50e75c86c8940ffa373,506,3719.9,,,0,2026-09-12 23:05:03,MOCKLOAD
1006,2026-09-06,19,102,da3d495b831e45f1a80f,506,1644.57,,,0,2026-09-12 23:05:03,MOCKLOAD
1006,2026-09-07,10,108,10881982ec32409cab31,506,5711.11,,,0,2026-09-12 23:05:03,MOCKLOAD
1006,2026-09-08,14,107,a14784e468e843d4a999,506,161.43,,,0,2026-09-12 23:05:03,MOCKLOAD
1006,2026-09-09,28,104,18481660f1b64ea193f4,506,1029.7,,,0,2026-09-12 23:05:03,MOCKLOAD
1006,2026-08-11,21,117,7f8a3ad4a38642a99bb6,506,6968.39,,,0,2026-09-12 23:05:03,MOCKLOAD
1006,2026-08-12,18,117,88e8d82fc1b34d458252,506,2465.67,,,0,2026-09-12 23:05:03,MOCKLOAD
1006,2026-08-13,15,117,13647d14b7ac4d6cae7c,506,84.05,,,0,2026-09-12 23:05:03,MOCKLOAD
1006,2026-08-14,23,113,bc66511a15d343e182f7,506,2804.45,,,0,2026-09-12 23:05:03,MOCKLOAD
1006,2026-08-15,25,104,6aa4eb140b734c7384a8,506,970.95,,,0,2026-09-12 23:05:03,MOCKLOAD
1006,2026-08-16,19,119,9e80f38eaaf341a8a815,506,3812.44,,,0,2026-09-12 23:05:03,MOCKLOAD
1006,2026-08-17,12,105,3da81a2f39da49b79bc7,506,3630.91,,,0,2026-09-12 23:05:03,MOCKLOAD
1006,2026-08-18,12,103,242aaafe8b304220bb6e,506,2105.46,,,0,2026-09-12 23:05:03,MOCKLOAD
1006,2026-08-19,10,105,f8e0492540a345d0b173,506,2143.41,,,0,2026-09-12 23:05:03,MOCKLOAD
1006,2026-08-20,18,108,ede3d6c42c2843dab3ed,506,3961.12,,,0,2026-09-12 23:05:03,MOCKLOAD
1006,2026-08-21,22,110,b8640a28bdef446cbae8,506,415.19,,,0,2026-09-12 23:05:03,MOCKLOAD
1006,2026-08-22,29,116,0739e7fcd6d24401848d,506,116.29,,,0,2026-09-12 23:05:03,MOCKLOAD
1006,2026-08-23,12,115,64b252724366484e8332,506,55.48,,,0,2026-09-12 23:05:03,MOCKLOAD
1006,2026-08-24,15,118,17bb9b5b3a354efb806e,506,831.14,,,0,2026-09-12 23:05:03,MOCKLOAD
1006,2026-08-25,14,102,cb061b89f1cf42b3a40e,506,2783.69,,,0,2026-09-12 23:05:03,MOCKLOAD
1006,2026-08-26,21,115,a75d6d53a6454d0196b7,506,858.84,,,0,2026-09-12 23:05:03,MOCKLOAD
1006,2026-08-27,14,115,d8fab169d6064ee6a11a,506,449.46,,,0,2026-09-12 23:05:03,MOCKLOAD
1006,2026-08-28,16,109,beeb12bfd31b4fa9a592,506,948,,,0,2026-09-12 23:05:03,MOCKLOAD
1006,2026-08-29,18,113,d2023b589875468e857c,506,857.05,,,0,2026-09-12 23:05:03,MOCKLOAD
1006,2026-08-30,19,112,19a0bfe657424248acfd,506,1251.66,,,0,2026-09-12 23:05:03,MOCKLOAD
1006,2026-08-31,11,118,32f395426e91478b815f,506,1383.63,,,0,2026-09-12 23:05:03,MOCKLOAD
1006,2026-09-01,10,114,e8f2883ea7d9452da5f5,506,116.9,,,0,2026-09-12 23:05:03,MOCKLOAD
1006,2026-09-02,12,118,f3b2555237324ca380b6,506,593.26,,,0,2026-09-12 23:05:03,MOCKLOAD
1006,2026-09-03,26,114,6c50622aeb8843a7ba8f,506,4933.77,,,0,2026-09-12 23:05:03,MOCKLOAD
1006,2026-09-04,21,102,48548471570c47a29ad4,506,1660.22,,,0,2026-09-12 23:05:03,MOCKLOAD
1006,2026-09-05,10,104,434b2c38e6744f278b2d,506,25.08,,,0,2026-09-12 23:05:03,MOCKLOAD
1006,2026-09-06,28,103,6d292e60598d4bfeb8f0,506,1794.42,,,0,2026-09-12 23:05:03,MOCKLOAD
1006,2026-09-07,11,112,6620d619e84c4c8894a6,506,420.91,,,0,2026-09-12 23:05:03,MOCKLOAD
1006,2026-09-08,14,114,b166f667493d48398bc5,506,2712.52,,,0,2026-09-12 23:05:03,MOCKLOAD
1006,2026-09-09,11,102,78066cdd9aea4e16b29a,506,3551.34,,,0,2026-09-12 23:05:03,MOCKLOAD
1006,2026-08-11,15,118,75b5e78406eb49b2980a,506,4453.09,,,0,2026-09-12 23:05:03,MOCKLOAD
1006,2026-08-12,22,101,43303fdbc26c4f0eb42e,506,739.93,,,0,2026-09-12 23:05:03,MOCKLOAD
1006,2026-08-13,19,118,92449a9668754a43a3c2,506,5829.3,,,0,2026-09-12 23:05:03,MOCKLOAD
1006,2026-08-14,29,104,61b74a2b9a4e47f18501,506,5106.6,,,0,2026-09-12 23:05:03,MOCKLOAD
1006,2026-08-15,29,107,3c2e81e23ec44e3b8bea,506,3301.06,,,0,2026-09-12 23:05:03,MOCKLOAD
1006,2026-08-16,19,101,72f940efd7864ccbafa6,506,164.56,,,0,2026-09-12 23:05:03,MOCKLOAD
1006,2026-08-17,26,106,e950ed315e55439e8ba5,506,4732.29,,,0,2026-09-12 23:05:03,MOCKLOAD
1006,2026-08-18,23,114,580e0a80564b4b3eb350,506,2072.32,,,0,2026-09-12 23:05:03,MOCKLOAD
1006,2026-08-19,15,116,73f3dc0609a54b70957c,506,1566.22,,,0,2026-09-12 23:05:03,MOCKLOAD
1006,2026-08-20,21,115,e1964b7b7e584b86b411,506,668.08,,,0,2026-09-12 23:05:03,MOCKLOAD
1006,2026-08-21,21,112,bf165a39132f4d61aa50,506,142.73,,,0,2026-09-12 23:05:03,MOCKLOAD
1006,2026-08-22,19,114,bcf959e756914c958cc8,506,1236.43,,,0,2026-09-12 23:05:03,MOCKLOAD
1006,2026-08-23,28,101,a2b8f4dc41b04824a347,506,2137.58,,,0,2026-09-12 23:05:03,MOCKLOAD
1006,2026-08-24,20,104,a359fa2befe9494bac15,506,4885.96,,,0,2026-09-12 23:05:03,MOCKLOAD
1006,2026-08-25,29,112,d040a907ed39485cbd2a,506,55.85,,,0,2026-09-12 23:05:03,MOCKLOAD
1006,2026-08-26,26,108,34c11f90466b4e2e941f,506,7499.43,,,0,2026-09-12 23:05:03,MOCKLOAD
1006,2026-08-27,23,116,3182a6d233be48b5a226,506,1623.23,,,0,2026-09-12 23:05:03,MOCKLOAD
1006,2026-08-28,18,109,c048577e75a24b149247,506,5469.7,,,0,2026-09-12 23:05:03,MOCKLOAD
1006,2026-08-29,24,115,15c50ce874eb49d38da3,506,1412.03,,,0,2026-09-12 23:05:03,MOCKLOAD
1006,2026-08-30,11,105,89d566937fcb4d169227,506,2980.08,,,0,2026-09-12 23:05:03,MOCKLOAD
1006,2026-08-31,27,120,e568e39b9f004f02b356,506,1799.16,,,0,2026-09-12 23:05:03,MOCKLOAD
1006,2026-09-01,16,101,4a809e999fab47e1b300,506,5830.52,,,0,2026-09-12 23:05:03,MOCKLOAD
1006,2026-09-02,13,115,ad588b1758e64a799f9b,506,670.39,,,0,2026-09-12 23:05:03,MOCKLOAD
1006,2026-09-03,28,109,5f923e1c9b53434c9ddb,506,1168.84,,,0,2026-09-12 23:05:03,MOCKLOAD
1006,2026-09-04,24,117,2af7ff9f1dc3401eb102,506,1189.66,,,0,2026-09-12 23:05:03,MOCKLOAD
1006,2026-09-05,28,111,b7c4060be1974381adae,506,1986.9,,,0,2026-09-12 23:05:03,MOCKLOAD
1006,2026-09-06,20,103,62543a0d0b064a96a8a4,506,509.4,,,0,2026-09-12 23:05:03,MOCKLOAD
1006,2026-09-07,25,106,2e7104d932ea4c588113,506,1440.45,,,0,2026-09-12 23:05:03,MOCKLOAD
1006,2026-09-08,10,106,cb806be332434f31aa81,506,5302.63,,,0,2026-09-12 23:05:03,MOCKLOAD
1006,2026-09-09,13,117,e3ccf2fb481c40008bbe,506,6731.92,,,0,2026-09-12 23:05:03,MOCKLOAD
1006,2026-08-11,10,116,a0a725b07fec4fb88997,506,134.66,,,0,2026-09-12 23:05:03,MOCKLOAD
1006,2026-08-12,15,102,fcc15a1450bc4f779c61,506,432.28,,,0,2026-09-12 23:05:03,MOCKLOAD
1006,2026-08-13,12,106,1145d3fd629949fabeb6,506,1354.77,,,0,2026-09-12 23:05:03,MOCKLOAD
1006,2026-08-14,10,104,7607fdd72aa64ac28061,506,7685.7,,,0,2026-09-12 23:05:03,MOCKLOAD
1006,2026-08-15,11,120,e24d627a4af74e7c84ff,506,2650.54,,,0,2026-09-12 23:05:03,MOCKLOAD
1006,2026-08-16,17,108,b20a4813c59a435b84df,506,1240.13,,,0,2026-09-12 23:05:03,MOCKLOAD
1006,2026-08-17,11,116,ee0ff2835e9d470baace,506,220.66,,,0,2026-09-12 23:05:03,MOCKLOAD
1006,2026-08-18,26,119,0788eadd45294b0eb34c,506,105.8,,,0,2026-09-12 23:05:03,MOCKLOAD
1006,2026-08-19,21,119,74129f6ce47d4e0a84b8,506,6314.77,,,0,2026-09-12 23:05:03,MOCKLOAD
1006,2026-08-20,24,116,f06cc013ad6042638d3f,506,4763.08,,,0,2026-09-12 23:05:03,MOCKLOAD
1006,2026-08-21,19,116,692fe1c408124896b37f,506,3946.15,,,0,2026-09-12 23:05:03,MOCKLOAD
1006,2026-08-22,13,107,0e21746f4158440dad59,506,1132.44,,,0,2026-09-12 23:05:03,MOCKLOAD
1006,2026-08-23,12,109,05f90e99007f4b4a9d7e,506,1938.24,,,0,2026-09-12 23:05:03,MOCKLOAD
1006,2026-08-24,12,112,f6ce384d7cc04a44aeff,506,5682.58,,,0,2026-09-12 23:05:03,MOCKLOAD
1006,2026-08-25,29,118,d618ef38fb504409bf2d,506,3321.34,,,0,2026-09-12 23:05:03,MOCKLOAD
1006,2026-08-26,14,111,70f148e3a5184e12a3a9,506,249.66,,,0,2026-09-12 23:05:03,MOCKLOAD
1006,2026-08-27,23,117,bc3492b7100948e89121,506,109.6,,,0,2026-09-12 23:05:03,MOCKLOAD
1006,2026-08-28,17,119,dc8dcd799da2437582c8,506,2537.59,,,0,2026-09-12 23:05:03,MOCKLOAD
1006,2026-08-29,19,108,082aa6ee84c94736ba37,506,3092.48,,,0,2026-09-12 23:05:03,MOCKLOAD
1006,2026-08-30,19,120,69221129f3ed46b79635,506,1603.54,,,0,2026-09-12 23:05:03,MOCKLOAD
1006,2026-08-31,19,115,41d8ce7b638e4aea8e35,506,1286.96,,,0,2026-09-12 23:05:03,MOCKLOAD
1006,2026-09-01,21,102,6bd1f239da7a4ce1972e,506,3317.13,,,0,2026-09-12 23:05:03,MOCKLOAD
1006,2026-09-02,22,103,add27ae10a8e4c1d99a3,506,836.5,,,0,2026-09-12 23:05:03,MOCKLOAD
1006,2026-09-03,27,105,b8eedc14cc3e4e67866c,506,107.62,,,0,2026-09-12 23:05:03,MOCKLOAD
1006,2026-09-04,16,108,ceae5dfc08af46b9b8dd,506,215.04,,,0,2026-09-12 23:05:03,MOCKLOAD
1006,2026-09-05,14,112,7a1b087157434b89aac3,506,1959.41,,,0,2026-09-12 23:05:03,MOCKLOAD
1006,2026-09-06,17,102,569603e744584ff2ac4c,506,615.83,,,0,2026-09-12 23:05:03,MOCKLOAD
1006,2026-09-07,15,113,5976f611ca1b4a879d2b,506,2418.68,,,0,2026-09-12 23:05:03,MOCKLOAD
1006,2026-09-08,25,114,61eaf763a1794f079638,506,1118.42,,,0,2026-09-12 23:05:03,MOCKLOAD
1006,2026-09-09,19,113,648680ca706046a99e76,506,3295.37,,,0,2026-09-12 23:05:03,MOCKLOAD
1007,2026-08-11,12,105,ef0aa77439f24f11a168,507,846.09,,,0,2026-09-12 23:05:03,MOCKLOAD
1007,2026-08-12,19,102,7dafe03a7cff4c7f96a8,507,749.34,,,0,2026-09-12 23:05:03,MOCKLOAD
1007,2026-08-13,20,120,8f4fc40ef86248549a3b,507,239.23,,,0,2026-09-12 23:05:03,MOCKLOAD
1007,2026-08-14,11,113,37d772e7e8dd4967a9a4,507,196.34,,,0,2026-09-12 23:05:03,MOCKLOAD
1007,2026-08-15,10,114,986ef64e39d64f18ac37,507,58.36,,,0,2026-09-12 23:05:03,MOCKLOAD
1007,2026-08-16,16,108,063c3cb6a84e4987b705,507,497.54,,,0,2026-09-12 23:05:03,MOCKLOAD
1007,2026-08-17,18,103,570c6ba59a4a4d63a3f5,507,108.62,,,0,2026-09-12 23:05:03,MOCKLOAD
1007,2026-08-18,16,112,fd2054cb217f47e4aed3,507,174.26,,,0,2026-09-12 23:05:03,MOCKLOAD
1007,2026-08-19,14,110,0e2bbcbe439a4aeb8cef,507,103.63,,,0,2026-09-12 23:05:03,MOCKLOAD
1007,2026-08-20,28,106,5863a9301dfe47a38286,507,1218.85,,,0,2026-09-12 23:05:03,MOCKLOAD
1007,2026-08-21,27,107,c54d26f455ae4b5e8ca8,507,763.19,,,0,2026-09-12 23:05:03,MOCKLOAD
1007,2026-08-22,11,111,be3b29c3427948a59067,507,8.63,,,0,2026-09-12 23:05:03,MOCKLOAD
1007,2026-08-23,22,111,b90ec72e39df4e02a51e,507,281.57,,,0,2026-09-12 23:05:03,MOCKLOAD
1007,2026-08-24,22,117,aafec7db31e640f4b99b,507,577.09,,,0,2026-09-12 23:05:03,MOCKLOAD
1007,2026-08-25,15,120,a505ff80459b4c0b9843,507,556.82,,,0,2026-09-12 23:05:03,MOCKLOAD
1007,2026-08-26,25,107,5adade2dbe77479b8fd7,507,167.83,,,0,2026-09-12 23:05:03,MOCKLOAD
1007,2026-08-27,20,108,0c7d81d1e0fa424ab133,507,442.27,,,0,2026-09-12 23:05:03,MOCKLOAD
1007,2026-08-28,23,106,98969a30570a487cbdcf,507,502.23,,,0,2026-09-12 23:05:03,MOCKLOAD
1007,2026-08-29,22,104,9c1e30200b5845f9b9fd,507,254.52,,,0,2026-09-12 23:05:03,MOCKLOAD
1007,2026-08-30,29,116,c7b67cfced544aae8ca5,507,22.36,,,0,2026-09-12 23:05:03,MOCKLOAD
1007,2026-08-31,15,101,fff8c428a1504f199adc,507,522,,,0,2026-09-12 23:05:03,MOCKLOAD
1007,2026-09-01,15,106,88c98fc7953141f6980b,507,199.25,,,0,2026-09-12 23:05:03,MOCKLOAD
1007,2026-09-02,26,101,a9225205c76f4b169bed,507,103.22,,,0,2026-09-12 23:05:03,MOCKLOAD
1007,2026-09-03,29,103,0f094652abbb4c968cca,507,265.18,,,0,2026-09-12 23:05:03,MOCKLOAD
1007,2026-09-04,14,102,3c99afbcfcba402f877f,507,66.56,,,0,2026-09-12 23:05:03,MOCKLOAD
1007,2026-09-05,24,101,9b9db23aa8e84a59b2a2,507,7.17,,,0,2026-09-12 23:05:03,MOCKLOAD
1007,2026-09-06,10,102,214057efb5904a78bf2f,507,203.48,,,0,2026-09-12 23:05:03,MOCKLOAD
1007,2026-09-07,29,103,e0ae18c9857142ac994c,507,1151.68,,,0,2026-09-12 23:05:03,MOCKLOAD
1007,2026-09-08,19,109,7a81e9c815854b8896b6,507,259.04,,,0,2026-09-12 23:05:03,MOCKLOAD
1007,2026-09-09,27,117,9600bf72c0794c15a6fd,507,793.12,,,0,2026-09-12 23:05:03,MOCKLOAD
1007,2026-08-11,22,113,24ab4f709cbe42b5a9b4,507,1127.36,,,0,2026-09-12 23:05:03,MOCKLOAD
1007,2026-08-12,29,102,154265777af94c0c9789,507,798.5,,,0,2026-09-12 23:05:03,MOCKLOAD
1007,2026-08-13,13,118,1734d823a868439fbc5f,507,719.57,,,0,2026-09-12 23:05:03,MOCKLOAD
1007,2026-08-14,10,107,b75464580947470d870f,507,1051.2,,,0,2026-09-12 23:05:03,MOCKLOAD
1007,2026-08-15,19,119,45a7791be8064f3c8895,507,1630.47,,,0,2026-09-12 23:05:03,MOCKLOAD
1007,2026-08-16,24,104,263c246f01f74f8b8afc,507,1184.41,,,0,2026-09-12 23:05:03,MOCKLOAD
1007,2026-08-17,17,114,1a40ff4ef9ce493fb189,507,231.48,,,0,2026-09-12 23:05:03,MOCKLOAD
1007,2026-08-18,15,117,25fbfb0eee594da79403,507,102.68,,,0,2026-09-12 23:05:03,MOCKLOAD
1007,2026-08-19,26,111,4a1231b2771943edb4c1,507,823.89,,,0,2026-09-12 23:05:03,MOCKLOAD
1007,2026-08-20,26,114,20bbb0000bcf454db712,507,28.47,,,0,2026-09-12 23:05:03,MOCKLOAD
1007,2026-08-21,12,112,2b5dd6b8a1904560ab2a,507,57.46,,,0,2026-09-12 23:05:03,MOCKLOAD
1007,2026-08-22,26,116,480dba2cc1e84c6fab80,507,642.47,,,0,2026-09-12 23:05:03,MOCKLOAD
1007,2026-08-23,29,120,66ee7caabaa64848ab52,507,1397.5,,,0,2026-09-12 23:05:03,MOCKLOAD
1007,2026-08-24,10,107,56cbea1d1fba40599702,507,1133.68,,,0,2026-09-12 23:05:03,MOCKLOAD
1007,2026-08-25,16,101,273218fc84574576a035,507,10.53,,,0,2026-09-12 23:05:03,MOCKLOAD
1007,2026-08-26,24,105,5aae612caa424e60b3d3,507,75.57,,,0,2026-09-12 23:05:03,MOCKLOAD
1007,2026-08-27,19,102,dd6f224644624d528d09,507,862.83,,,0,2026-09-12 23:05:03,MOCKLOAD
1007,2026-08-28,13,105,6d84465e77364bc6a7ff,507,263.96,,,0,2026-09-12 23:05:03,MOCKLOAD
1007,2026-08-29,17,103,138046cb1a144d2b808f,507,567.1,,,0,2026-09-12 23:05:03,MOCKLOAD
1007,2026-08-30,14,119,9d8e32e4e30a40218095,507,613.52,,,0,2026-09-12 23:05:03,MOCKLOAD
1007,2026-08-31,13,113,529189a61c674f84bede,507,315.94,,,0,2026-09-12 23:05:03,MOCKLOAD
1007,2026-09-01,28,109,c8e10704347246a9a937,507,781.21,,,0,2026-09-12 23:05:03,MOCKLOAD
1007,2026-09-02,11,112,2380085d794b4bf3824e,507,287.04,,,0,2026-09-12 23:05:03,MOCKLOAD
1007,2026-09-03,24,104,500dc76139f440feaa9a,507,249.75,,,0,2026-09-12 23:05:03,MOCKLOAD
1007,2026-09-04,19,108,b9f17bd0208e4e3b95f4,507,521.64,,,0,2026-09-12 23:05:03,MOCKLOAD
1007,2026-09-05,17,105,66ed894f756c4ca1ac9f,507,31.25,,,0,2026-09-12 23:05:03,MOCKLOAD
1007,2026-09-06,10,106,16733b928ea84581b284,507,228.84,,,0,2026-09-12 23:05:03,MOCKLOAD
1007,2026-09-07,28,108,30d8fd3e1ad6463ba96f,507,265.67,,,0,2026-09-12 23:05:03,MOCKLOAD
1007,2026-09-08,24,103,8cf6c5c459f84917a781,507,126.17,,,0,2026-09-12 23:05:03,MOCKLOAD
1007,2026-09-09,27,110,9e769878e7824d819301,507,130.82,,,0,2026-09-12 23:05:03,MOCKLOAD
1007,2026-08-11,14,116,9259261c7ac244bca75f,507,42.34,,,0,2026-09-12 23:05:03,MOCKLOAD
1007,2026-08-12,13,117,ae8853279d1b489da0a7,507,270.56,,,0,2026-09-12 23:05:03,MOCKLOAD
1007,2026-08-13,22,119,a060246842164bc995f7,507,234.1,,,0,2026-09-12 23:05:03,MOCKLOAD
1007,2026-08-14,14,105,02fdea4088754c6b81cc,507,539.99,,,0,2026-09-12 23:05:03,MOCKLOAD
1007,2026-08-15,21,106,61ae32d2f8c6488d995e,507,295.44,,,0,2026-09-12 23:05:03,MOCKLOAD
1007,2026-08-16,24,106,cb5ccde33ec24de98088,507,266.55,,,0,2026-09-12 23:05:03,MOCKLOAD
1007,2026-08-17,18,115,d117dc0b008a4ed192cc,507,154.61,,,0,2026-09-12 23:05:03,MOCKLOAD
1007,2026-08-18,13,103,571ee93b8f334b118d73,507,1673.87,,,0,2026-09-12 23:05:03,MOCKLOAD
1007,2026-08-19,10,105,f699e0d7d3e846cc9344,507,25.56,,,0,2026-09-12 23:05:03,MOCKLOAD
1007,2026-08-20,13,111,cc005b6ad6b54db8a660,507,573.52,,,0,2026-09-12 23:05:03,MOCKLOAD
1007,2026-08-21,24,104,72fe082afeef4eb1990a,507,303.9,,,0,2026-09-12 23:05:03,MOCKLOAD
1007,2026-08-22,25,112,025f4247f5094895b063,507,666.89,,,0,2026-09-12 23:05:03,MOCKLOAD
1007,2026-08-23,27,120,8b8ae5d2b7e146cca36d,507,215.38,,,0,2026-09-12 23:05:03,MOCKLOAD
1007,2026-08-24,17,107,d54939dca1ed46dd9523,507,215.6,,,0,2026-09-12 23:05:03,MOCKLOAD
1007,2026-08-25,27,119,b0e9cf14b72d4906acdd,507,15.62,,,0,2026-09-12 23:05:03,MOCKLOAD
1007,2026-08-26,24,118,1c9505ba2c504e24b957,507,271.72,,,0,2026-09-12 23:05:03,MOCKLOAD
1007,2026-08-27,15,101,1aaee0c6b8f24fc1983a,507,241.68,,,0,2026-09-12 23:05:03,MOCKLOAD
1007,2026-08-28,10,104,eb2dc4ab8ec34863878b,507,448.76,,,0,2026-09-12 23:05:03,MOCKLOAD
1007,2026-08-29,18,106,4958fc4b9b5543aca8c2,507,290.72,,,0,2026-09-12 23:05:03,MOCKLOAD
1007,2026-08-30,16,103,38cdb0a1d93344db9543,507,805.62,,,0,2026-09-12 23:05:03,MOCKLOAD
1007,2026-08-31,12,108,0e8afc39e10044f78126,507,471.79,,,0,2026-09-12 23:05:03,MOCKLOAD
1007,2026-09-01,20,107,94e37dc912224dc6ae97,507,462.17,,,0,2026-09-12 23:05:03,MOCKLOAD
1007,2026-09-02,27,107,a6267840c1d348fcb706,507,804.68,,,0,2026-09-12 23:05:03,MOCKLOAD
1007,2026-09-03,27,108,3a9cdd6727754842b0e0,507,482.08,,,0,2026-09-12 23:05:03,MOCKLOAD
1007,2026-09-04,19,113,78887c181fe44fe49c81,507,23.2,,,0,2026-09-12 23:05:03,MOCKLOAD
1007,2026-09-05,26,117,5197eff1074a47dbbde4,507,509.97,,,0,2026-09-12 23:05:03,MOCKLOAD
1007,2026-09-06,29,103,554de5a9895f47bdbc4a,507,1377.32,,,0,2026-09-12 23:05:03,MOCKLOAD
1007,2026-09-07,20,105,71dee5faba9c4445bb13,507,1063.02,,,0,2026-09-12 23:05:03,MOCKLOAD
1007,2026-09-08,15,103,514c137d5c254e96811f,507,1232.52,,,0,2026-09-12 23:05:03,MOCKLOAD
1007,2026-09-09,24,114,a51ed061e3f84612bd03,507,125.95,,,0,2026-09-12 23:05:03,MOCKLOAD
1007,2026-08-11,18,103,dca4db5122ef40ab8b63,507,270.39,,,0,2026-09-12 23:05:03,MOCKLOAD
1007,2026-08-12,18,104,574040f8c4994e5592ad,507,366.28,,,0,2026-09-12 23:05:03,MOCKLOAD
1007,2026-08-13,16,120,c260c07adb9646f8a2bb,507,104.29,,,0,2026-09-12 23:05:03,MOCKLOAD
1007,2026-08-14,12,113,fbccf5c725fa4870ac8b,507,334.05,,,0,2026-09-12 23:05:03,MOCKLOAD
1007,2026-08-15,25,113,300393820dbb4b77bb0e,507,820.64,,,0,2026-09-12 23:05:03,MOCKLOAD
1007,2026-08-16,28,116,304d562b486e45869a9a,507,149.04,,,0,2026-09-12 23:05:03,MOCKLOAD
1007,2026-08-17,26,104,a746327233534df4a80a,507,293.43,,,0,2026-09-12 23:05:03,MOCKLOAD
1007,2026-08-18,19,104,5764254060854174bf85,507,59.41,,,0,2026-09-12 23:05:03,MOCKLOAD
1007,2026-08-19,18,101,58873330975e4f849740,507,360.2,,,0,2026-09-12 23:05:03,MOCKLOAD
1007,2026-08-20,28,119,8795ea03bb8b4b4a99cd,507,984.18,,,0,2026-09-12 23:05:03,MOCKLOAD
1007,2026-08-21,24,108,c8bcf201b324464e9079,507,153.4,,,0,2026-09-12 23:05:03,MOCKLOAD
1007,2026-08-22,20,119,0dc9af39ef37475fad4f,507,1215.68,,,0,2026-09-12 23:05:03,MOCKLOAD
1007,2026-08-23,25,105,b5808fdcc27d4b75ad19,507,508.25,,,0,2026-09-12 23:05:03,MOCKLOAD
1007,2026-08-24,22,119,afb04f98f5ff4a6ea854,507,430.83,,,0,2026-09-12 23:05:03,MOCKLOAD
1007,2026-08-25,26,106,94ba9eb5cd34461b9023,507,495.44,,,0,2026-09-12 23:05:03,MOCKLOAD
1007,2026-08-26,21,105,1f5896ae6f7c4fd6902c,507,215.98,,,0,2026-09-12 23:05:03,MOCKLOAD
1007,2026-08-27,20,114,f54c477045bc4bfe914a,507,275.34,,,0,2026-09-12 23:05:03,MOCKLOAD
1007,2026-08-28,19,118,7fb1cf754a8f49d799ec,507,92.6,,,0,2026-09-12 23:05:03,MOCKLOAD
1007,2026-08-29,22,111,7fb3695a4ae84f60a307,507,142.28,,,0,2026-09-12 23:05:03,MOCKLOAD
1007,2026-08-30,20,108,78c71faa8bd64af7b38f,507,276.79,,,0,2026-09-12 23:05:03,MOCKLOAD
1007,2026-08-31,22,106,39ca5df490dc47698e1c,507,90.13,,,0,2026-09-12 23:05:03,MOCKLOAD
1007,2026-09-01,16,118,1e6f48977977475f9da6,507,474.82,,,0,2026-09-12 23:05:03,MOCKLOAD
1007,2026-09-02,26,118,9f52aaf9db714b399554,507,225.52,,,0,2026-09-12 23:05:03,MOCKLOAD
1007,2026-09-03,20,106,213b155b6e6448d5b44a,507,610.65,,,0,2026-09-12 23:05:03,MOCKLOAD
1007,2026-09-04,13,112,36ad341e92ef41bcb1e0,507,199.93,,,0,2026-09-12 23:05:03,MOCKLOAD
1007,2026-09-05,18,110,49456ccc13644ec8a9e2,507,530.02,,,0,2026-09-12 23:05:03,MOCKLOAD
1007,2026-09-06,29,114,a8b6c482a743447d9d69,507,168.38,,,0,2026-09-12 23:05:03,MOCKLOAD
1007,2026-09-07,14,113,e63f361c426b4255a992,507,508.21,,,0,2026-09-12 23:05:03,MOCKLOAD
1007,2026-09-08,21,108,5eb3e273c7e04e8696f0,507,167.84,,,0,2026-09-12 23:05:03,MOCKLOAD
1007,2026-09-09,28,120,e58eabcfc30e4371b75b,507,83.33,,,0,2026-09-12 23:05:03,MOCKLOAD
1007,2026-08-11,24,120,18eb1b38a1a6423bbbb2,507,859.15,,,0,2026-09-12 23:05:03,MOCKLOAD
1007,2026-08-12,10,119,2b830cb73c4f45859aa3,507,1350.33,,,0,2026-09-12 23:05:03,MOCKLOAD
1007,2026-08-13,27,112,b07745f3126a4b8c9c15,507,147.54,,,0,2026-09-12 23:05:03,MOCKLOAD
1007,2026-08-14,21,109,913f810f97764a73a50b,507,53.55,,,0,2026-09-12 23:05:03,MOCKLOAD
1007,2026-08-15,17,101,55bc81e872994437aa37,507,444.95,,,0,2026-09-12 23:05:03,MOCKLOAD
1007,2026-08-16,24,115,2256e01c8cc844e5866f,507,234.78,,,0,2026-09-12 23:05:03,MOCKLOAD
1007,2026-08-17,13,104,2ab5f4d1dc8443c4a214,507,1096.92,,,0,2026-09-12 23:05:03,MOCKLOAD
1007,2026-08-18,21,105,b1ce228b744343c4b1b0,507,98.03,,,0,2026-09-12 23:05:03,MOCKLOAD
1007,2026-08-19,23,104,81481c6e83cd4491a766,507,529.7,,,0,2026-09-12 23:05:03,MOCKLOAD
1007,2026-08-20,21,112,8140cc62866f4cb1b109,507,1304.69,,,0,2026-09-12 23:05:03,MOCKLOAD
1007,2026-08-21,17,116,e34a82b15427437aaece,507,829.19,,,0,2026-09-12 23:05:03,MOCKLOAD
1007,2026-08-22,28,113,2790be769e704f41b377,507,449.19,,,0,2026-09-12 23:05:03,MOCKLOAD
1007,2026-08-23,23,114,36fc0f55c49743f5a222,507,345.08,,,0,2026-09-12 23:05:03,MOCKLOAD
1007,2026-08-24,16,115,aba0561b6ff44ec6b80e,507,449.11,,,0,2026-09-12 23:05:03,MOCKLOAD
1007,2026-08-25,12,104,09d8943bf1574545bd10,507,541.31,,,0,2026-09-12 23:05:03,MOCKLOAD
1007,2026-08-26,17,116,fb7baded755345ef9c93,507,43.18,,,0,2026-09-12 23:05:03,MOCKLOAD
1007,2026-08-27,22,112,67ce38fbda064cc1aa0f,507,1472.44,,,0,2026-09-12 23:05:03,MOCKLOAD
1007,2026-08-28,29,115,9d14899c00314d61a413,507,208.06,,,0,2026-09-12 23:05:03,MOCKLOAD
1007,2026-08-29,22,111,61845bd6368c46d89e63,507,404.7,,,0,2026-09-12 23:05:03,MOCKLOAD
1007,2026-08-30,19,108,c5a4379fc7a54252b031,507,60.7,,,0,2026-09-12 23:05:03,MOCKLOAD
1007,2026-08-31,28,116,ad02a4fd4e36489e9e7f,507,444.29,,,0,2026-09-12 23:05:03,MOCKLOAD
1007,2026-09-01,12,108,0c598b72b1c649969d14,507,360.87,,,0,2026-09-12 23:05:03,MOCKLOAD
1007,2026-09-02,23,114,3bc896bc395446ad9727,507,471.04,,,0,2026-09-12 23:05:03,MOCKLOAD
1007,2026-09-03,18,113,f5265c75a2614e7598c3,507,981.91,,,0,2026-09-12 23:05:03,MOCKLOAD
1007,2026-09-04,18,109,81debffedd2c45668574,507,584.19,,,0,2026-09-12 23:05:03,MOCKLOAD
1007,2026-09-05,13,114,616b8a4b74db4a758098,507,1072.99,,,0,2026-09-12 23:05:03,MOCKLOAD
1007,2026-09-06,18,112,b81b6f1239ee418b9d60,507,110.51,,,0,2026-09-12 23:05:03,MOCKLOAD
1007,2026-09-07,15,108,d83d042851674f519b6f,507,240.63,,,0,2026-09-12 23:05:03,MOCKLOAD
1007,2026-09-08,26,102,c86fdca65a2940fe8aac,507,720.62,,,0,2026-09-12 23:05:03,MOCKLOAD
1007,2026-09-09,15,118,879ca9e5ac90494b82eb,507,196.31,,,0,2026-09-12 23:05:03,MOCKLOAD
1007,2026-08-11,29,111,67cb67d42f014458b989,507,507.2,,,0,2026-09-12 23:05:03,MOCKLOAD
1007,2026-08-12,12,111,0ac5808caeaf45ad8657,507,284.22,,,0,2026-09-12 23:05:03,MOCKLOAD
1007,2026-08-13,20,106,5590465d06054578bb95,507,90.97,,,0,2026-09-12 23:05:03,MOCKLOAD
1007,2026-08-14,22,103,f1bdb93bef3643d2b56e,507,48.24,,,0,2026-09-12 23:05:03,MOCKLOAD
1007,2026-08-15,29,105,e4ebdf05cac8493db9c8,507,50.53,,,0,2026-09-12 23:05:03,MOCKLOAD
1007,2026-08-16,25,116,fcbca466cc9c42a78070,507,227.6,,,0,2026-09-12 23:05:03,MOCKLOAD
1007,2026-08-17,26,120,dda37ae8ef2a4f4f9695,507,159.67,,,0,2026-09-12 23:05:03,MOCKLOAD
1007,2026-08-18,11,106,72b12b98ee6b4d8cac45,507,114.77,,,0,2026-09-12 23:05:03,MOCKLOAD
1007,2026-08-19,13,119,f641bced0e3e4c6e9f55,507,593.02,,,0,2026-09-12 23:05:03,MOCKLOAD
1007,2026-08-20,17,120,bc5430c883fe46dcaaac,507,248.3,,,0,2026-09-12 23:05:03,MOCKLOAD
1007,2026-08-21,16,102,2748a9f938d948999320,507,906.47,,,0,2026-09-12 23:05:03,MOCKLOAD
1007,2026-08-22,22,108,76c4314e1032480da6f6,507,62.82,,,0,2026-09-12 23:05:03,MOCKLOAD
1007,2026-08-23,25,112,226b7bf7d0c24652a357,507,276.87,,,0,2026-09-12 23:05:03,MOCKLOAD
1007,2026-08-24,24,110,81f898f064b646d4b0d4,507,302.82,,,0,2026-09-12 23:05:03,MOCKLOAD
1007,2026-08-25,14,104,f3e7a3bd4548404790c6,507,417.71,,,0,2026-09-12 23:05:03,MOCKLOAD
1007,2026-08-26,10,110,5380947ec3094a06be44,507,453.81,,,0,2026-09-12 23:05:03,MOCKLOAD
1007,2026-08-27,19,102,27130f8a78e14893a016,507,992.2,,,0,2026-09-12 23:05:03,MOCKLOAD
1007,2026-08-28,23,109,b02f3953170d446791ab,507,456.38,,,0,2026-09-12 23:05:03,MOCKLOAD
1007,2026-08-29,19,110,4f0243252e4148baa777,507,541.84,,,0,2026-09-12 23:05:03,MOCKLOAD
1007,2026-08-30,16,112,e91957918a924bceb9f5,507,15.25,,,0,2026-09-12 23:05:03,MOCKLOAD
1007,2026-08-31,16,105,adc5097e258f4d69b405,507,797,,,0,2026-09-12 23:05:03,MOCKLOAD
1007,2026-09-01,10,108,bf70aa0628264754a60c,507,1203.18,,,0,2026-09-12 23:05:03,MOCKLOAD
1007,2026-09-02,20,111,b6a5e9c128de46479efb,507,184.79,,,0,2026-09-12 23:05:03,MOCKLOAD
1007,2026-09-03,29,104,cfb17a0f9ba747f0a700,507,205.15,,,0,2026-09-12 23:05:03,MOCKLOAD
1007,2026-09-04,17,115,6136ed37ed0945cc9523,507,540.63,,,0,2026-09-12 23:05:03,MOCKLOAD
1007,2026-09-05,24,118,3e818d2031fb499cab80,507,321.3,,,0,2026-09-12 23:05:03,MOCKLOAD
1007,2026-09-06,25,111,9a81a68c8a7b40f8af95,507,1464.59,,,0,2026-09-12 23:05:03,MOCKLOAD
1007,2026-09-07,22,105,cbabc2154bb046c098f4,507,300.47,,,0,2026-09-12 23:05:03,MOCKLOAD
1007,2026-09-08,27,103,bddb3a575a5d4101bff6,507,532.66,,,0,2026-09-12 23:05:03,MOCKLOAD
1007,2026-09-09,21,109,9fcf55cb724a4cb2a6dd,507,1126.08,,,0,2026-09-12 23:05:03,MOCKLOAD
1007,2026-08-11,16,111,67c93de061744f7a8453,507,879.64,,,0,2026-09-12 23:05:03,MOCKLOAD
1007,2026-08-12,17,118,448844be00924dc8b911,507,88.41,,,0,2026-09-12 23:05:03,MOCKLOAD
1007,2026-08-13,16,119,f3f5fa4684304dd1b68e,507,631.83,,,0,2026-09-12 23:05:03,MOCKLOAD
1007,2026-08-14,12,105,ff14d1f5888041c4a5ff,507,385.22,,,0,2026-09-12 23:05:03,MOCKLOAD
1007,2026-08-15,15,111,4751ed4420d641f3b65b,507,713.51,,,0,2026-09-12 23:05:03,MOCKLOAD
1007,2026-08-16,23,109,573e132458dd4743a88f,507,350.47,,,0,2026-09-12 23:05:03,MOCKLOAD
1007,2026-08-17,26,105,e29cf1042265466f9fa2,507,334.36,,,0,2026-09-12 23:05:03,MOCKLOAD
1007,2026-08-18,14,101,13c623c1bcf44e65a7c1,507,203.78,,,0,2026-09-12 23:05:03,MOCKLOAD
1007,2026-08-19,13,108,9882a2c45fbe4f1290e8,507,13.65,,,0,2026-09-12 23:05:03,MOCKLOAD
1007,2026-08-20,27,101,aa3d4f4ddbea47f5978d,507,73.2,,,0,2026-09-12 23:05:03,MOCKLOAD
1007,2026-08-21,14,102,debf01b0d55040f095c7,507,390.12,,,0,2026-09-12 23:05:03,MOCKLOAD
1007,2026-08-22,22,102,b3a681d8aa624e6b8fe0,507,1530.55,,,0,2026-09-12 23:05:03,MOCKLOAD
1007,2026-08-23,12,119,d3c1ee8c39044ca7886b,507,1487.3,,,0,2026-09-12 23:05:03,MOCKLOAD
1007,2026-08-24,18,113,0abd7a1a271f4f7a864d,507,539.32,,,0,2026-09-12 23:05:03,MOCKLOAD
1007,2026-08-25,19,102,c62312f938344625a573,507,1408,,,0,2026-09-12 23:05:03,MOCKLOAD
1007,2026-08-26,13,110,9510af0d704c412b9c75,507,25.58,,,0,2026-09-12 23:05:03,MOCKLOAD
1007,2026-08-27,26,118,fcb36d9f1b4f43fc8d93,507,563.05,,,0,2026-09-12 23:05:03,MOCKLOAD
1007,2026-08-28,25,111,a937fb5ee5dd458c8236,507,810.76,,,0,2026-09-12 23:05:03,MOCKLOAD
1007,2026-08-29,22,106,3fe73d4e77844786a037,507,73.7,,,0,2026-09-12 23:05:03,MOCKLOAD
1007,2026-08-30,22,113,ad468b4d7a2b48ff8d21,507,711.45,,,0,2026-09-12 23:05:03,MOCKLOAD
1007,2026-08-31,22,110,bf93f09611744c74a2d1,507,275.4,,,0,2026-09-12 23:05:03,MOCKLOAD
1007,2026-09-01,17,115,b1abdaa052d243bb93ca,507,780.05,,,0,2026-09-12 23:05:03,MOCKLOAD
1007,2026-09-02,20,120,a8fde73f08aa49f59324,507,214.38,,,0,2026-09-12 23:05:03,MOCKLOAD
1007,2026-09-03,23,104,a89229a8744f4aba8da6,507,249.07,,,0,2026-09-12 23:05:03,MOCKLOAD
1007,2026-09-04,17,118,880cd5aa5729471381f8,507,452.22,,,0,2026-09-12 23:05:03,MOCKLOAD
1007,2026-09-05,10,116,17ed74013f73413da965,507,315.98,,,0,2026-09-12 23:05:03,MOCKLOAD
1007,2026-09-06,28,107,3020e3b5e7e34fdca765,507,194.23,,,0,2026-09-12 23:05:03,MOCKLOAD
1007,2026-09-07,16,115,fdfa91442ff843919c36,507,776.59,,,0,2026-09-12 23:05:03,MOCKLOAD
1007,2026-09-08,29,113,8bfd2bb2d784494a8b81,507,231.8,,,0,2026-09-12 23:05:03,MOCKLOAD
1007,2026-09-09,21,101,e701cceabf22490cbcf6,507,387.8,,,0,2026-09-12 23:05:03,MOCKLOAD
1007,2026-08-11,18,115,5ff27361a3a24589a5cb,507,1509.03,,,0,2026-09-12 23:05:03,MOCKLOAD
1007,2026-08-12,11,111,73e4e25e0fe3453eb87f,507,15.34,,,0,2026-09-12 23:05:03,MOCKLOAD
1007,2026-08-13,23,102,3610b761394e46cb950a,507,405.66,,,0,2026-09-12 23:05:03,MOCKLOAD
1007,2026-08-14,24,108,b028a7c1c27b49c78f05,507,1307.29,,,0,2026-09-12 23:05:03,MOCKLOAD
1007,2026-08-15,15,109,5e60b24efe59455eab4d,507,168.92,,,0,2026-09-12 23:05:03,MOCKLOAD
1007,2026-08-16,21,102,c9b5390458794a1982be,507,64.09,,,0,2026-09-12 23:05:03,MOCKLOAD
1007,2026-08-17,15,117,c37c8ddc97864396b00c,507,404.22,,,0,2026-09-12 23:05:03,MOCKLOAD
1007,2026-08-18,20,114,fcacb0b8e3c34a089830,507,1072.46,,,0,2026-09-12 23:05:03,MOCKLOAD
1007,2026-08-19,28,103,ce815d4546204a329dad,507,697.06,,,0,2026-09-12 23:05:03,MOCKLOAD
1007,2026-08-20,26,111,96b35b7ae73c4fd7906d,507,12.91,,,0,2026-09-12 23:05:03,MOCKLOAD
1007,2026-08-21,27,119,c28db5b0f4dd42dc9ae3,507,9.34,,,0,2026-09-12 23:05:03,MOCKLOAD
1007,2026-08-22,20,113,21852057500c41b08c5e,507,1308.84,,,0,2026-09-12 23:05:03,MOCKLOAD
1007,2026-08-23,20,120,1e387210ab0b4798bfcf,507,266.2,,,0,2026-09-12 23:05:03,MOCKLOAD
1007,2026-08-24,19,106,36bd543bfac84048bc2c,507,1241.69,,,0,2026-09-12 23:05:03,MOCKLOAD
1007,2026-08-25,21,107,9d351827de9c4027b602,507,991.43,,,0,2026-09-12 23:05:03,MOCKLOAD
1007,2026-08-26,15,102,a9e7b7dfc8734793ba4d,507,258.96,,,0,2026-09-12 23:05:03,MOCKLOAD
1007,2026-08-27,20,109,825d992e19244b3f8933,507,95.51,,,0,2026-09-12 23:05:03,MOCKLOAD
1007,2026-08-28,25,104,991b1a474b2f4fc294aa,507,110.31,,,0,2026-09-12 23:05:03,MOCKLOAD
1007,2026-08-29,14,103,785465cd0e8b4db69fc9,507,552.2,,,0,2026-09-12 23:05:03,MOCKLOAD
1007,2026-08-30,18,102,eaca293bb5194913bc12,507,494.04,,,0,2026-09-12 23:05:03,MOCKLOAD
1007,2026-08-31,11,113,ab3d124534024f9db83d,507,331.55,,,0,2026-09-12 23:05:03,MOCKLOAD
1007,2026-09-01,22,107,fc4ae92c24724a36b9e9,507,203.34,,,0,2026-09-12 23:05:03,MOCKLOAD
1007,2026-09-02,12,105,78a258fab0144907a39d,507,135.65,,,0,2026-09-12 23:05:03,MOCKLOAD
1007,2026-09-03,25,104,ad1ba093097148a5a019,507,106.62,,,0,2026-09-12 23:05:03,MOCKLOAD
1007,2026-09-04,29,113,be076154e35d427cbd76,507,507.72,,,0,2026-09-12 23:05:03,MOCKLOAD
1007,2026-09-05,12,105,d14ec1fecad24bd5929e,507,1262.57,,,0,2026-09-12 23:05:03,MOCKLOAD
1007,2026-09-06,19,107,893defebcdfe47439c95,507,183.59,,,0,2026-09-12 23:05:03,MOCKLOAD
1007,2026-09-07,13,119,89d015f73822447c9f03,507,792.32,,,0,2026-09-12 23:05:03,MOCKLOAD
1007,2026-09-08,13,102,53a1ca6dbb58481b9419,507,558.17,,,0,2026-09-12 23:05:03,MOCKLOAD
1007,2026-09-09,13,120,48fea8fa2c1641689cb6,507,1307.82,,,0,2026-09-12 23:05:03,MOCKLOAD
1007,2026-08-11,21,103,3eb438afcd004cbeb14f,507,106.66,,,0,2026-09-12 23:05:03,MOCKLOAD
1007,2026-08-12,20,114,02d73cc4c23f4f6caf81,507,500.96,,,0,2026-09-12 23:05:03,MOCKLOAD
1007,2026-08-13,21,109,a22e51c622054f2bbd9f,507,50.09,,,0,2026-09-12 23:05:03,MOCKLOAD
1007,2026-08-14,29,120,d8f0957235fe4193a45c,507,193.94,,,0,2026-09-12 23:05:03,MOCKLOAD
1007,2026-08-15,25,118,f703817ad6d14bb1a143,507,20.76,,,0,2026-09-12 23:05:03,MOCKLOAD
1007,2026-08-16,11,112,c96f8779ccdf46a5b6b9,507,569.52,,,0,2026-09-12 23:05:03,MOCKLOAD
1007,2026-08-17,27,112,0b5887657f4641d1ac11,507,255.31,,,0,2026-09-12 23:05:03,MOCKLOAD
1007,2026-08-18,14,104,e88292e54f794c399933,507,112.7,,,0,2026-09-12 23:05:03,MOCKLOAD
1007,2026-08-19,27,112,0082585f5b1141dc8b66,507,491.81,,,0,2026-09-12 23:05:03,MOCKLOAD
1007,2026-08-20,22,117,eba6cc1cebfd4b2b8fc8,507,41.28,,,0,2026-09-12 23:05:03,MOCKLOAD
1007,2026-08-21,25,110,7e6d7121c0334aa987d3,507,215.9,,,0,2026-09-12 23:05:03,MOCKLOAD
1007,2026-08-22,18,103,1bc06eee64c843e09cbb,507,1025.52,,,0,2026-09-12 23:05:03,MOCKLOAD
1007,2026-08-23,13,107,ed3c65ff0aab45e59558,507,51.93,,,0,2026-09-12 23:05:03,MOCKLOAD
1007,2026-08-24,19,109,2b8c83ee15c843d3b09e,507,10.39,,,0,2026-09-12 23:05:03,MOCKLOAD
1007,2026-08-25,16,102,6ace525c5aa14f1a89f3,507,1138.71,,,0,2026-09-12 23:05:03,MOCKLOAD
1007,2026-08-26,23,120,a2a699e880294e8b90a8,507,1363.19,,,0,2026-09-12 23:05:03,MOCKLOAD
1007,2026-08-27,27,101,95574db294ed47bfb3fd,507,44.92,,,0,2026-09-12 23:05:03,MOCKLOAD
1007,2026-08-28,28,110,6e938ccbda7f4557a828,507,65.55,,,0,2026-09-12 23:05:03,MOCKLOAD
1007,2026-08-29,22,109,7645054dd4e64acea82b,507,207.72,,,0,2026-09-12 23:05:03,MOCKLOAD
1007,2026-08-30,10,118,1d0ae638f1144937884e,507,238.76,,,0,2026-09-12 23:05:03,MOCKLOAD
1007,2026-08-31,23,117,957e65db86404eeb8fb4,507,655.48,,,0,2026-09-12 23:05:03,MOCKLOAD
1007,2026-09-01,25,117,4f6193770ee64e06812e,507,297.28,,,0,2026-09-12 23:05:03,MOCKLOAD
1007,2026-09-02,24,102,fb3b14f665c542f5b2ac,507,158.54,,,0,2026-09-12 23:05:03,MOCKLOAD
1007,2026-09-03,13,116,b67fae13a4cd4864bbc5,507,1403.07,,,0,2026-09-12 23:05:03,MOCKLOAD
1007,2026-09-04,20,119,38a3fc75169c4ddcb7e3,507,306.51,,,0,2026-09-12 23:05:03,MOCKLOAD
1007,2026-09-05,28,114,109121d56ad24843a29a,507,952.22,,,0,2026-09-12 23:05:03,MOCKLOAD
1007,2026-09-06,21,112,6b48a01b2c4144d49842,507,64.13,,,0,2026-09-12 23:05:03,MOCKLOAD
1007,2026-09-07,28,116,28f22cddb85c433da028,507,70.94,,,0,2026-09-12 23:05:03,MOCKLOAD
1007,2026-09-08,15,119,5a8b60faaead40e894aa,507,711.79,,,0,2026-09-12 23:05:03,MOCKLOAD
1007,2026-09-09,27,108,fe7f2170f89f4ae3a138,507,156.17,,,0,2026-09-12 23:05:03,MOCKLOAD
1007,2026-08-11,23,117,63d3cae4ab63422cb992,507,194.25,,,0,2026-09-12 23:05:03,MOCKLOAD
1007,2026-08-12,12,119,6fa51edbb0004df2a9eb,507,603.58,,,0,2026-09-12 23:05:03,MOCKLOAD
1007,2026-08-13,27,105,78dbc9df6f7847bebf48,507,128.04,,,0,2026-09-12 23:05:03,MOCKLOAD
1007,2026-08-14,10,101,f517b966c0cf4798805d,507,783.77,,,0,2026-09-12 23:05:03,MOCKLOAD
1007,2026-08-15,24,102,34020a0f8bf44d5fbcb2,507,426.43,,,0,2026-09-12 23:05:03,MOCKLOAD
1007,2026-08-16,18,117,9b1642fb9ea645a48030,507,883.61,,,0,2026-09-12 23:05:03,MOCKLOAD
1007,2026-08-17,18,101,374a521f36024bef91af,507,1171.86,,,0,2026-09-12 23:05:03,MOCKLOAD
1007,2026-08-18,14,102,3aee569ae65a4f28b920,507,457.02,,,0,2026-09-12 23:05:03,MOCKLOAD
1007,2026-08-19,22,106,0aee1eb4fef74a0dbd5b,507,1172.44,,,0,2026-09-12 23:05:03,MOCKLOAD
1007,2026-08-20,10,117,cb27d3ba8c8d461b9307,507,21.01,,,0,2026-09-12 23:05:03,MOCKLOAD
1007,2026-08-21,23,119,7b1f642d944d472b9d94,507,1598.97,,,0,2026-09-12 23:05:03,MOCKLOAD
1007,2026-08-22,24,102,b18488133b7e4bbdbe78,507,368.92,,,0,2026-09-12 23:05:03,MOCKLOAD
1007,2026-08-23,11,105,a8a3366a7b044e4797e0,507,359.76,,,0,2026-09-12 23:05:03,MOCKLOAD
1007,2026-08-24,11,119,3e232b6486a542b4bd4a,507,343.69,,,0,2026-09-12 23:05:03,MOCKLOAD
1007,2026-08-25,19,113,5ab9c6fba4584123aec4,507,11.97,,,0,2026-09-12 23:05:03,MOCKLOAD
1007,2026-08-26,11,107,65ccc295927d433aa6c0,507,896.85,,,0,2026-09-12 23:05:03,MOCKLOAD
1007,2026-08-27,29,101,63cbdeefb44b499db932,507,75.29,,,0,2026-09-12 23:05:03,MOCKLOAD
1007,2026-08-28,18,103,4ef8bc7486a048ab8f9f,507,459.54,,,0,2026-09-12 23:05:03,MOCKLOAD
1007,2026-08-29,20,115,3c9d072e930340a981d2,507,82.3,,,0,2026-09-12 23:05:03,MOCKLOAD
1007,2026-08-30,14,107,1f605771dc6740628fbd,507,262.02,,,0,2026-09-12 23:05:03,MOCKLOAD
1007,2026-08-31,12,109,c274ad70eaa3443cb096,507,536.37,,,0,2026-09-12 23:05:03,MOCKLOAD
1007,2026-09-01,13,101,a433a315878b44b29ee8,507,21.36,,,0,2026-09-12 23:05:03,MOCKLOAD
1007,2026-09-02,26,107,60e96a5f10b641cdac32,507,122.02,,,0,2026-09-12 23:05:03,MOCKLOAD
1007,2026-09-03,15,116,f8452c3d51184e56af70,507,391.91,,,0,2026-09-12 23:05:03,MOCKLOAD
1007,2026-09-04,23,104,c0881793c5734200a825,507,356.64,,,0,2026-09-12 23:05:03,MOCKLOAD
1007,2026-09-05,10,108,8e8522a2d76e4f4db2c9,507,351.17,,,0,2026-09-12 23:05:03,MOCKLOAD
1007,2026-09-06,14,108,6173a45ee20f41f8ad98,507,1789.36,,,0,2026-09-12 23:05:03,MOCKLOAD
1007,2026-09-07,27,111,76f481ff780b44f895cb,507,1394.73,,,0,2026-09-12 23:05:03,MOCKLOAD
1007,2026-09-08,20,118,1c400aa65fda46bcb015,507,409.48,,,0,2026-09-12 23:05:03,MOCKLOAD
1007,2026-09-09,10,103,9fe4f219cc554b1daa31,507,327.87,,,0,2026-09-12 23:05:03,MOCKLOAD
1008,2026-08-11,29,107,7ec0e714d546491cb548,508,4946.48,,,0,2026-09-12 23:05:03,MOCKLOAD
1008,2026-08-12,16,104,019f97f0775942bf9ee8,508,6005.24,,,0,2026-09-12 23:05:03,MOCKLOAD
1008,2026-08-13,10,101,526f621b1c8941d48128,508,1546.38,,,0,2026-09-12 23:05:03,MOCKLOAD
1008,2026-08-14,25,103,b936fec398c2407db872,508,1169.77,,,0,2026-09-12 23:05:03,MOCKLOAD
1008,2026-08-15,16,112,c341826667d34a938e2f,508,7844.19,,,0,2026-09-12 23:05:03,MOCKLOAD
1008,2026-08-16,14,107,dd280d58fcea45a591cb,508,1770.9,,,0,2026-09-12 23:05:03,MOCKLOAD
1008,2026-08-17,27,113,fdbc1b25c9cf4d679da0,508,323.84,,,0,2026-09-12 23:05:03,MOCKLOAD
1008,2026-08-18,18,109,841b889a328c441e83d0,508,1337.13,,,0,2026-09-12 23:05:03,MOCKLOAD
1008,2026-08-19,10,116,5a2d48446aa54dc8a974,508,49.12,,,0,2026-09-12 23:05:03,MOCKLOAD
1008,2026-08-20,27,119,197827c465134a01ab10,508,1016.89,,,0,2026-09-12 23:05:03,MOCKLOAD
1008,2026-08-21,26,116,99e99fce741745c299bc,508,1311.38,,,0,2026-09-12 23:05:03,MOCKLOAD
1008,2026-08-22,26,111,2f82c43443ed45918862,508,7138.17,,,0,2026-09-12 23:05:03,MOCKLOAD
1008,2026-08-23,16,116,a801415c6a804d08b2ad,508,5681.91,,,0,2026-09-12 23:05:03,MOCKLOAD
1008,2026-08-24,24,115,280b7c668a3442e29995,508,2230,,,0,2026-09-12 23:05:03,MOCKLOAD
1008,2026-08-25,27,104,c0225bf6bdf64f6aaf9d,508,7814.85,,,0,2026-09-12 23:05:03,MOCKLOAD
1008,2026-08-26,23,118,3bec23b5a92c47708d69,508,2586.18,,,0,2026-09-12 23:05:03,MOCKLOAD
1008,2026-08-27,11,102,58f07f70ee9441fdb6ce,508,527.52,,,0,2026-09-12 23:05:03,MOCKLOAD
1008,2026-08-28,26,117,515ece9a462046f89c23,508,1636.03,,,0,2026-09-12 23:05:03,MOCKLOAD
1008,2026-08-29,23,103,5fa3fe6817cf47768569,508,8124.27,,,0,2026-09-12 23:05:03,MOCKLOAD
1008,2026-08-30,23,107,e099eef8c8cf44018979,508,2412.62,,,0,2026-09-12 23:05:03,MOCKLOAD
1008,2026-08-31,26,109,54337146966e456d8c25,508,2657.54,,,0,2026-09-12 23:05:03,MOCKLOAD
1008,2026-09-01,17,117,3bff7c587af546908326,508,3772.82,,,0,2026-09-12 23:05:03,MOCKLOAD
1008,2026-09-02,28,112,93a1db642e774e4997f9,508,5380.6,,,0,2026-09-12 23:05:03,MOCKLOAD
1008,2026-09-03,17,114,e233b7372c0e4594ba7b,508,2108.41,,,0,2026-09-12 23:05:03,MOCKLOAD
1008,2026-09-04,19,112,3806961b34694808909e,508,440.54,,,0,2026-09-12 23:05:03,MOCKLOAD
1008,2026-09-05,26,111,8f19730a1cf646b2b3a9,508,1331.39,,,0,2026-09-12 23:05:03,MOCKLOAD
1008,2026-09-06,22,107,3d7df899bd944d309943,508,500.3,,,0,2026-09-12 23:05:03,MOCKLOAD
1008,2026-09-07,18,107,378beb25a61240408afb,508,7125.03,,,0,2026-09-12 23:05:03,MOCKLOAD
1008,2026-09-08,25,104,459e8cfd22e84b4dbcf1,508,46.8,,,0,2026-09-12 23:05:03,MOCKLOAD
1008,2026-09-09,21,110,febe299caee5497f9b96,508,7807.06,,,0,2026-09-12 23:05:03,MOCKLOAD
1008,2026-08-11,22,115,cd1c828151c84c45b7f4,508,6523.39,,,0,2026-09-12 23:05:03,MOCKLOAD
1008,2026-08-12,11,119,2a119ccc584546b2b3b7,508,8779.5,,,0,2026-09-12 23:05:03,MOCKLOAD
1008,2026-08-13,13,103,6c114b087b8a452990d2,508,5746.09,,,0,2026-09-12 23:05:03,MOCKLOAD
1008,2026-08-14,11,111,eb1961eb7ba04146859c,508,5153.2,,,0,2026-09-12 23:05:03,MOCKLOAD
1008,2026-08-15,16,115,53d1457f5cdd46c89b71,508,7028.53,,,0,2026-09-12 23:05:03,MOCKLOAD
1008,2026-08-16,26,115,d5fb41e4c6fb41509f37,508,4554.11,,,0,2026-09-12 23:05:03,MOCKLOAD
1008,2026-08-17,27,106,ec6ee174bb2b4643919e,508,1762.85,,,0,2026-09-12 23:05:03,MOCKLOAD
1008,2026-08-18,26,113,5358b255fceb44608c25,508,4577.61,,,0,2026-09-12 23:05:03,MOCKLOAD
1008,2026-08-19,13,113,9acb3a30f86e46afb94e,508,5399.94,,,0,2026-09-12 23:05:03,MOCKLOAD
1008,2026-08-20,28,103,954fd76ac6414f8bab3f,508,2350.29,,,0,2026-09-12 23:05:03,MOCKLOAD
1008,2026-08-21,19,108,01bba3b88c6545fa9a3e,508,6727.23,,,0,2026-09-12 23:05:03,MOCKLOAD
1008,2026-08-22,25,110,6c2f2bcfbad84d29b2d8,508,419.37,,,0,2026-09-12 23:05:03,MOCKLOAD
1008,2026-08-23,22,105,19e8b639f6a44a1b821a,508,15.02,,,0,2026-09-12 23:05:03,MOCKLOAD
1008,2026-08-24,10,116,512a853c948543c79139,508,7695.52,,,0,2026-09-12 23:05:03,MOCKLOAD
1008,2026-08-25,18,107,ed6f2db3c6bd4a50805c,508,260.68,,,0,2026-09-12 23:05:03,MOCKLOAD
1008,2026-08-26,27,106,eaf053291a5a4efeb00a,508,1251.35,,,0,2026-09-12 23:05:03,MOCKLOAD
1008,2026-08-27,12,104,9370e553e6ac449dbbe1,508,1222.46,,,0,2026-09-12 23:05:03,MOCKLOAD
1008,2026-08-28,13,118,3a8ec6b35ad946579f32,508,4354.43,,,0,2026-09-12 23:05:03,MOCKLOAD
1008,2026-08-29,29,117,2c45572a599247be9064,508,738.7,,,0,2026-09-12 23:05:03,MOCKLOAD
1008,2026-08-30,12,113,28d087252dc94f0a904b,508,2046.92,,,0,2026-09-12 23:05:03,MOCKLOAD
1008,2026-08-31,22,115,f6cac35412f348cfaa81,508,6307.13,,,0,2026-09-12 23:05:03,MOCKLOAD
1008,2026-09-01,18,109,e8e22970b84742d596fe,508,8686.61,,,0,2026-09-12 23:05:03,MOCKLOAD
1008,2026-09-02,13,103,58af123be9d44b14be21,508,690.17,,,0,2026-09-12 23:05:03,MOCKLOAD
1008,2026-09-03,13,102,2a602eb3ba0e49e8a025,508,1908.7,,,0,2026-09-12 23:05:03,MOCKLOAD
1008,2026-09-04,22,113,b47d811c4715460eb5fa,508,1059.28,,,0,2026-09-12 23:05:03,MOCKLOAD
1008,2026-09-05,29,116,2d90d2997bba49baaae8,508,4783.83,,,0,2026-09-12 23:05:03,MOCKLOAD
1008,2026-09-06,24,103,f56ed860e2e94380ae18,508,775.76,,,0,2026-09-12 23:05:03,MOCKLOAD
1008,2026-09-07,23,115,c12945549e8e48129194,508,1710.67,,,0,2026-09-12 23:05:03,MOCKLOAD
1008,2026-09-08,22,117,944dea0df1af4d1ebe6b,508,81.79,,,0,2026-09-12 23:05:03,MOCKLOAD
1008,2026-09-09,27,105,5845c44e9fc341d185fb,508,994.19,,,0,2026-09-12 23:05:03,MOCKLOAD
1008,2026-08-11,11,113,661b813b0bb74e16b4d5,508,1020.88,,,0,2026-09-12 23:05:03,MOCKLOAD
1008,2026-08-12,15,105,c45c01ae4a934f2f8fee,508,4060.27,,,0,2026-09-12 23:05:03,MOCKLOAD
1008,2026-08-13,11,106,1910541181ed4642a30b,508,939.3,,,0,2026-09-12 23:05:03,MOCKLOAD
1008,2026-08-14,27,111,3ef644b37ffc43c99a8c,508,4319.17,,,0,2026-09-12 23:05:03,MOCKLOAD
1008,2026-08-15,20,101,8ab8507c23584468b278,508,875.86,,,0,2026-09-12 23:05:03,MOCKLOAD
1008,2026-08-16,27,114,ce829e40dc9448529184,508,3605.84,,,0,2026-09-12 23:05:03,MOCKLOAD
1008,2026-08-17,29,117,426a8f3d5e9e479d9363,508,3468.96,,,0,2026-09-12 23:05:03,MOCKLOAD
1008,2026-08-18,14,103,279a45f511134ae4a5da,508,6822.94,,,0,2026-09-12 23:05:03,MOCKLOAD
1008,2026-08-19,26,116,a67df945d6b94d1a9e8e,508,327.4,,,0,2026-09-12 23:05:03,MOCKLOAD
1008,2026-08-20,29,103,332effa2f83c4690bd49,508,941.15,,,0,2026-09-12 23:05:03,MOCKLOAD
1008,2026-08-21,13,108,653f5b5a979941b4841c,508,853.84,,,0,2026-09-12 23:05:03,MOCKLOAD
1008,2026-08-22,12,116,12ad65e3524f4cfa94d4,508,151.26,,,0,2026-09-12 23:05:03,MOCKLOAD
1008,2026-08-23,29,108,8035d04bf64d4379a5d4,508,5814.44,,,0,2026-09-12 23:05:03,MOCKLOAD
1008,2026-08-24,16,117,3196e91f8ff4407ebace,508,518.83,,,0,2026-09-12 23:05:03,MOCKLOAD
1008,2026-08-25,21,109,e7382a6e453040dfa9fd,508,5306.71,,,0,2026-09-12 23:05:03,MOCKLOAD
1008,2026-08-26,29,109,7934fcc186514f5b863f,508,50.74,,,0,2026-09-12 23:05:03,MOCKLOAD
1008,2026-08-27,19,103,44c7a36c3df7402787ba,508,4692.37,,,0,2026-09-12 23:05:03,MOCKLOAD
1008,2026-08-28,26,106,7594c13b9f4842a8bcb2,508,710.17,,,0,2026-09-12 23:05:03,MOCKLOAD
1008,2026-08-29,13,108,02787563db3742359a86,508,2752.2,,,0,2026-09-12 23:05:03,MOCKLOAD
1008,2026-08-30,14,115,c91e055dfc1f4cbca1e1,508,3297.51,,,0,2026-09-12 23:05:03,MOCKLOAD
1008,2026-08-31,29,110,26240c267ebb41cf87e6,508,2119.31,,,0,2026-09-12 23:05:03,MOCKLOAD
1008,2026-09-01,25,102,ad6ac957ea0e4af8a598,508,1536.21,,,0,2026-09-12 23:05:03,MOCKLOAD
1008,2026-09-02,13,115,96564c1b8cf94f18b4de,508,2801.24,,,0,2026-09-12 23:05:03,MOCKLOAD
1008,2026-09-03,22,111,ca14fbe69a3b4cbc985f,508,104.56,,,0,2026-09-12 23:05:03,MOCKLOAD
1008,2026-09-04,11,103,b884bac71af04a5899ca,508,3914.19,,,0,2026-09-12 23:05:03,MOCKLOAD
1008,2026-09-05,28,115,52b55f037b504b28acbc,508,94.12,,,0,2026-09-12 23:05:03,MOCKLOAD
1008,2026-09-06,15,106,2e9c68a457ee44db8966,508,155.08,,,0,2026-09-12 23:05:03,MOCKLOAD
1008,2026-09-07,24,102,af7a44264db54473b879,508,491.24,,,0,2026-09-12 23:05:03,MOCKLOAD
1008,2026-09-08,13,110,fa05eb7d779445ceb064,508,1527.62,,,0,2026-09-12 23:05:03,MOCKLOAD
1008,2026-09-09,18,115,ba17fbdc07204f278121,508,2206.24,,,0,2026-09-12 23:05:03,MOCKLOAD
1008,2026-08-11,17,116,39c37499793344628077,508,1144.13,,,0,2026-09-12 23:05:03,MOCKLOAD
1008,2026-08-12,11,103,d70ccae89fb3423b9b2a,508,4981.32,,,0,2026-09-12 23:05:03,MOCKLOAD
1008,2026-08-13,16,103,637791da123546ed9f37,508,2267.27,,,0,2026-09-12 23:05:03,MOCKLOAD
1008,2026-08-14,22,106,5c43dc400d524966aaf6,508,422.55,,,0,2026-09-12 23:05:03,MOCKLOAD
1008,2026-08-15,18,119,3c1dffbcdc8641ddb20a,508,2707.65,,,0,2026-09-12 23:05:03,MOCKLOAD
1008,2026-08-16,15,116,cb80417aaabf44d8b6f5,508,2396.73,,,0,2026-09-12 23:05:03,MOCKLOAD
1008,2026-08-17,11,101,5b1e93cb247642d581c4,508,3748.34,,,0,2026-09-12 23:05:03,MOCKLOAD
1008,2026-08-18,27,119,fc10702daa6543f98e32,508,566.72,,,0,2026-09-12 23:05:03,MOCKLOAD
1008,2026-08-19,10,103,c79b02f8a94b4907a219,508,169.98,,,0,2026-09-12 23:05:03,MOCKLOAD
1008,2026-08-20,23,115,82391a1387ea42328bf5,508,1238.02,,,0,2026-09-12 23:05:03,MOCKLOAD
1008,2026-08-21,15,115,236e06f9da474e68acf8,508,1759.31,,,0,2026-09-12 23:05:03,MOCKLOAD
1008,2026-08-22,16,103,a155e2b1562743bca8bd,508,39.24,,,0,2026-09-12 23:05:03,MOCKLOAD
1008,2026-08-23,20,117,c94a4e0980f846dca087,508,436.36,,,0,2026-09-12 23:05:03,MOCKLOAD
1008,2026-08-24,20,111,1c8a9a08408d454899d7,508,4912.89,,,0,2026-09-12 23:05:03,MOCKLOAD
1008,2026-08-25,18,117,e3b572243d27413987d4,508,5804,,,0,2026-09-12 23:05:03,MOCKLOAD
1008,2026-08-26,23,117,3dbaf94e7c014f9b8956,508,58.81,,,0,2026-09-12 23:05:03,MOCKLOAD
1008,2026-08-27,25,120,2de6ae66b28e43feb1b2,508,1097.23,,,0,2026-09-12 23:05:03,MOCKLOAD
1008,2026-08-28,15,107,e127f73d07ca4808b599,508,2204.7,,,0,2026-09-12 23:05:03,MOCKLOAD
1008,2026-08-29,22,106,329d2afb21c44a6bb35b,508,4575.27,,,0,2026-09-12 23:05:03,MOCKLOAD
1008,2026-08-30,19,118,64243b4a071549049d8a,508,1904.48,,,0,2026-09-12 23:05:03,MOCKLOAD
1008,2026-08-31,15,106,7a7938a6cd6a41009e4c,508,2340.67,,,0,2026-09-12 23:05:03,MOCKLOAD
1008,2026-09-01,19,109,6a624d7c44cd42e1b5d3,508,157.6,,,0,2026-09-12 23:05:03,MOCKLOAD
1008,2026-09-02,19,115,4b935cd29753490f9fbb,508,3042.82,,,0,2026-09-12 23:05:03,MOCKLOAD
1008,2026-09-03,11,120,5d175230c2484cdbbaa5,508,2615.41,,,0,2026-09-12 23:05:03,MOCKLOAD
1008,2026-09-04,14,114,ae86141642a84d36a5bc,508,3857.56,,,0,2026-09-12 23:05:03,MOCKLOAD
1008,2026-09-05,21,109,0f6992a5c38e4c339578,508,318.06,,,0,2026-09-12 23:05:03,MOCKLOAD
1008,2026-09-06,16,106,0c85ca6d3c00495f967f,508,250.58,,,0,2026-09-12 23:05:03,MOCKLOAD
1008,2026-09-07,23,115,08d9fa1f091744bb8694,508,7410.23,,,0,2026-09-12 23:05:03,MOCKLOAD
1008,2026-09-08,21,107,bec7bf5f71f94deda3ef,508,5971.1,,,0,2026-09-12 23:05:03,MOCKLOAD
1008,2026-09-09,12,103,f0be04afa81c46a28e5b,508,3266.75,,,0,2026-09-12 23:05:03,MOCKLOAD
1008,2026-08-11,24,110,4300b4220974479dbcbb,508,3474.41,,,0,2026-09-12 23:05:03,MOCKLOAD
1008,2026-08-12,14,110,99e3fbd47bc04dccb153,508,36.26,,,0,2026-09-12 23:05:03,MOCKLOAD
1008,2026-08-13,17,117,d208da8b803f4cdea2a0,508,1008.04,,,0,2026-09-12 23:05:03,MOCKLOAD
1008,2026-08-14,16,104,5c7199443a0b4b409081,508,5240.35,,,0,2026-09-12 23:05:03,MOCKLOAD
1008,2026-08-15,16,113,c1d65618c83c4f69a5c7,508,3451.52,,,0,2026-09-12 23:05:03,MOCKLOAD
1008,2026-08-16,11,112,5d602e359444493b85aa,508,1962.18,,,0,2026-09-12 23:05:03,MOCKLOAD
1008,2026-08-17,15,114,880330338faa481fa58e,508,4208.37,,,0,2026-09-12 23:05:03,MOCKLOAD
1008,2026-08-18,18,111,05170f3436494a56b131,508,4812.52,,,0,2026-09-12 23:05:03,MOCKLOAD
1008,2026-08-19,19,119,39d425c9f630406bba00,508,194.4,,,0,2026-09-12 23:05:03,MOCKLOAD
1008,2026-08-20,16,104,e787e5d2ab0743c4ba78,508,5672.58,,,0,2026-09-12 23:05:03,MOCKLOAD
1008,2026-08-21,27,105,546cf0c8b20044d8b9fc,508,284.08,,,0,2026-09-12 23:05:03,MOCKLOAD
1008,2026-08-22,18,114,dd2b6f326a304cc6868b,508,1289,,,0,2026-09-12 23:05:03,MOCKLOAD
1008,2026-08-23,12,112,7dc58c111a03492abc3b,508,4515.1,,,0,2026-09-12 23:05:03,MOCKLOAD
1008,2026-08-24,28,112,46725e9abd58447595e5,508,690.4,,,0,2026-09-12 23:05:03,MOCKLOAD
1008,2026-08-25,26,115,cd0d0ebab90b466b920f,508,121.66,,,0,2026-09-12 23:05:03,MOCKLOAD
1008,2026-08-26,10,113,fb8a6adcd8bd45c9b826,508,396.36,,,0,2026-09-12 23:05:03,MOCKLOAD
1008,2026-08-27,15,115,470a6e8e71034fae842b,508,2031.06,,,0,2026-09-12 23:05:03,MOCKLOAD
1008,2026-08-28,12,110,5dc09420f12e486d92c9,508,71.55,,,0,2026-09-12 23:05:03,MOCKLOAD
1008,2026-08-29,29,104,d8d4a2a47d4944d68bc2,508,3943.18,,,0,2026-09-12 23:05:03,MOCKLOAD
1008,2026-08-30,22,116,cb25b44be4ea40e18b8f,508,2882.13,,,0,2026-09-12 23:05:03,MOCKLOAD
1008,2026-08-31,12,110,14d71376865b4382a025,508,7176.28,,,0,2026-09-12 23:05:03,MOCKLOAD
1008,2026-09-01,26,109,e1564d8fed164038a484,508,3875.43,,,0,2026-09-12 23:05:03,MOCKLOAD
1008,2026-09-02,16,112,558cadaf98c24c068343,508,3508.6,,,0,2026-09-12 23:05:03,MOCKLOAD
1008,2026-09-03,16,110,05c46fdf2b8148be95da,508,391.03,,,0,2026-09-12 23:05:03,MOCKLOAD
1008,2026-09-04,14,120,553205f20e374522b03f,508,345.38,,,0,2026-09-12 23:05:03,MOCKLOAD
1008,2026-09-05,18,102,3bdcab20911849878913,508,1859.49,,,0,2026-09-12 23:05:03,MOCKLOAD
1008,2026-09-06,15,104,f67096fb58fe41d58213,508,260.87,,,0,2026-09-12 23:05:03,MOCKLOAD
1008,2026-09-07,17,109,3b497a09f480445facfa,508,143.1,,,0,2026-09-12 23:05:03,MOCKLOAD
1008,2026-09-08,12,113,53d2f0fa832542cd8ef5,508,1466.33,,,0,2026-09-12 23:05:03,MOCKLOAD
1008,2026-09-09,10,101,853cc8bd45fb4c2aad26,508,139.54,,,0,2026-09-12 23:05:03,MOCKLOAD
1008,2026-08-11,16,108,f1eb89e5702f4e33ad98,508,118.64,,,0,2026-09-12 23:05:03,MOCKLOAD
1008,2026-08-12,24,118,c083b76f376043dd8b3e,508,4172.41,,,0,2026-09-12 23:05:03,MOCKLOAD
1008,2026-08-13,27,113,a5a44441417c4afaba36,508,2731.7,,,0,2026-09-12 23:05:03,MOCKLOAD
1008,2026-08-14,23,114,32311d7675df4620b3dd,508,808.58,,,0,2026-09-12 23:05:03,MOCKLOAD
1008,2026-08-15,12,112,e67e06dc495c4f56af86,508,799.31,,,0,2026-09-12 23:05:03,MOCKLOAD
1008,2026-08-16,28,102,70e6c97aaf0c4392b795,508,1246.33,,,0,2026-09-12 23:05:03,MOCKLOAD
1008,2026-08-17,13,104,30974b5acd0c4e2c95a6,508,545.15,,,0,2026-09-12 23:05:03,MOCKLOAD
1008,2026-08-18,28,111,e7c6bdfa3b6445ae8102,508,1728.43,,,0,2026-09-12 23:05:03,MOCKLOAD
1008,2026-08-19,29,112,b0013cf90bfb4438aeaa,508,1035.49,,,0,2026-09-12 23:05:03,MOCKLOAD
1008,2026-08-20,25,114,c13044c547a644279250,508,4142.56,,,0,2026-09-12 23:05:03,MOCKLOAD
1008,2026-08-21,15,119,9b7d2c49d9f84fcf8f4b,508,2455.04,,,0,2026-09-12 23:05:03,MOCKLOAD
1008,2026-08-22,11,113,75773fb73b4c42308abb,508,1042.63,,,0,2026-09-12 23:05:03,MOCKLOAD
1008,2026-08-23,10,113,3378c17e0d064604901d,508,1037.86,,,0,2026-09-12 23:05:03,MOCKLOAD
1008,2026-08-24,25,107,275a6ed2d714416f9466,508,4690.29,,,0,2026-09-12 23:05:03,MOCKLOAD
1008,2026-08-25,11,103,aedbd5095d924d0abe8a,508,1563.15,,,0,2026-09-12 23:05:03,MOCKLOAD
1008,2026-08-26,25,106,ac08f521ad9b48ca91ff,508,2334.93,,,0,2026-09-12 23:05:03,MOCKLOAD
1008,2026-08-27,10,117,3e93c93b013048849267,508,1959.37,,,0,2026-09-12 23:05:03,MOCKLOAD
1008,2026-08-28,12,116,f328daf4b5b94eb3929e,508,95.18,,,0,2026-09-12 23:05:03,MOCKLOAD
1008,2026-08-29,23,108,8eb151f8c31040b49243,508,1325.12,,,0,2026-09-12 23:05:03,MOCKLOAD
1008,2026-08-30,12,113,06c333e9e6bd47a4aae1,508,145.71,,,0,2026-09-12 23:05:03,MOCKLOAD
1008,2026-08-31,28,115,a753e2d678d048aca72f,508,51.43,,,0,2026-09-12 23:05:03,MOCKLOAD
1008,2026-09-01,29,112,17e717e437894465bd95,508,1834.51,,,0,2026-09-12 23:05:03,MOCKLOAD
1008,2026-09-02,14,111,fea36986fccc4202ba85,508,587.34,,,0,2026-09-12 23:05:03,MOCKLOAD
1008,2026-09-03,11,105,d4d56dc678d24d64a31d,508,6439.9,,,0,2026-09-12 23:05:03,MOCKLOAD
1008,2026-09-04,28,111,d96766d920c94fd1a5d9,508,2708.37,,,0,2026-09-12 23:05:03,MOCKLOAD
1008,2026-09-05,11,101,47eeba43bf53480aa339,508,2411.17,,,0,2026-09-12 23:05:03,MOCKLOAD
1008,2026-09-06,17,117,8369ab98fcb0463ebf7d,508,3246.19,,,0,2026-09-12 23:05:03,MOCKLOAD
1008,2026-09-07,11,105,9f3d51ca4f9249c69882,508,654.28,,,0,2026-09-12 23:05:03,MOCKLOAD
1008,2026-09-08,10,104,e3747171e7c447479538,508,3488.35,,,0,2026-09-12 23:05:03,MOCKLOAD
1008,2026-09-09,14,101,58fd4c1096cc47fda60d,508,504.11,,,0,2026-09-12 23:05:03,MOCKLOAD
1008,2026-08-11,17,109,c21e952fc5c54d4db424,508,839.61,,,0,2026-09-12 23:05:03,MOCKLOAD
1008,2026-08-12,25,120,cb821de2edd34fd8acbe,508,1592.19,,,0,2026-09-12 23:05:03,MOCKLOAD
1008,2026-08-13,17,109,c76631b5e49c4eed9163,508,2832.88,,,0,2026-09-12 23:05:03,MOCKLOAD
1008,2026-08-14,10,110,c20f0486117e436d9d13,508,544.22,,,0,2026-09-12 23:05:03,MOCKLOAD
1008,2026-08-15,27,108,885f3d9698a44479a303,508,375.61,,,0,2026-09-12 23:05:03,MOCKLOAD
1008,2026-08-16,22,107,e781c610abe34fe6b920,508,4269.52,,,0,2026-09-12 23:05:03,MOCKLOAD
1008,2026-08-17,21,101,782b5996f1644164a10f,508,26.99,,,0,2026-09-12 23:05:03,MOCKLOAD
1008,2026-08-18,20,118,22ba11eef0bf4157bd13,508,3316.16,,,0,2026-09-12 23:05:03,MOCKLOAD
1008,2026-08-19,10,110,064e8e705aec4fba9b49,508,4310.7,,,0,2026-09-12 23:05:03,MOCKLOAD
1008,2026-08-20,20,120,569f7024796040f6981a,508,3171.54,,,0,2026-09-12 23:05:03,MOCKLOAD
1008,2026-08-21,27,108,00a45cccbc1b4deeb50c,508,2638.22,,,0,2026-09-12 23:05:03,MOCKLOAD
1008,2026-08-22,11,112,b24a05c915654dab89eb,508,189.08,,,0,2026-09-12 23:05:03,MOCKLOAD
1008,2026-08-23,17,117,c9ba57abc0cf40d0ac3b,508,5124.77,,,0,2026-09-12 23:05:03,MOCKLOAD
1008,2026-08-24,26,111,abbb49c08930464d9ac6,508,3149.91,,,0,2026-09-12 23:05:03,MOCKLOAD
1008,2026-08-25,14,104,5afbc27752d34a3b8a10,508,936.68,,,0,2026-09-12 23:05:03,MOCKLOAD
1008,2026-08-26,13,107,422a8a2433b343a5b66c,508,424.09,,,0,2026-09-12 23:05:03,MOCKLOAD
1008,2026-08-27,12,119,3a0b4282c401450595d4,508,1337.82,,,0,2026-09-12 23:05:03,MOCKLOAD
1008,2026-08-28,26,112,441cfe2a139b44629e9e,508,1427.53,,,0,2026-09-12 23:05:03,MOCKLOAD
1008,2026-08-29,16,114,58a353d6254448f8996c,508,907.46,,,0,2026-09-12 23:05:03,MOCKLOAD
1008,2026-08-30,17,118,1873f0e230cc4d15b6d0,508,1916.88,,,0,2026-09-12 23:05:03,MOCKLOAD
1008,2026-08-31,18,103,598c1e0252a94b26b9bf,508,832.99,,,0,2026-09-12 23:05:03,MOCKLOAD
1008,2026-09-01,23,108,5b69554c1885476883ff,508,3959.15,,,0,2026-09-12 23:05:03,MOCKLOAD
1008,2026-09-02,20,102,ceddb1236cbc436293f2,508,435.35,,,0,2026-09-12 23:05:03,MOCKLOAD
1008,2026-09-03,26,114,05bae06319a64962829d,508,7206.55,,,0,2026-09-12 23:05:03,MOCKLOAD
1008,2026-09-04,20,101,f597f9b522d14f438c82,508,397.52,,,0,2026-09-12 23:05:03,MOCKLOAD
1008,2026-09-05,19,110,296a1f7effde49e8b019,508,3557.88,,,0,2026-09-12 23:05:03,MOCKLOAD
1008,2026-09-06,20,106,d67184b23eab474bbd2d,508,7036.66,,,0,2026-09-12 23:05:03,MOCKLOAD
1008,2026-09-07,15,119,580c9de3f3f44ba18f4f,508,176.69,,,0,2026-09-12 23:05:03,MOCKLOAD
1008,2026-09-08,23,114,da64bad1c37e441cbb8f,508,2022.32,,,0,2026-09-12 23:05:03,MOCKLOAD
1008,2026-09-09,23,103,a60b2d3f811a4b6f9e03,508,6694.45,,,0,2026-09-12 23:05:03,MOCKLOAD
1008,2026-08-11,21,118,9c6ae3efaa1f42ceaf54,508,4017.41,,,0,2026-09-12 23:05:03,MOCKLOAD
1008,2026-08-12,16,120,6f8ed43fca4747d8a3f0,508,1237.08,,,0,2026-09-12 23:05:03,MOCKLOAD
1008,2026-08-13,18,111,12e69faac4cc49f28cae,508,67.4,,,0,2026-09-12 23:05:03,MOCKLOAD
1008,2026-08-14,13,105,f64e46d04b5049f3aa8b,508,939.84,,,0,2026-09-12 23:05:03,MOCKLOAD
1008,2026-08-15,18,115,badff33a1b364ff48089,508,5161.03,,,0,2026-09-12 23:05:03,MOCKLOAD
1008,2026-08-16,19,104,ddfedc3bd9c04219840c,508,2039.87,,,0,2026-09-12 23:05:03,MOCKLOAD
1008,2026-08-17,15,118,604688496b8541e588cc,508,6570.22,,,0,2026-09-12 23:05:03,MOCKLOAD
1008,2026-08-18,28,118,5d34d55ed1254c3ab98a,508,2211.19,,,0,2026-09-12 23:05:03,MOCKLOAD
1008,2026-08-19,23,115,4c16ac196426448db58a,508,4626.32,,,0,2026-09-12 23:05:03,MOCKLOAD
1008,2026-08-20,17,102,3655c30be5244e48802b,508,1637.73,,,0,2026-09-12 23:05:03,MOCKLOAD
1008,2026-08-21,16,111,93b6f0e6e732437b9d53,508,778.17,,,0,2026-09-12 23:05:03,MOCKLOAD
1008,2026-08-22,29,104,e3602eab8c8a4d3b9043,508,1026.97,,,0,2026-09-12 23:05:03,MOCKLOAD
1008,2026-08-23,26,117,2617921502184523b521,508,1261.05,,,0,2026-09-12 23:05:03,MOCKLOAD
1008,2026-08-24,25,115,9fadc4c0d11b45149947,508,186.48,,,0,2026-09-12 23:05:03,MOCKLOAD
1008,2026-08-25,26,107,766954052c504ceca8b4,508,331.82,,,0,2026-09-12 23:05:03,MOCKLOAD
1008,2026-08-26,17,117,c766a71679c043839fca,508,3571.96,,,0,2026-09-12 23:05:03,MOCKLOAD
1008,2026-08-27,22,114,ffa4afddc2154ee9bd70,508,2373.12,,,0,2026-09-12 23:05:03,MOCKLOAD
1008,2026-08-28,26,106,9896d1809bde447582f1,508,540.75,,,0,2026-09-12 23:05:03,MOCKLOAD
1008,2026-08-29,27,111,af6768b1011245fc8835,508,394.3,,,0,2026-09-12 23:05:03,MOCKLOAD
1008,2026-08-30,28,112,8a2e1ffc6ce644be958e,508,953.72,,,0,2026-09-12 23:05:03,MOCKLOAD
1008,2026-08-31,14,103,588b1d4b86a145369967,508,792.7,,,0,2026-09-12 23:05:03,MOCKLOAD
1008,2026-09-01,14,120,06410d0e227049ffae4d,508,2989.58,,,0,2026-09-12 23:05:03,MOCKLOAD
1008,2026-09-02,14,114,289ed13ffaca42f6942f,508,477.59,,,0,2026-09-12 23:05:03,MOCKLOAD
1008,2026-09-03,19,112,1bbd32c5af2f4cb2ac8c,508,2486.13,,,0,2026-09-12 23:05:03,MOCKLOAD
1008,2026-09-04,16,111,de276e15ac064456b764,508,84.66,,,0,2026-09-12 23:05:03,MOCKLOAD
1008,2026-09-05,19,118,819fda51075347f2903b,508,3619.39,,,0,2026-09-12 23:05:03,MOCKLOAD
1008,2026-09-06,24,102,a8f921a5bc41407986ae,508,1549.09,,,0,2026-09-12 23:05:03,MOCKLOAD
1008,2026-09-07,19,102,d31f2cda8b554dff9331,508,1061.69,,,0,2026-09-12 23:05:03,MOCKLOAD
1008,2026-09-08,27,107,3a4539d0ef3e43c5ae6d,508,2238.15,,,0,2026-09-12 23:05:03,MOCKLOAD
1008,2026-09-09,10,117,5f1acfdd7e2b4d529a1a,508,327.53,,,0,2026-09-12 23:05:03,MOCKLOAD
1008,2026-08-11,28,112,c7474766b0d14f0489db,508,2729.07,,,0,2026-09-12 23:05:03,MOCKLOAD
1008,2026-08-12,19,114,28c73cca1bb648e5b603,508,166.58,,,0,2026-09-12 23:05:03,MOCKLOAD
1008,2026-08-13,26,106,d6b3ca5b0b9a4941a742,508,708.69,,,0,2026-09-12 23:05:03,MOCKLOAD
1008,2026-08-14,29,119,04fc4bf1abb0420aabb5,508,431.45,,,0,2026-09-12 23:05:03,MOCKLOAD
1008,2026-08-15,21,112,df05e03217cf46849458,508,3476.36,,,0,2026-09-12 23:05:03,MOCKLOAD
1008,2026-08-16,26,106,385496ef06aa45f58ed2,508,1923.42,,,0,2026-09-12 23:05:03,MOCKLOAD
1008,2026-08-17,21,116,ad53702be33149c8802e,508,842.32,,,0,2026-09-12 23:05:03,MOCKLOAD
1008,2026-08-18,20,120,0a604dc86c48460f857e,508,3887.91,,,0,2026-09-12 23:05:03,MOCKLOAD
1008,2026-08-19,18,120,f2d182fabe0e4f7ba2b1,508,1787.82,,,0,2026-09-12 23:05:03,MOCKLOAD
1008,2026-08-20,17,106,51595dc368cf4b71a20a,508,1587.69,,,0,2026-09-12 23:05:03,MOCKLOAD
1008,2026-08-21,14,107,ec7d298a755f48b3bd48,508,4426.98,,,0,2026-09-12 23:05:03,MOCKLOAD
1008,2026-08-22,17,114,a20a43eb60904ec489fe,508,2137.44,,,0,2026-09-12 23:05:03,MOCKLOAD
1008,2026-08-23,27,104,60b607d46df247c990d1,508,1794.21,,,0,2026-09-12 23:05:03,MOCKLOAD
1008,2026-08-24,15,114,c706677da7784534ad96,508,4546.04,,,0,2026-09-12 23:05:03,MOCKLOAD
1008,2026-08-25,17,109,27df4b2926b84960bd51,508,1805.91,,,0,2026-09-12 23:05:03,MOCKLOAD
1008,2026-08-26,14,110,7fbc63bf55d9492eb832,508,2688.29,,,0,2026-09-12 23:05:03,MOCKLOAD
1008,2026-08-27,25,104,9aa23569ad274b0687be,508,1845.53,,,0,2026-09-12 23:05:03,MOCKLOAD
1008,2026-08-28,14,101,32defd20cab94861bcb4,508,7734.42,,,0,2026-09-12 23:05:03,MOCKLOAD
1008,2026-08-29,17,107,5bf47b4bbe494f48be61,508,1350.92,,,0,2026-09-12 23:05:03,MOCKLOAD
1008,2026-08-30,15,116,9acc62a55128421e8085,508,5300.65,,,0,2026-09-12 23:05:03,MOCKLOAD
1008,2026-08-31,15,108,37262a9a9ad74ccbaa90,508,8250.25,,,0,2026-09-12 23:05:03,MOCKLOAD
1008,2026-09-01,29,115,43015d61989748fbac30,508,7856.7,,,0,2026-09-12 23:05:03,MOCKLOAD
1008,2026-09-02,28,110,55277c8a2dcc40d1af3e,508,317.94,,,0,2026-09-12 23:05:03,MOCKLOAD
1008,2026-09-03,21,112,278704d8c4ee4e1f8b58,508,1069.14,,,0,2026-09-12 23:05:03,MOCKLOAD
1008,2026-09-04,10,110,3082885d2da346909f7d,508,3752.99,,,0,2026-09-12 23:05:03,MOCKLOAD
1008,2026-09-05,24,120,c5c597c3eb4b40618d2d,508,8233.06,,,0,2026-09-12 23:05:03,MOCKLOAD
1008,2026-09-06,12,104,8a598676a7924fbb90c1,508,198.09,,,0,2026-09-12 23:05:03,MOCKLOAD
1008,2026-09-07,27,117,fc7024020c7c43c29dc3,508,8530.44,,,0,2026-09-12 23:05:03,MOCKLOAD
1008,2026-09-08,12,108,38b4c2591ccf4f72b568,508,2067.63,,,0,2026-09-12 23:05:03,MOCKLOAD
1008,2026-09-09,13,108,8db85ed28d8c4a558777,508,1886.37,,,0,2026-09-12 23:05:03,MOCKLOAD
1008,2026-08-11,24,103,cdf4645c8de74857b70c,508,754.37,,,0,2026-09-12 23:05:03,MOCKLOAD
1008,2026-08-12,15,119,49c5436b810c4dc4895f,508,2240.32,,,0,2026-09-12 23:05:03,MOCKLOAD
1008,2026-08-13,23,102,c6018f0efad84093be42,508,234.24,,,0,2026-09-12 23:05:03,MOCKLOAD
1008,2026-08-14,14,103,15542bb00ea54ee08a7f,508,1292.78,,,0,2026-09-12 23:05:03,MOCKLOAD
1008,2026-08-15,27,116,d948066f90b042689096,508,1037.67,,,0,2026-09-12 23:05:03,MOCKLOAD
1008,2026-08-16,26,111,76de69f593a44b1cb69a,508,62.05,,,0,2026-09-12 23:05:03,MOCKLOAD
1008,2026-08-17,18,113,70f24ebb61544dc8ab8a,508,7180.69,,,0,2026-09-12 23:05:03,MOCKLOAD
1008,2026-08-18,24,113,5541040182394cc3941c,508,2940.82,,,0,2026-09-12 23:05:03,MOCKLOAD
1008,2026-08-19,29,119,12f28fa138894a1ab92a,508,1197.3,,,0,2026-09-12 23:05:03,MOCKLOAD
1008,2026-08-20,28,108,be50c85464b1452d8078,508,2223.27,,,0,2026-09-12 23:05:03,MOCKLOAD
1008,2026-08-21,11,117,5ee2a73bad9a461e94f8,508,1861.33,,,0,2026-09-12 23:05:03,MOCKLOAD
1008,2026-08-22,23,101,ad60cc64e2cd4ea28ded,508,4893.34,,,0,2026-09-12 23:05:03,MOCKLOAD
1008,2026-08-23,28,108,53876c98aa1b458d87c9,508,703.56,,,0,2026-09-12 23:05:03,MOCKLOAD
1008,2026-08-24,18,114,d95602f0a67f498e90aa,508,4464.11,,,0,2026-09-12 23:05:03,MOCKLOAD
1008,2026-08-25,10,116,3de343142c7942a19d06,508,1450.82,,,0,2026-09-12 23:05:03,MOCKLOAD
1008,2026-08-26,23,102,83d230a179f346ba96c1,508,472.98,,,0,2026-09-12 23:05:03,MOCKLOAD
1008,2026-08-27,21,119,817807fe97de4f159c40,508,1915.83,,,0,2026-09-12 23:05:03,MOCKLOAD
1008,2026-08-28,19,102,36eec2ee31544e99a8bc,508,1444.48,,,0,2026-09-12 23:05:03,MOCKLOAD
1008,2026-08-29,11,113,bec784601c104ecf9455,508,754.04,,,0,2026-09-12 23:05:03,MOCKLOAD
1008,2026-08-30,10,120,a4d7fa99a0e04e8b94d7,508,2189.8,,,0,2026-09-12 23:05:03,MOCKLOAD
1008,2026-08-31,12,107,87d97990f35444e7830b,508,8622.11,,,0,2026-09-12 23:05:03,MOCKLOAD
1008,2026-09-01,25,104,4cabf756d1ee4167b4b4,508,4866.67,,,0,2026-09-12 23:05:03,MOCKLOAD
1008,2026-09-02,27,115,30aaafc6f0c5422393b7,508,93.04,,,0,2026-09-12 23:05:03,MOCKLOAD
1008,2026-09-03,22,103,f6810658ad614344b3f8,508,4285.42,,,0,2026-09-12 23:05:03,MOCKLOAD
1008,2026-09-04,17,120,670f8df570e343ad8813,508,2206.78,,,0,2026-09-12 23:05:03,MOCKLOAD
1008,2026-09-05,11,109,0e087bb150964cb398ce,508,795.16,,,0,2026-09-12 23:05:03,MOCKLOAD
1008,2026-09-06,13,113,5fbc0c423d344e22a401,508,236.48,,,0,2026-09-12 23:05:03,MOCKLOAD
1008,2026-09-07,29,102,fcd782699d9b4a9a8d3e,508,1178.61,,,0,2026-09-12 23:05:03,MOCKLOAD
1008,2026-09-08,20,103,70a4197205f741a59498,508,2179.02,,,0,2026-09-12 23:05:03,MOCKLOAD
1008,2026-09-09,16,110,fe6bafb8bdc84d66a9ef,508,1596.91,,,0,2026-09-12 23:05:03,MOCKLOAD
1009,2026-08-11,27,109,a84f302bbe144da0a85c,509,1259.61,,,0,2026-09-12 23:05:03,MOCKLOAD
1009,2026-08-12,10,106,a5597790e7d546d98963,509,2704.34,,,0,2026-09-12 23:05:03,MOCKLOAD
1009,2026-08-13,11,116,c44fe28df9ca406e89ad,509,452.87,,,0,2026-09-12 23:05:03,MOCKLOAD
1009,2026-08-14,16,114,857a7082371e4ce89d4e,509,6258.68,,,0,2026-09-12 23:05:03,MOCKLOAD
1009,2026-08-15,14,112,72ab6e1374564f8fa05a,509,1005.87,,,0,2026-09-12 23:05:03,MOCKLOAD
1009,2026-08-16,16,107,6f56f1870f084d5bab6f,509,5709.98,,,0,2026-09-12 23:05:03,MOCKLOAD
1009,2026-08-17,16,107,e3b5c4e78c86483ebc0a,509,674.92,,,0,2026-09-12 23:05:03,MOCKLOAD
1009,2026-08-18,16,110,846e31eef7e14a35ae3a,509,2178.18,,,0,2026-09-12 23:05:03,MOCKLOAD
1009,2026-08-19,29,103,de52621cf6094b6a84d6,509,146.26,,,0,2026-09-12 23:05:03,MOCKLOAD
1009,2026-08-20,24,106,c351511ad1fd4cd39339,509,240.6,,,0,2026-09-12 23:05:03,MOCKLOAD
1009,2026-08-21,16,116,510c5c8749064c51bbf7,509,5612.91,,,0,2026-09-12 23:05:03,MOCKLOAD
1009,2026-08-22,10,117,ca68561c75454203a801,509,3760.4,,,0,2026-09-12 23:05:03,MOCKLOAD
1009,2026-08-23,25,107,b8fb1bedcfec47b582cd,509,470.55,,,0,2026-09-12 23:05:03,MOCKLOAD
1009,2026-08-24,16,108,e2572310a0d743db8585,509,95.21,,,0,2026-09-12 23:05:03,MOCKLOAD
1009,2026-08-25,17,108,90beb997ec8c4810a9a4,509,2633.08,,,0,2026-09-12 23:05:03,MOCKLOAD
1009,2026-08-26,22,119,02c7e2069cec48358f4a,509,657.87,,,0,2026-09-12 23:05:03,MOCKLOAD
1009,2026-08-27,22,117,0c946a03adb147719a2e,509,1285.88,,,0,2026-09-12 23:05:03,MOCKLOAD
1009,2026-08-28,26,120,308b574cf3a042029df1,509,688.01,,,0,2026-09-12 23:05:03,MOCKLOAD
1009,2026-08-29,10,109,e3ee0dbc4dad47e39670,509,52.68,,,0,2026-09-12 23:05:03,MOCKLOAD
1009,2026-08-30,28,107,2bb555d167e94dfbbc9f,509,5048.92,,,0,2026-09-12 23:05:03,MOCKLOAD
1009,2026-08-31,23,120,ee058d83adae451f92f9,509,5267.36,,,0,2026-09-12 23:05:03,MOCKLOAD
1009,2026-09-01,10,105,3b2379deb3d54074b0fe,509,228.4,,,0,2026-09-12 23:05:03,MOCKLOAD
1009,2026-09-02,14,108,cdb4b8625d214ae7bbd3,509,2092.74,,,0,2026-09-12 23:05:03,MOCKLOAD
1009,2026-09-03,18,101,307fa716e6f04da6a4c3,509,451.26,,,0,2026-09-12 23:05:03,MOCKLOAD
1009,2026-09-04,11,109,67a5820c267c40fe8a2a,509,432.46,,,0,2026-09-12 23:05:03,MOCKLOAD
1009,2026-09-05,17,101,0207258e03fe41229b2c,509,1769.76,,,0,2026-09-12 23:05:03,MOCKLOAD
1009,2026-09-06,10,108,8e0cae3898304a7088fe,509,1249.96,,,0,2026-09-12 23:05:03,MOCKLOAD
1009,2026-09-07,17,115,2e4965a1ede14a9fbc35,509,36.12,,,0,2026-09-12 23:05:03,MOCKLOAD
1009,2026-09-08,23,118,ba07af00f9c94b4da352,509,1181.21,,,0,2026-09-12 23:05:03,MOCKLOAD
1009,2026-09-09,25,114,f781a7188cc04f58afbf,509,713.64,,,0,2026-09-12 23:05:03,MOCKLOAD
1009,2026-08-11,29,119,4ca71b04a30146c8996a,509,51.09,,,0,2026-09-12 23:05:03,MOCKLOAD
1009,2026-08-12,27,110,912a429539874d7ebe58,509,2079.76,,,0,2026-09-12 23:05:03,MOCKLOAD
1009,2026-08-13,27,118,2599a28aabc248868622,509,1601.32,,,0,2026-09-12 23:05:03,MOCKLOAD
1009,2026-08-14,13,119,a9126126bf8842b3a64d,509,2052.7,,,0,2026-09-12 23:05:03,MOCKLOAD
1009,2026-08-15,13,113,4a3177bf63ba4f3bb7cb,509,2895.6,,,0,2026-09-12 23:05:03,MOCKLOAD
1009,2026-08-16,20,103,3d992e9bb0604130852a,509,2221.25,,,0,2026-09-12 23:05:03,MOCKLOAD
1009,2026-08-17,25,102,37ffa6a904d549eea914,509,994.02,,,0,2026-09-12 23:05:03,MOCKLOAD
1009,2026-08-18,29,117,7533ecbcc4974dbd9013,509,7233.46,,,0,2026-09-12 23:05:03,MOCKLOAD
1009,2026-08-19,11,107,99cce475eaf142288cd7,509,4129.9,,,0,2026-09-12 23:05:03,MOCKLOAD
1009,2026-08-20,29,120,c611a3dcd7e04f498067,509,2536.15,,,0,2026-09-12 23:05:03,MOCKLOAD
1009,2026-08-21,23,118,f62dc903d697480595a1,509,1067.98,,,0,2026-09-12 23:05:03,MOCKLOAD
1009,2026-08-22,26,108,5d0ec2de489049319416,509,2379.9,,,0,2026-09-12 23:05:03,MOCKLOAD
1009,2026-08-23,16,105,d13db3798bb540459931,509,878.49,,,0,2026-09-12 23:05:03,MOCKLOAD
1009,2026-08-24,25,116,48927422cf9a46179363,509,3485.71,,,0,2026-09-12 23:05:03,MOCKLOAD
1009,2026-08-25,16,120,d04201d50f394d6ba374,509,1524.75,,,0,2026-09-12 23:05:03,MOCKLOAD
1009,2026-08-26,10,119,86422087806b441a9fdd,509,1308.8,,,0,2026-09-12 23:05:03,MOCKLOAD
1009,2026-08-27,22,101,20193fddf8c14c19bb65,509,1474.32,,,0,2026-09-12 23:05:03,MOCKLOAD
1009,2026-08-28,24,112,4e0ab8e5e9df4c8b9d31,509,283.45,,,0,2026-09-12 23:05:03,MOCKLOAD
1009,2026-08-29,14,120,0a960a2455ed488dac05,509,3980.88,,,0,2026-09-12 23:05:03,MOCKLOAD
1009,2026-08-30,17,103,6f2ef489b0764efe9316,509,277.9,,,0,2026-09-12 23:05:03,MOCKLOAD
1009,2026-08-31,23,104,77a6b29313cb49fdae3d,509,1791.74,,,0,2026-09-12 23:05:03,MOCKLOAD
1009,2026-09-01,12,117,428200f03eff4ef6b70d,509,924.16,,,0,2026-09-12 23:05:03,MOCKLOAD
1009,2026-09-02,28,118,80964d730ea34d70880a,509,3930.07,,,0,2026-09-12 23:05:03,MOCKLOAD
1009,2026-09-03,25,114,3663c73bbe1d430684e5,509,2728.14,,,0,2026-09-12 23:05:03,MOCKLOAD
1009,2026-09-04,12,104,428e13fb2f9e4860a4f5,509,429.09,,,0,2026-09-12 23:05:03,MOCKLOAD
1009,2026-09-05,26,118,c16d59bf18cd494ebbcc,509,1523.71,,,0,2026-09-12 23:05:03,MOCKLOAD
1009,2026-09-06,17,114,99304a39d69d4b88b120,509,421.83,,,0,2026-09-12 23:05:03,MOCKLOAD
1009,2026-09-07,17,101,4b54e0600bcc4515a462,509,2311.4,,,0,2026-09-12 23:05:03,MOCKLOAD
1009,2026-09-08,19,117,671d1aa9dc4f4c5982e7,509,294.59,,,0,2026-09-12 23:05:03,MOCKLOAD
1009,2026-09-09,19,116,d7e7b368f4b1417b8e7b,509,589.09,,,0,2026-09-12 23:05:03,MOCKLOAD
1009,2026-08-11,29,116,dae2841a50c14e45b318,509,2309.72,,,0,2026-09-12 23:05:03,MOCKLOAD
1009,2026-08-12,26,106,00220f9855914591afdb,509,290.13,,,0,2026-09-12 23:05:03,MOCKLOAD
1009,2026-08-13,27,117,2f1055a557ff41d8a9dc,509,5410.25,,,0,2026-09-12 23:05:03,MOCKLOAD
1009,2026-08-14,29,107,a89ddcc71e5d4cb2ad12,509,1359.45,,,0,2026-09-12 23:05:03,MOCKLOAD
1009,2026-08-15,16,102,ad165bf2b59d42a9b012,509,1955.94,,,0,2026-09-12 23:05:03,MOCKLOAD
1009,2026-08-16,27,113,9246f07e40df451aa32e,509,3025.34,,,0,2026-09-12 23:05:03,MOCKLOAD
1009,2026-08-17,23,116,8d9aeea7f23b4a1e8813,509,383.56,,,0,2026-09-12 23:05:03,MOCKLOAD
1009,2026-08-18,24,103,595198e926d949e29207,509,689.56,,,0,2026-09-12 23:05:03,MOCKLOAD
1009,2026-08-19,17,101,85c171ea0a9a488693a0,509,3125.17,,,0,2026-09-12 23:05:03,MOCKLOAD
1009,2026-08-20,24,105,f1e822f3fd1d4c0b9ceb,509,3113.35,,,0,2026-09-12 23:05:03,MOCKLOAD
1009,2026-08-21,14,101,85f41a94069847669993,509,4177.68,,,0,2026-09-12 23:05:03,MOCKLOAD
1009,2026-08-22,28,113,0ce13f7cfc55452c899b,509,4171.54,,,0,2026-09-12 23:05:03,MOCKLOAD
1009,2026-08-23,19,120,075850250f68486a95c4,509,511.72,,,0,2026-09-12 23:05:03,MOCKLOAD
1009,2026-08-24,22,108,9ec5559a34834410b916,509,1909.07,,,0,2026-09-12 23:05:03,MOCKLOAD
1009,2026-08-25,19,116,6582286cfcda4fec9db7,509,772.28,,,0,2026-09-12 23:05:03,MOCKLOAD
1009,2026-08-26,22,116,478f2ddde88849148407,509,124.58,,,0,2026-09-12 23:05:03,MOCKLOAD
1009,2026-08-27,24,103,6236ad27fbc7488bae8a,509,2673.65,,,0,2026-09-12 23:05:03,MOCKLOAD
1009,2026-08-28,25,109,85510d6ce5854beba197,509,6341.24,,,0,2026-09-12 23:05:03,MOCKLOAD
1009,2026-08-29,14,105,cb84da2345504805a6e4,509,6107.53,,,0,2026-09-12 23:05:03,MOCKLOAD
1009,2026-08-30,14,103,2cab373dd64b4916be10,509,75.81,,,0,2026-09-12 23:05:03,MOCKLOAD
1009,2026-08-31,21,105,52f6f0d2a93a481492d8,509,413.81,,,0,2026-09-12 23:05:03,MOCKLOAD
1009,2026-09-01,13,119,66d015ebc7cf4caabc1f,509,1277.24,,,0,2026-09-12 23:05:03,MOCKLOAD
1009,2026-09-02,24,111,2219b146bacd4998ac13,509,1857.99,,,0,2026-09-12 23:05:03,MOCKLOAD
1009,2026-09-03,14,113,e0e055e292654c1fa1c2,509,2268.28,,,0,2026-09-12 23:05:03,MOCKLOAD
1009,2026-09-04,27,112,f1069839ff1a4a97be2c,509,3760.05,,,0,2026-09-12 23:05:03,MOCKLOAD
1009,2026-09-05,16,113,788ea9699452411f8c43,509,451.26,,,0,2026-09-12 23:05:03,MOCKLOAD
1009,2026-09-06,10,118,953ee95c2ec94f83a070,509,1216.19,,,0,2026-09-12 23:05:03,MOCKLOAD
1009,2026-09-07,27,116,9f8637853ef6438babe2,509,4791.11,,,0,2026-09-12 23:05:03,MOCKLOAD
1009,2026-09-08,13,120,fad343ae47ad42728060,509,1886.69,,,0,2026-09-12 23:05:03,MOCKLOAD
1009,2026-09-09,14,105,0aa47092ee624ceebdbf,509,6755.48,,,0,2026-09-12 23:05:03,MOCKLOAD
1009,2026-08-11,21,109,c0b359b715304627a341,509,1105.79,,,0,2026-09-12 23:05:03,MOCKLOAD
1009,2026-08-12,29,113,2f29dc82556046d3bf3b,509,1269.85,,,0,2026-09-12 23:05:03,MOCKLOAD
1009,2026-08-13,19,114,164c332d1f364b8288a1,509,1251.46,,,0,2026-09-12 23:05:03,MOCKLOAD
1009,2026-08-14,10,109,2ef1db2cba914c2dbb21,509,449.04,,,0,2026-09-12 23:05:03,MOCKLOAD
1009,2026-08-15,11,105,d4da03e56c5d401bba54,509,6199.3,,,0,2026-09-12 23:05:03,MOCKLOAD
1009,2026-08-16,13,120,c5622c20eb4d44bd91e6,509,5119.22,,,0,2026-09-12 23:05:03,MOCKLOAD
1009,2026-08-17,22,115,db110af4a12b47c4ae66,509,33.26,,,0,2026-09-12 23:05:03,MOCKLOAD
1009,2026-08-18,23,110,920ac7b290224110af49,509,1741.39,,,0,2026-09-12 23:05:03,MOCKLOAD
1009,2026-08-19,21,108,812791b24b724d8fbea2,509,1708.88,,,0,2026-09-12 23:05:03,MOCKLOAD
1009,2026-08-20,24,112,0048c2f7a6b04d3cbad1,509,597.9,,,0,2026-09-12 23:05:03,MOCKLOAD
1009,2026-08-21,27,118,f691bbdf817842f18528,509,858.64,,,0,2026-09-12 23:05:03,MOCKLOAD
1009,2026-08-22,14,111,99b67190879348bd95d1,509,2618.21,,,0,2026-09-12 23:05:03,MOCKLOAD
1009,2026-08-23,12,110,df6053abf66a45c4aec5,509,1698.53,,,0,2026-09-12 23:05:03,MOCKLOAD
1009,2026-08-24,28,108,95965a084a7e4c36b2da,509,3960.79,,,0,2026-09-12 23:05:03,MOCKLOAD
1009,2026-08-25,13,106,01faf0f733e949839bd3,509,4670.51,,,0,2026-09-12 23:05:03,MOCKLOAD
1009,2026-08-26,17,111,ee51f459acec4706a3f3,509,621.69,,,0,2026-09-12 23:05:03,MOCKLOAD
1009,2026-08-27,24,106,3cd4ab5dc8084d718ce0,509,1646.39,,,0,2026-09-12 23:05:03,MOCKLOAD
1009,2026-08-28,12,109,d0c680e5b8fb4bb88271,509,454.85,,,0,2026-09-12 23:05:03,MOCKLOAD
1009,2026-08-29,16,115,96e2b0b4dd6845eea10f,509,3535.07,,,0,2026-09-12 23:05:03,MOCKLOAD
1009,2026-08-30,27,107,4e07981c96bd45e49488,509,1352.77,,,0,2026-09-12 23:05:03,MOCKLOAD
1009,2026-08-31,12,111,f3da2f6fb6dd4ab1afda,509,388.85,,,0,2026-09-12 23:05:03,MOCKLOAD
1009,2026-09-01,23,114,068959886fc649bcba43,509,4728.97,,,0,2026-09-12 23:05:03,MOCKLOAD
1009,2026-09-02,17,104,be4d54eee9cc4f9b9e3e,509,1158,,,0,2026-09-12 23:05:03,MOCKLOAD
1009,2026-09-03,25,113,218be816488744738178,509,979.66,,,0,2026-09-12 23:05:03,MOCKLOAD
1009,2026-09-04,10,104,1f33005af8e240fbbcc1,509,2531.18,,,0,2026-09-12 23:05:03,MOCKLOAD
1009,2026-09-05,14,113,401c27464cb943ee870c,509,410.7,,,0,2026-09-12 23:05:03,MOCKLOAD
1009,2026-09-06,15,119,c3523e4fc930469ca09e,509,6414.36,,,0,2026-09-12 23:05:03,MOCKLOAD
1009,2026-09-07,14,103,48e01c8e28114c8a929b,509,373.81,,,0,2026-09-12 23:05:03,MOCKLOAD
1009,2026-09-08,24,111,2049eec2fa824702a3e2,509,628.15,,,0,2026-09-12 23:05:03,MOCKLOAD
1009,2026-09-09,23,117,afcf7482f93e48e5931f,509,1576.23,,,0,2026-09-12 23:05:03,MOCKLOAD
1009,2026-08-11,13,107,eb48f19b1810426a9553,509,615.26,,,0,2026-09-12 23:05:03,MOCKLOAD
1009,2026-08-12,10,106,5958549aa43a4935a4f2,509,317.12,,,0,2026-09-12 23:05:03,MOCKLOAD
1009,2026-08-13,27,102,3a474fbc9ca349f09f1c,509,4121.05,,,0,2026-09-12 23:05:03,MOCKLOAD
1009,2026-08-14,12,108,3182fe0f8c2942a59cbe,509,2712.57,,,0,2026-09-12 23:05:03,MOCKLOAD
1009,2026-08-15,16,107,6f938d76162f4656b720,509,1037.35,,,0,2026-09-12 23:05:03,MOCKLOAD
1009,2026-08-16,11,115,a8023bf1d7a04e0eaa82,509,4296.01,,,0,2026-09-12 23:05:03,MOCKLOAD
1009,2026-08-17,22,105,fed5e940321344379662,509,992.8,,,0,2026-09-12 23:05:03,MOCKLOAD
1009,2026-08-18,14,116,d352e17efeb5451bab4f,509,580.58,,,0,2026-09-12 23:05:03,MOCKLOAD
1009,2026-08-19,11,108,8157440b2d4444f9ad49,509,1642.36,,,0,2026-09-12 23:05:03,MOCKLOAD
1009,2026-08-20,12,111,b617e42450ee4086aef6,509,1408.37,,,0,2026-09-12 23:05:03,MOCKLOAD
1009,2026-08-21,29,111,958752f7afe645d3bf43,509,2012.35,,,0,2026-09-12 23:05:03,MOCKLOAD
1009,2026-08-22,12,112,7669bbcb66774ead822b,509,3415.35,,,0,2026-09-12 23:05:03,MOCKLOAD
1009,2026-08-23,13,102,b750ac9e449146b2911a,509,190.27,,,0,2026-09-12 23:05:03,MOCKLOAD
1009,2026-08-24,13,112,854cf408cd5144b8a9e5,509,325.38,,,0,2026-09-12 23:05:03,MOCKLOAD
1009,2026-08-25,22,101,306fc82eeb824ef9bf4c,509,7894.26,,,0,2026-09-12 23:05:03,MOCKLOAD
1009,2026-08-26,14,119,165ae591c8054e3c8308,509,1051.76,,,0,2026-09-12 23:05:03,MOCKLOAD
1009,2026-08-27,18,106,d68c78c89a674f7b8307,509,1167.32,,,0,2026-09-12 23:05:03,MOCKLOAD
1009,2026-08-28,15,115,4db389034cf746eda8c6,509,539.11,,,0,2026-09-12 23:05:03,MOCKLOAD
1009,2026-08-29,21,119,61b7ff4bb1774db29f9f,509,682.8,,,0,2026-09-12 23:05:03,MOCKLOAD
1009,2026-08-30,11,117,7bd63fe37daa492eb1e4,509,1475.4,,,0,2026-09-12 23:05:03,MOCKLOAD
1009,2026-08-31,27,101,5a89f8b24d614cb99cf4,509,1106.82,,,0,2026-09-12 23:05:03,MOCKLOAD
1009,2026-09-01,11,109,ef31a0bb271f40aaa45c,509,2855.09,,,0,2026-09-12 23:05:03,MOCKLOAD
1009,2026-09-02,20,104,cd6ed4b18560427c8fae,509,1592.7,,,0,2026-09-12 23:05:03,MOCKLOAD
1009,2026-09-03,21,106,82b6b9dbe20c4b4f912c,509,1906.96,,,0,2026-09-12 23:05:03,MOCKLOAD
1009,2026-09-04,11,102,e6fde250eef04708ae88,509,787.11,,,0,2026-09-12 23:05:03,MOCKLOAD
1009,2026-09-05,23,119,952766f27bd940799535,509,2311.91,,,0,2026-09-12 23:05:03,MOCKLOAD
1009,2026-09-06,24,103,671f794f6d9f448bad08,509,7539.2,,,0,2026-09-12 23:05:03,MOCKLOAD
1009,2026-09-07,28,101,b939e6705dd14e7580ec,509,883.11,,,0,2026-09-12 23:05:03,MOCKLOAD
1009,2026-09-08,12,115,9abff43956d64d719878,509,2000.83,,,0,2026-09-12 23:05:03,MOCKLOAD
1009,2026-09-09,29,110,8665de89570b42968476,509,1585.87,,,0,2026-09-12 23:05:03,MOCKLOAD
1009,2026-08-11,21,111,ead563408bcf4dc1a33a,509,5836.37,,,0,2026-09-12 23:05:03,MOCKLOAD
1009,2026-08-12,21,112,2a203eeee920479cb99b,509,108.91,,,0,2026-09-12 23:05:03,MOCKLOAD
1009,2026-08-13,22,119,64457efd54ce4357b702,509,853.29,,,0,2026-09-12 23:05:03,MOCKLOAD
1009,2026-08-14,10,108,b1acd76e52174eb38f47,509,3260.34,,,0,2026-09-12 23:05:03,MOCKLOAD
1009,2026-08-15,22,105,ba6b365b205245cc9157,509,4906.52,,,0,2026-09-12 23:05:03,MOCKLOAD
1009,2026-08-16,16,112,3d0a640934564ed7b5c8,509,34.53,,,0,2026-09-12 23:05:03,MOCKLOAD
1009,2026-08-17,25,101,10c291ed9afa48c1947e,509,146.56,,,0,2026-09-12 23:05:03,MOCKLOAD
1009,2026-08-18,19,114,9f74ad163ffb42f9b17d,509,5268.83,,,0,2026-09-12 23:05:03,MOCKLOAD
1009,2026-08-19,22,120,bbbb955a8f844195b4e4,509,8233.73,,,0,2026-09-12 23:05:03,MOCKLOAD
1009,2026-08-20,27,113,057433aa2a1f45df9d96,509,48.15,,,0,2026-09-12 23:05:03,MOCKLOAD
1009,2026-08-21,15,116,9027c288f80a4d9b9010,509,802.77,,,0,2026-09-12 23:05:03,MOCKLOAD
1009,2026-08-22,29,102,ffd87a9b669e43019361,509,130.43,,,0,2026-09-12 23:05:03,MOCKLOAD
1009,2026-08-23,17,104,510941af9b0a4880a263,509,3830.99,,,0,2026-09-12 23:05:03,MOCKLOAD
1009,2026-08-24,24,104,1a2d0e14c2754088bd68,509,5838.8,,,0,2026-09-12 23:05:03,MOCKLOAD
1009,2026-08-25,12,117,6462dd840eb245ef9ddf,509,737.66,,,0,2026-09-12 23:05:03,MOCKLOAD
1009,2026-08-26,11,101,9009f776e3584186a1a5,509,1785.28,,,0,2026-09-12 23:05:03,MOCKLOAD
1009,2026-08-27,16,109,c1078ebf182b43548f56,509,3020.73,,,0,2026-09-12 23:05:03,MOCKLOAD
1009,2026-08-28,14,117,eefc47536c52489b92ff,509,481.25,,,0,2026-09-12 23:05:03,MOCKLOAD
1009,2026-08-29,10,104,c56c8a4b782647569004,509,753.44,,,0,2026-09-12 23:05:03,MOCKLOAD
1009,2026-08-30,12,110,8ea36ed89cd14576aea5,509,1975.49,,,0,2026-09-12 23:05:03,MOCKLOAD
1009,2026-08-31,20,115,3eaa37dced03498ca33c,509,3323.69,,,0,2026-09-12 23:05:03,MOCKLOAD
1009,2026-09-01,10,102,fe5d3fc5aeaf4521a2d8,509,122.65,,,0,2026-09-12 23:05:03,MOCKLOAD
1009,2026-09-02,12,108,736a1e4d385745f88a8a,509,1464.37,,,0,2026-09-12 23:05:03,MOCKLOAD
1009,2026-09-03,13,104,712919cd397a4bcda784,509,6263,,,0,2026-09-12 23:05:03,MOCKLOAD
1009,2026-09-04,27,110,e0941637ad324d43953f,509,4943.16,,,0,2026-09-12 23:05:03,MOCKLOAD
1009,2026-09-05,14,117,dad6d6e8e5e44b5e862d,509,755.63,,,0,2026-09-12 23:05:03,MOCKLOAD
1009,2026-09-06,24,114,f4692123e9bb49b7be6f,509,80.18,,,0,2026-09-12 23:05:03,MOCKLOAD
1009,2026-09-07,20,120,869eb5681fdf474a93a4,509,1099.2,,,0,2026-09-12 23:05:03,MOCKLOAD
1009,2026-09-08,17,102,9d88de007ecd4321b2f4,509,1473.89,,,0,2026-09-12 23:05:03,MOCKLOAD
1009,2026-09-09,23,111,5fddfd5c16e3461e96ed,509,77.98,,,0,2026-09-12 23:05:03,MOCKLOAD
1009,2026-08-11,24,104,a728339fbb784fd783bc,509,2308.2,,,0,2026-09-12 23:05:03,MOCKLOAD
1009,2026-08-12,13,108,0776e019af12446da8bb,509,6724.28,,,0,2026-09-12 23:05:03,MOCKLOAD
1009,2026-08-13,29,120,6c5a6c873ac548a7aa2b,509,408.94,,,0,2026-09-12 23:05:03,MOCKLOAD
1009,2026-08-14,21,118,e000ee9ce8c74fd897c8,509,5065.29,,,0,2026-09-12 23:05:03,MOCKLOAD
1009,2026-08-15,15,118,92b3ef56506e483a9812,509,2028.68,,,0,2026-09-12 23:05:03,MOCKLOAD
1009,2026-08-16,11,111,a0f5e059224548c8a656,509,645.39,,,0,2026-09-12 23:05:03,MOCKLOAD
1009,2026-08-17,29,111,0399b9c0b12e4c7689d8,509,1717.03,,,0,2026-09-12 23:05:03,MOCKLOAD
1009,2026-08-18,10,116,f61fc2ae8427498f85d9,509,3882.58,,,0,2026-09-12 23:05:03,MOCKLOAD
1009,2026-08-19,23,102,fe84e762239f4a22a362,509,83.74,,,0,2026-09-12 23:05:03,MOCKLOAD
1009,2026-08-20,15,115,ca78dabf59a142658c18,509,201.17,,,0,2026-09-12 23:05:03,MOCKLOAD
1009,2026-08-21,16,105,07895c0d35254847add8,509,5622.84,,,0,2026-09-12 23:05:03,MOCKLOAD
1009,2026-08-22,11,118,a0b485b052fb47b99312,509,5725.66,,,0,2026-09-12 23:05:03,MOCKLOAD
1009,2026-08-23,29,105,49d95381b768470384b0,509,1943.69,,,0,2026-09-12 23:05:03,MOCKLOAD
1009,2026-08-24,20,106,c992dc678dd2469bbe61,509,1774.58,,,0,2026-09-12 23:05:03,MOCKLOAD
1009,2026-08-25,16,108,3e94df22d4bd4136aacd,509,2476.11,,,0,2026-09-12 23:05:03,MOCKLOAD
1009,2026-08-26,11,110,af119f260de54837a5a5,509,423.93,,,0,2026-09-12 23:05:03,MOCKLOAD
1009,2026-08-27,11,109,cf724a0db11b4e489484,509,1711.86,,,0,2026-09-12 23:05:03,MOCKLOAD
1009,2026-08-28,22,103,a01da9d8d39c4e84ba3d,509,1987.22,,,0,2026-09-12 23:05:03,MOCKLOAD
1009,2026-08-29,17,108,e52718560bbf47eeb492,509,5892.44,,,0,2026-09-12 23:05:03,MOCKLOAD
1009,2026-08-30,21,104,884228794b5b4485b31f,509,3348.72,,,0,2026-09-12 23:05:03,MOCKLOAD
1009,2026-08-31,22,120,65a1141c3a254d8e9de4,509,592.69,,,0,2026-09-12 23:05:03,MOCKLOAD
1009,2026-09-01,12,106,8ace8c65136c41978e98,509,4138.93,,,0,2026-09-12 23:05:03,MOCKLOAD
1009,2026-09-02,24,113,e971652145b84873b408,509,2580.88,,,0,2026-09-12 23:05:03,MOCKLOAD
1009,2026-09-03,29,111,11c8988f89ca45f2af12,509,4196.14,,,0,2026-09-12 23:05:03,MOCKLOAD
1009,2026-09-04,15,116,16a83b97476645219f77,509,434.72,,,0,2026-09-12 23:05:03,MOCKLOAD
1009,2026-09-05,16,120,a0f52f2490f5463fbfe1,509,1852.49,,,0,2026-09-12 23:05:03,MOCKLOAD
1009,2026-09-06,17,108,08973ef8393a4fa89c3e,509,197.52,,,0,2026-09-12 23:05:03,MOCKLOAD
1009,2026-09-07,29,115,73596f68dded45f688cf,509,4274.58,,,0,2026-09-12 23:05:03,MOCKLOAD
1009,2026-09-08,17,107,a32ac25f88e54d16bd55,509,6186.79,,,0,2026-09-12 23:05:03,MOCKLOAD
1009,2026-09-09,28,107,25395210fa9547379707,509,3550.58,,,0,2026-09-12 23:05:03,MOCKLOAD
1009,2026-08-11,23,108,468e22122f88443ba529,509,2823.37,,,0,2026-09-12 23:05:03,MOCKLOAD
1009,2026-08-12,23,114,55f32dbaac764c779dfc,509,1979.38,,,0,2026-09-12 23:05:03,MOCKLOAD
1009,2026-08-13,28,113,d99f81cd9fb74547ae0c,509,4124.91,,,0,2026-09-12 23:05:03,MOCKLOAD
1009,2026-08-14,13,102,d10e5dd2feab44e5a6ef,509,1686.5,,,0,2026-09-12 23:05:03,MOCKLOAD
1009,2026-08-15,17,119,7456409c47a14e5eb596,509,6887.71,,,0,2026-09-12 23:05:03,MOCKLOAD
1009,2026-08-16,23,119,aa5869022c714a28b1d1,509,3379.07,,,0,2026-09-12 23:05:03,MOCKLOAD
1009,2026-08-17,23,106,0c2b4952e5c04d4dadd1,509,196.03,,,0,2026-09-12 23:05:03,MOCKLOAD
1009,2026-08-18,12,112,15776ff54fe44f12bc14,509,1938.69,,,0,2026-09-12 23:05:03,MOCKLOAD
1009,2026-08-19,14,108,25c5cecad365425cb05c,509,2455.26,,,0,2026-09-12 23:05:03,MOCKLOAD
1009,2026-08-20,29,120,146df74de1ff4331ac60,509,1019.64,,,0,2026-09-12 23:05:03,MOCKLOAD
1009,2026-08-21,21,103,595efa906b5e47959924,509,785.46,,,0,2026-09-12 23:05:03,MOCKLOAD
1009,2026-08-22,25,117,b9fc70b06cf44d05bf0a,509,841.9,,,0,2026-09-12 23:05:03,MOCKLOAD
1009,2026-08-23,23,110,e993551b40ca4fd4b731,509,231.33,,,0,2026-09-12 23:05:03,MOCKLOAD
1009,2026-08-24,23,108,8b086f8a0cf54716bf9d,509,1648.85,,,0,2026-09-12 23:05:03,MOCKLOAD
1009,2026-08-25,19,101,f2be9c914b4a42638c1e,509,966.25,,,0,2026-09-12 23:05:03,MOCKLOAD
1009,2026-08-26,15,108,5b57c9c2b90c4fccb18b,509,5499.35,,,0,2026-09-12 23:05:03,MOCKLOAD
1009,2026-08-27,23,103,ed75296260334f64a961,509,3712.42,,,0,2026-09-12 23:05:03,MOCKLOAD
1009,2026-08-28,18,113,0a0ca4c808c94e8fb02e,509,3161.5,,,0,2026-09-12 23:05:03,MOCKLOAD
1009,2026-08-29,25,105,b09c6bb182984194a7b8,509,1320.89,,,0,2026-09-12 23:05:03,MOCKLOAD
1009,2026-08-30,27,112,3a196b187b0140daacf0,509,2814.99,,,0,2026-09-12 23:05:03,MOCKLOAD
1009,2026-08-31,17,119,b36372855be64dc8b336,509,2193.07,,,0,2026-09-12 23:05:03,MOCKLOAD
1009,2026-09-01,21,104,a08e1fb5a57a40cb847c,509,1816.81,,,0,2026-09-12 23:05:03,MOCKLOAD
1009,2026-09-02,25,105,7f1d5d2cfeb6491186d1,509,5125.01,,,0,2026-09-12 23:05:03,MOCKLOAD
1009,2026-09-03,26,119,4617498a395c43a195f8,509,191.87,,,0,2026-09-12 23:05:03,MOCKLOAD
1009,2026-09-04,22,111,3a9177187f924addbc42,509,168.12,,,0,2026-09-12 23:05:03,MOCKLOAD
1009,2026-09-05,15,108,6432f1249eea409cb5f4,509,3954.12,,,0,2026-09-12 23:05:03,MOCKLOAD
1009,2026-09-06,17,110,86f82419738e4212842a,509,5188.06,,,0,2026-09-12 23:05:03,MOCKLOAD
1009,2026-09-07,19,111,431736a9118746639e29,509,6097.23,,,0,2026-09-12 23:05:03,MOCKLOAD
1009,2026-09-08,23,119,5164f748bb35482da45f,509,167.98,,,0,2026-09-12 23:05:03,MOCKLOAD
1009,2026-09-09,10,110,bfdf589768374aaaab30,509,2345.47,,,0,2026-09-12 23:05:03,MOCKLOAD
1009,2026-08-11,26,102,6ef9eb2b5f92418c88e5,509,2683.35,,,0,2026-09-12 23:05:03,MOCKLOAD
1009,2026-08-12,26,116,9e5a0fdf10ca4f6d8ad0,509,106.21,,,0,2026-09-12 23:05:03,MOCKLOAD
1009,2026-08-13,17,115,9af20d1d5d3940c486b0,509,860.12,,,0,2026-09-12 23:05:03,MOCKLOAD
1009,2026-08-14,22,102,7f010b375e014a0b8af7,509,2263.86,,,0,2026-09-12 23:05:03,MOCKLOAD
1009,2026-08-15,26,103,366cac3a4a4a44399b6a,509,2055.35,,,0,2026-09-12 23:05:03,MOCKLOAD
1009,2026-08-16,16,117,318b24055831479297e2,509,3032.41,,,0,2026-09-12 23:05:03,MOCKLOAD
1009,2026-08-17,12,109,625d87fd35b94c64b002,509,1781.66,,,0,2026-09-12 23:05:03,MOCKLOAD
1009,2026-08-18,18,101,a34107cf262b436db139,509,334.65,,,0,2026-09-12 23:05:03,MOCKLOAD
1009,2026-08-19,29,105,712711c88ac948a0a7de,509,5497.33,,,0,2026-09-12 23:05:03,MOCKLOAD
1009,2026-08-20,29,110,08db0cf130bd47cb93ca,509,3231.45,,,0,2026-09-12 23:05:03,MOCKLOAD
1009,2026-08-21,26,120,07b1e75221a143eda607,509,2990.69,,,0,2026-09-12 23:05:03,MOCKLOAD
1009,2026-08-22,12,113,5b51157fbbc64668a7dd,509,130.61,,,0,2026-09-12 23:05:03,MOCKLOAD
1009,2026-08-23,26,111,e0231fae844f47a9852d,509,6525.99,,,0,2026-09-12 23:05:03,MOCKLOAD
1009,2026-08-24,26,107,12b9621caeef49d6ae13,509,2185.49,,,0,2026-09-12 23:05:03,MOCKLOAD
1009,2026-08-25,12,120,292d9032c8354b459e58,509,56.92,,,0,2026-09-12 23:05:03,MOCKLOAD
1009,2026-08-26,17,105,068555c5cc554456a9d0,509,4521.42,,,0,2026-09-12 23:05:03,MOCKLOAD
1009,2026-08-27,10,110,4fab244520d4461c8dc9,509,2287.82,,,0,2026-09-12 23:05:03,MOCKLOAD
1009,2026-08-28,27,110,81b3cea92c914c069b06,509,740.7,,,0,2026-09-12 23:05:03,MOCKLOAD
1009,2026-08-29,20,112,07a6eaccd5c340d7b6a3,509,5774.93,,,0,2026-09-12 23:05:03,MOCKLOAD
1009,2026-08-30,24,109,544c9a8867574294929a,509,990.92,,,0,2026-09-12 23:05:03,MOCKLOAD
1009,2026-08-31,26,101,3dded2d796614cb5b03a,509,557.64,,,0,2026-09-12 23:05:03,MOCKLOAD
1009,2026-09-01,10,103,c14e4789823747908a7d,509,2108.75,,,0,2026-09-12 23:05:03,MOCKLOAD
1009,2026-09-02,17,103,6ebd5a38f9ab4afd8e37,509,6362.91,,,0,2026-09-12 23:05:03,MOCKLOAD
1009,2026-09-03,25,120,e1ca7d15c18d45b19969,509,951.25,,,0,2026-09-12 23:05:03,MOCKLOAD
1009,2026-09-04,11,115,c7e7f2d8c2a44cd69671,509,7506.75,,,0,2026-09-12 23:05:03,MOCKLOAD
1009,2026-09-05,18,116,a1192e71cc7843868c4a,509,6044.72,,,0,2026-09-12 23:05:03,MOCKLOAD
1009,2026-09-06,11,107,852b0a11f7e041fba37e,509,419.31,,,0,2026-09-12 23:05:03,MOCKLOAD
1009,2026-09-07,25,115,3396c1606d07440589b1,509,4029.29,,,0,2026-09-12 23:05:03,MOCKLOAD
1009,2026-09-08,12,101,526098c88df847d0beec,509,238.23,,,0,2026-09-12 23:05:03,MOCKLOAD
1009,2026-09-09,29,120,2e48a3e9c47a45dbbbb2,509,3023.12,,,0,2026-09-12 23:05:03,MOCKLOAD
1009,2026-08-11,29,120,bad1e53493c240a38f6f,509,1072.5,,,0,2026-09-12 23:05:03,MOCKLOAD
1009,2026-08-12,10,103,0ce8c5c7e5da41a6b6a7,509,1339.66,,,0,2026-09-12 23:05:03,MOCKLOAD
1009,2026-08-13,17,105,9132682657a341bca3f8,509,219.07,,,0,2026-09-12 23:05:03,MOCKLOAD
1009,2026-08-14,25,117,f770c90e852744ad89f3,509,1260.53,,,0,2026-09-12 23:05:03,MOCKLOAD
1009,2026-08-15,17,103,6c661d8722d34826b467,509,208.65,,,0,2026-09-12 23:05:03,MOCKLOAD
1009,2026-08-16,15,115,d30d398186154456b692,509,1541.59,,,0,2026-09-12 23:05:03,MOCKLOAD
1009,2026-08-17,21,109,f57622d02c4f47ed844a,509,1385.67,,,0,2026-09-12 23:05:03,MOCKLOAD
1009,2026-08-18,24,105,21cd734248e544528671,509,2848.61,,,0,2026-09-12 23:05:03,MOCKLOAD
1009,2026-08-19,28,106,39f513d80e46458b8435,509,54.2,,,0,2026-09-12 23:05:03,MOCKLOAD
1009,2026-08-20,16,118,0aed6e4c2e8749a3a119,509,4838.24,,,0,2026-09-12 23:05:03,MOCKLOAD
1009,2026-08-21,19,120,3d3cbe8bc7a444ca8d4c,509,1701.84,,,0,2026-09-12 23:05:03,MOCKLOAD
1009,2026-08-22,29,116,8df840dd1f60407291b6,509,80.18,,,0,2026-09-12 23:05:03,MOCKLOAD
1009,2026-08-23,29,113,a63e00f316474c3fbea6,509,4766.92,,,0,2026-09-12 23:05:03,MOCKLOAD
1009,2026-08-24,27,105,9f8ef4375c4f4992afff,509,2826,,,0,2026-09-12 23:05:03,MOCKLOAD
1009,2026-08-25,26,111,f5cbbcb9bd5542458c6e,509,314.09,,,0,2026-09-12 23:05:03,MOCKLOAD
1009,2026-08-26,29,103,1a289df70cc84f02a6da,509,4668.25,,,0,2026-09-12 23:05:03,MOCKLOAD
1009,2026-08-27,16,115,c1c161337b0449f5b6cd,509,2166.38,,,0,2026-09-12 23:05:03,MOCKLOAD
1009,2026-08-28,22,107,7e6d1e50f7664c9d8048,509,2417.51,,,0,2026-09-12 23:05:03,MOCKLOAD
1009,2026-08-29,21,109,1ebc2a0a353340b3be04,509,172.33,,,0,2026-09-12 23:05:03,MOCKLOAD
1009,2026-08-30,13,116,ae38d13dc9084d299b88,509,3177.13,,,0,2026-09-12 23:05:03,MOCKLOAD
1009,2026-08-31,29,116,5a003176bbe44866b11e,509,5522.89,,,0,2026-09-12 23:05:03,MOCKLOAD
1009,2026-09-01,16,118,4d093f4d24b64475a7d0,509,858.58,,,0,2026-09-12 23:05:03,MOCKLOAD
1009,2026-09-02,22,114,cc7ea462c8a645f1aa29,509,7314.07,,,0,2026-09-12 23:05:03,MOCKLOAD
1009,2026-09-03,12,101,dd746a6e622241599a1a,509,1218.5,,,0,2026-09-12 23:05:03,MOCKLOAD
1009,2026-09-04,14,112,3afc8a7af284404a9422,509,905.14,,,0,2026-09-12 23:05:03,MOCKLOAD
1009,2026-09-05,10,109,efd6e430bd7e48538aeb,509,6439.73,,,0,2026-09-12 23:05:03,MOCKLOAD
1009,2026-09-06,27,101,48d23eaa5c9649038eda,509,799,,,0,2026-09-12 23:05:03,MOCKLOAD
1009,2026-09-07,15,115,9dd26d55c19e4c3d8db9,509,1051.37,,,0,2026-09-12 23:05:03,MOCKLOAD
1009,2026-09-08,20,108,ae1b7fee2ca04b15b657,509,360.9,,,0,2026-09-12 23:05:03,MOCKLOAD
1009,2026-09-09,19,114,f90a608045a94ad6a760,509,1714.08,,,0,2026-09-12 23:05:03,MOCKLOAD
1010,2026-08-11,25,115,ff6c42e71dae4d9082d5,510,1153.44,,,0,2026-09-12 23:05:03,MOCKLOAD
1010,2026-08-12,15,107,e54604ac9347415f9865,510,1162.88,,,0,2026-09-12 23:05:03,MOCKLOAD
1010,2026-08-13,26,109,f442187abeab4f7bbb3e,510,856.91,,,0,2026-09-12 23:05:03,MOCKLOAD
1010,2026-08-14,11,114,6e76bac31e784f41b7bc,510,1003.44,,,0,2026-09-12 23:05:03,MOCKLOAD
1010,2026-08-15,23,118,aa8ced09feae410897cc,510,418.53,,,0,2026-09-12 23:05:03,MOCKLOAD
1010,2026-08-16,12,101,c538b6de28bf4b7bbb32,510,58.59,,,0,2026-09-12 23:05:03,MOCKLOAD
1010,2026-08-17,16,109,dcb523da736745aa9739,510,142.02,,,0,2026-09-12 23:05:03,MOCKLOAD
1010,2026-08-18,19,107,a1438641094e43158ed6,510,559.19,,,0,2026-09-12 23:05:03,MOCKLOAD
1010,2026-08-19,12,109,8f2639f2a9a3427f9829,510,1042.55,,,0,2026-09-12 23:05:03,MOCKLOAD
1010,2026-08-20,18,102,f0fd3291ab054f9fa698,510,4430.32,,,0,2026-09-12 23:05:03,MOCKLOAD
1010,2026-08-21,28,115,ec9f11d1c0d741fab98e,510,2317.35,,,0,2026-09-12 23:05:03,MOCKLOAD
1010,2026-08-22,23,101,6be267b4fc584fb5a5d6,510,620.45,,,0,2026-09-12 23:05:03,MOCKLOAD
1010,2026-08-23,23,109,71376ea1906f49fa8ac9,510,881.53,,,0,2026-09-12 23:05:03,MOCKLOAD
1010,2026-08-24,16,107,70bd57e330154dce9634,510,1200.42,,,0,2026-09-12 23:05:03,MOCKLOAD
1010,2026-08-25,16,101,aba253e624124ca7a238,510,3758.81,,,0,2026-09-12 23:05:03,MOCKLOAD
1010,2026-08-26,25,108,5612e04a5dbc49adb098,510,1820.39,,,0,2026-09-12 23:05:03,MOCKLOAD
1010,2026-08-27,19,116,6ab751c508484f9aa058,510,1150.75,,,0,2026-09-12 23:05:03,MOCKLOAD
1010,2026-08-28,25,120,e950b863fa1e4df581d0,510,1412.21,,,0,2026-09-12 23:05:03,MOCKLOAD
1010,2026-08-29,23,115,fc6417f17c5d42b8ba59,510,1589.75,,,0,2026-09-12 23:05:03,MOCKLOAD
1010,2026-08-30,10,111,3511ec716a284b14ab70,510,541.49,,,0,2026-09-12 23:05:03,MOCKLOAD
1010,2026-08-31,20,102,f4ca4cc716b041bf9c7f,510,425.88,,,0,2026-09-12 23:05:03,MOCKLOAD
1010,2026-09-01,27,116,b48ba9a58f5b448fba4e,510,1639.16,,,0,2026-09-12 23:05:03,MOCKLOAD
1010,2026-09-02,16,110,d6584cbd772543df8ae7,510,3299.42,,,0,2026-09-12 23:05:03,MOCKLOAD
1010,2026-09-03,19,113,16b0e9b9a04f49f5b298,510,1891.84,,,0,2026-09-12 23:05:03,MOCKLOAD
1010,2026-09-04,11,112,02e0ce09fa624511989f,510,2058.71,,,0,2026-09-12 23:05:03,MOCKLOAD
1010,2026-09-05,25,113,c543bfb4d14a4de194b9,510,1272.66,,,0,2026-09-12 23:05:03,MOCKLOAD
1010,2026-09-06,23,102,485cabd096704e7791a8,510,634.33,,,0,2026-09-12 23:05:03,MOCKLOAD
1010,2026-09-07,12,101,b055fcf3fb564c82a286,510,3972.17,,,0,2026-09-12 23:05:03,MOCKLOAD
1010,2026-09-08,11,109,9d5320cc3eb948e9a33d,510,102.69,,,0,2026-09-12 23:05:03,MOCKLOAD
1010,2026-09-09,25,101,da16f95f194a436aad29,510,846.79,,,0,2026-09-12 23:05:03,MOCKLOAD
1010,2026-08-11,27,105,6bdd1fe89f214d5a8582,510,718.57,,,0,2026-09-12 23:05:03,MOCKLOAD
1010,2026-08-12,20,108,b7368761ef5b4d4c8d04,510,1393.41,,,0,2026-09-12 23:05:03,MOCKLOAD
1010,2026-08-13,20,106,4a989323a8cf4ee98b13,510,2636.18,,,0,2026-09-12 23:05:03,MOCKLOAD
1010,2026-08-14,13,118,10b5280ddb9e4534b496,510,665.91,,,0,2026-09-12 23:05:03,MOCKLOAD
1010,2026-08-15,26,120,661ef88da298431e9879,510,2817.04,,,0,2026-09-12 23:05:03,MOCKLOAD
1010,2026-08-16,25,118,63cd8e9bcaef4cbf998d,510,4677.36,,,0,2026-09-12 23:05:03,MOCKLOAD
1010,2026-08-17,12,106,a1f2c4275c8846389e3e,510,660.77,,,0,2026-09-12 23:05:03,MOCKLOAD
1010,2026-08-18,28,118,02663862ab85431a82f4,510,3490.79,,,0,2026-09-12 23:05:03,MOCKLOAD
1010,2026-08-19,12,111,d5b1f6b101e34b1a9acb,510,1060.41,,,0,2026-09-12 23:05:03,MOCKLOAD
1010,2026-08-20,12,108,bde33ce3a09c40fc930a,510,1216.51,,,0,2026-09-12 23:05:03,MOCKLOAD
1010,2026-08-21,19,105,f00ed4c6ceb44e65b443,510,4894.06,,,0,2026-09-12 23:05:03,MOCKLOAD
1010,2026-08-22,29,107,6215eb5761d747239d72,510,2159.55,,,0,2026-09-12 23:05:03,MOCKLOAD
1010,2026-08-23,29,113,d33aef95b05543dbaea7,510,2879.3,,,0,2026-09-12 23:05:03,MOCKLOAD
1010,2026-08-24,28,111,7389577a9a7f4018b75f,510,147.11,,,0,2026-09-12 23:05:03,MOCKLOAD
1010,2026-08-25,13,101,c9362a02cdb0475b810b,510,1250.25,,,0,2026-09-12 23:05:03,MOCKLOAD
1010,2026-08-26,21,104,654993407aca4a03a8fc,510,2171.7,,,0,2026-09-12 23:05:03,MOCKLOAD
1010,2026-08-27,28,106,2df71599758b41579a66,510,1840.1,,,0,2026-09-12 23:05:03,MOCKLOAD
1010,2026-08-28,29,117,84cb378b36524949b2c8,510,1034.49,,,0,2026-09-12 23:05:03,MOCKLOAD
1010,2026-08-29,23,115,ea2e733e6eee4e03a6f6,510,1632.79,,,0,2026-09-12 23:05:03,MOCKLOAD
1010,2026-08-30,10,103,d7fb4733878842a9822d,510,2442.18,,,0,2026-09-12 23:05:03,MOCKLOAD
1010,2026-08-31,24,102,ede3ba5ba2bd4dfa8376,510,841.86,,,0,2026-09-12 23:05:03,MOCKLOAD
1010,2026-09-01,14,107,d91bb486fa714380b2e3,510,3245.94,,,0,2026-09-12 23:05:03,MOCKLOAD
1010,2026-09-02,15,107,ee1af386115c4c6e8cd5,510,2257.83,,,0,2026-09-12 23:05:03,MOCKLOAD
1010,2026-09-03,20,103,22f9e145babf463eb0e7,510,1107.02,,,0,2026-09-12 23:05:03,MOCKLOAD
1010,2026-09-04,24,101,443b17589c374d45a3d0,510,2678.68,,,0,2026-09-12 23:05:03,MOCKLOAD
1010,2026-09-05,26,111,6bf76184ce8040708afe,510,131.22,,,0,2026-09-12 23:05:03,MOCKLOAD
1010,2026-09-06,15,117,d0b542bc45c0439fb2aa,510,1190.98,,,0,2026-09-12 23:05:03,MOCKLOAD
1010,2026-09-07,26,114,874914928c37489c99c5,510,5427.79,,,0,2026-09-12 23:05:03,MOCKLOAD
1010,2026-09-08,13,112,ad5e1b83d65b4de1a0a3,510,4183.36,,,0,2026-09-12 23:05:03,MOCKLOAD
1010,2026-09-09,26,109,9693f8fc1cf740d38f1e,510,778.6,,,0,2026-09-12 23:05:03,MOCKLOAD
1010,2026-08-11,23,116,8a7a4c5d1c1546ff9af7,510,4370.39,,,0,2026-09-12 23:05:03,MOCKLOAD
1010,2026-08-12,24,114,b4ded1e120594333b6de,510,1289.08,,,0,2026-09-12 23:05:03,MOCKLOAD
1010,2026-08-13,24,113,067f7ba7818d47348275,510,3148.79,,,0,2026-09-12 23:05:03,MOCKLOAD
1010,2026-08-14,24,101,d8bfd4ecc2b7431bab32,510,1230.83,,,0,2026-09-12 23:05:03,MOCKLOAD
1010,2026-08-15,12,117,fe8ff50c8fba4aa0bdeb,510,732.84,,,0,2026-09-12 23:05:03,MOCKLOAD
1010,2026-08-16,23,103,4f6d2eb0e6ca4442b1e9,510,792.38,,,0,2026-09-12 23:05:03,MOCKLOAD
1010,2026-08-17,19,101,318fff5b68df4b418043,510,704.31,,,0,2026-09-12 23:05:03,MOCKLOAD
1010,2026-08-18,15,110,8fd94959659c44858bd2,510,1911.82,,,0,2026-09-12 23:05:03,MOCKLOAD
1010,2026-08-19,26,105,bd5082556e284e3981af,510,328.49,,,0,2026-09-12 23:05:03,MOCKLOAD
1010,2026-08-20,19,106,1db2fa203bed4ae5ba1a,510,777.21,,,0,2026-09-12 23:05:03,MOCKLOAD
1010,2026-08-21,29,114,3d5c6b896ba349d6b78c,510,601.89,,,0,2026-09-12 23:05:03,MOCKLOAD
1010,2026-08-22,20,112,827dfa81d3124ad19464,510,1580.55,,,0,2026-09-12 23:05:03,MOCKLOAD
1010,2026-08-23,26,112,c91d507ef3f64bfe89db,510,280.26,,,0,2026-09-12 23:05:03,MOCKLOAD
1010,2026-08-24,28,111,5eb17b45dada496899b9,510,3207.66,,,0,2026-09-12 23:05:03,MOCKLOAD
1010,2026-08-25,25,118,1822d01422bf489e8a8f,510,1380.52,,,0,2026-09-12 23:05:03,MOCKLOAD
1010,2026-08-26,26,115,222a576c5ff644f0b3cf,510,1008.89,,,0,2026-09-12 23:05:03,MOCKLOAD
1010,2026-08-27,15,112,d587830f080b4b6bbbc5,510,3916.8,,,0,2026-09-12 23:05:03,MOCKLOAD
1010,2026-08-28,25,119,41cc80ac46a74be7bc16,510,496.41,,,0,2026-09-12 23:05:03,MOCKLOAD
1010,2026-08-29,11,106,844110a4e97246139286,510,218.23,,,0,2026-09-12 23:05:03,MOCKLOAD
1010,2026-08-30,18,101,301b225f4cbd4c4db670,510,1382.26,,,0,2026-09-12 23:05:03,MOCKLOAD
1010,2026-08-31,20,119,1e002729cef147f7a9a7,510,122.14,,,0,2026-09-12 23:05:03,MOCKLOAD
1010,2026-09-01,28,116,4ea72a214b9c4096b244,510,5581.26,,,0,2026-09-12 23:05:03,MOCKLOAD
1010,2026-09-02,29,113,6b7f2731063742bbae20,510,3289.03,,,0,2026-09-12 23:05:03,MOCKLOAD
1010,2026-09-03,24,106,7f6afad6a16e4ef9a994,510,1460.32,,,0,2026-09-12 23:05:03,MOCKLOAD
1010,2026-09-04,15,119,0a64505f996048beb5f0,510,1293.54,,,0,2026-09-12 23:05:03,MOCKLOAD
1010,2026-09-05,19,102,e57b02f7c2374b63a186,510,3699.53,,,0,2026-09-12 23:05:03,MOCKLOAD
1010,2026-09-06,26,114,c821cd820559497fa32e,510,523.98,,,0,2026-09-12 23:05:03,MOCKLOAD
1010,2026-09-07,27,106,e5de551da12b460f84c6,510,3245,,,0,2026-09-12 23:05:03,MOCKLOAD
1010,2026-09-08,22,110,74c10e48a541425bab48,510,2924.91,,,0,2026-09-12 23:05:03,MOCKLOAD
1010,2026-09-09,14,115,f83992bdbf5d4894849b,510,694.79,,,0,2026-09-12 23:05:03,MOCKLOAD
1010,2026-08-11,19,118,491738db059d4d7dbf2a,510,3491.41,,,0,2026-09-12 23:05:03,MOCKLOAD
1010,2026-08-12,12,117,8415d14124c148f29ad8,510,3848.09,,,0,2026-09-12 23:05:03,MOCKLOAD
1010,2026-08-13,25,112,20d280daed644ee5a4b0,510,813.82,,,0,2026-09-12 23:05:03,MOCKLOAD
1010,2026-08-14,17,111,9593ecabe17e42718642,510,2680.22,,,0,2026-09-12 23:05:03,MOCKLOAD
1010,2026-08-15,25,114,c325e9814fb04b738b8c,510,3380.87,,,0,2026-09-12 23:05:03,MOCKLOAD
1010,2026-08-16,19,104,82f116c5c1e24d608b0d,510,19.2,,,0,2026-09-12 23:05:03,MOCKLOAD
1010,2026-08-17,16,101,ba6e88a223bc41d38adc,510,1135.13,,,0,2026-09-12 23:05:03,MOCKLOAD
1010,2026-08-18,29,114,3c533d6d6fc1482bb7c1,510,285.87,,,0,2026-09-12 23:05:03,MOCKLOAD
1010,2026-08-19,22,107,5899cd9cc03d4ccbbefa,510,2651.64,,,0,2026-09-12 23:05:03,MOCKLOAD
1010,2026-08-20,18,101,0d668a2acb6e4e0d9a6d,510,611.09,,,0,2026-09-12 23:05:03,MOCKLOAD
1010,2026-08-21,24,104,3838fb2d30ba4698a637,510,325.11,,,0,2026-09-12 23:05:03,MOCKLOAD
1010,2026-08-22,25,107,a6c4ddbbe2f24529812e,510,96.99,,,0,2026-09-12 23:05:03,MOCKLOAD
1010,2026-08-23,15,102,e9125b72d0fc4da4a1c5,510,991.54,,,0,2026-09-12 23:05:03,MOCKLOAD
1010,2026-08-24,18,106,95aebe55aca74d90aeaa,510,238.47,,,0,2026-09-12 23:05:03,MOCKLOAD
1010,2026-08-25,17,109,7ca64f1a6b2f4777b52f,510,1669.41,,,0,2026-09-12 23:05:03,MOCKLOAD
1010,2026-08-26,22,115,9b3e307672674b5096dc,510,429.76,,,0,2026-09-12 23:05:03,MOCKLOAD
1010,2026-08-27,21,110,63e0ae0a3095405bb477,510,1538.7,,,0,2026-09-12 23:05:03,MOCKLOAD
1010,2026-08-28,22,109,5bf723fd2ba7437d82e2,510,468.76,,,0,2026-09-12 23:05:03,MOCKLOAD
1010,2026-08-29,23,120,c46140afbe8843c0b9ba,510,790.07,,,0,2026-09-12 23:05:03,MOCKLOAD
1010,2026-08-30,28,111,65114cfa4ae946e6b61b,510,283.73,,,0,2026-09-12 23:05:03,MOCKLOAD
1010,2026-08-31,14,114,0240bc9c00eb4345a9bc,510,2192.25,,,0,2026-09-12 23:05:03,MOCKLOAD
1010,2026-09-01,19,109,122fa693724b4ec3b8f3,510,3363.14,,,0,2026-09-12 23:05:03,MOCKLOAD
1010,2026-09-02,11,114,cdc49b51fa694b898f93,510,192.48,,,0,2026-09-12 23:05:03,MOCKLOAD
1010,2026-09-03,11,119,979c8a9ae5eb436aaa39,510,223.25,,,0,2026-09-12 23:05:03,MOCKLOAD
1010,2026-09-04,21,104,f8b5619d14434ee6b899,510,2958.46,,,0,2026-09-12 23:05:03,MOCKLOAD
1010,2026-09-05,24,118,22411269d9d3426988eb,510,661.18,,,0,2026-09-12 23:05:03,MOCKLOAD
1010,2026-09-06,18,116,a8a99dfe504140a68830,510,187.73,,,0,2026-09-12 23:05:03,MOCKLOAD
1010,2026-09-07,14,101,fe5f0f4f2fa746179ad4,510,1614.42,,,0,2026-09-12 23:05:03,MOCKLOAD
1010,2026-09-08,22,120,a01fb673a0434691a2db,510,1297.49,,,0,2026-09-12 23:05:03,MOCKLOAD
1010,2026-09-09,13,119,0ddae646b5e1463e9862,510,90.65,,,0,2026-09-12 23:05:03,MOCKLOAD
1010,2026-08-11,15,104,d032344b904041a5a760,510,1853.75,,,0,2026-09-12 23:05:03,MOCKLOAD
1010,2026-08-12,22,109,ace74c8217434c41bf43,510,2178.16,,,0,2026-09-12 23:05:03,MOCKLOAD
1010,2026-08-13,11,109,16de9d5f9cab4de5a7e3,510,2992.18,,,0,2026-09-12 23:05:03,MOCKLOAD
1010,2026-08-14,16,106,30a0c447f937464abf5a,510,2943.89,,,0,2026-09-12 23:05:03,MOCKLOAD
1010,2026-08-15,27,119,359c2b23ea4d46f3810d,510,1518.47,,,0,2026-09-12 23:05:03,MOCKLOAD
1010,2026-08-16,21,120,97118c4419ed47b8a31c,510,2103.22,,,0,2026-09-12 23:05:03,MOCKLOAD
1010,2026-08-17,28,117,3e049f1d0a364ae5943c,510,452.32,,,0,2026-09-12 23:05:03,MOCKLOAD
1010,2026-08-18,21,112,bb1361d5d342417c8ce6,510,2310.68,,,0,2026-09-12 23:05:03,MOCKLOAD
1010,2026-08-19,22,102,a774ec21bf404fc89747,510,1031.38,,,0,2026-09-12 23:05:03,MOCKLOAD
1010,2026-08-20,27,110,ffee91ba7059426ca6cb,510,1894.96,,,0,2026-09-12 23:05:03,MOCKLOAD
1010,2026-08-21,24,102,150c415b87d746cca39d,510,1990.41,,,0,2026-09-12 23:05:03,MOCKLOAD
1010,2026-08-22,17,102,f713310f639640869549,510,4134.96,,,0,2026-09-12 23:05:03,MOCKLOAD
1010,2026-08-23,24,111,5de18531c7744f9691fa,510,459.35,,,0,2026-09-12 23:05:03,MOCKLOAD
1010,2026-08-24,11,102,09e7594428ce49d989e0,510,1894.04,,,0,2026-09-12 23:05:03,MOCKLOAD
1010,2026-08-25,19,104,1d60035c729c457eb5de,510,2040.19,,,0,2026-09-12 23:05:03,MOCKLOAD
1010,2026-08-26,29,106,4562188a90c345ec96ba,510,319.09,,,0,2026-09-12 23:05:03,MOCKLOAD
1010,2026-08-27,10,118,441053a4f30444ff88bb,510,754.8,,,0,2026-09-12 23:05:03,MOCKLOAD
1010,2026-08-28,11,118,4adef57f68074e10b820,510,96.7,,,0,2026-09-12 23:05:03,MOCKLOAD
1010,2026-08-29,25,110,3bae0c20bc53430e9a41,510,714.39,,,0,2026-09-12 23:05:03,MOCKLOAD
1010,2026-08-30,18,112,3d1899b1254f4fd8ac40,510,1733.42,,,0,2026-09-12 23:05:03,MOCKLOAD
1010,2026-08-31,22,106,4aed17a1b4fd48e4baf1,510,3610.56,,,0,2026-09-12 23:05:03,MOCKLOAD
1010,2026-09-01,23,108,4f610b27189143f8a3ab,510,3987.99,,,0,2026-09-12 23:05:03,MOCKLOAD
1010,2026-09-02,16,118,1ddd417b5ba24f01931b,510,182.04,,,0,2026-09-12 23:05:03,MOCKLOAD
1010,2026-09-03,13,118,31ae8fb05c1a47738e3c,510,1735.55,,,0,2026-09-12 23:05:03,MOCKLOAD
1010,2026-09-04,17,110,17f2e5f56f824dcd90e6,510,930.77,,,0,2026-09-12 23:05:03,MOCKLOAD
1010,2026-09-05,16,107,3aae63c2c0e14f0b9fb7,510,123.22,,,0,2026-09-12 23:05:03,MOCKLOAD
1010,2026-09-06,29,101,b09ae343cef04e76b0f0,510,3344.37,,,0,2026-09-12 23:05:03,MOCKLOAD
1010,2026-09-07,28,113,0701ae7c7782453fa152,510,629.1,,,0,2026-09-12 23:05:03,MOCKLOAD
1010,2026-09-08,23,109,11b8580727f64f09bbd2,510,149.16,,,0,2026-09-12 23:05:03,MOCKLOAD
1010,2026-09-09,26,104,a532aa88ee0043adb08e,510,2028.79,,,0,2026-09-12 23:05:03,MOCKLOAD
1010,2026-08-11,19,113,5a26aebda30c4257a7a0,510,1881.67,,,0,2026-09-12 23:05:03,MOCKLOAD
1010,2026-08-12,15,114,0d387991e9cc4755a238,510,888.95,,,0,2026-09-12 23:05:03,MOCKLOAD
1010,2026-08-13,22,101,277b74e6e5d448929541,510,1543.88,,,0,2026-09-12 23:05:03,MOCKLOAD
1010,2026-08-14,18,115,6653f5c799b646688350,510,1617.02,,,0,2026-09-12 23:05:03,MOCKLOAD
1010,2026-08-15,29,105,bc6e152431ae4ad688c2,510,567.43,,,0,2026-09-12 23:05:03,MOCKLOAD
1010,2026-08-16,14,109,b1d1844392984240b16a,510,3482.88,,,0,2026-09-12 23:05:03,MOCKLOAD
1010,2026-08-17,21,116,83a319c621dd49229abc,510,131.31,,,0,2026-09-12 23:05:03,MOCKLOAD
1010,2026-08-18,29,108,93c84aadd26949e0b153,510,2710.86,,,0,2026-09-12 23:05:03,MOCKLOAD
1010,2026-08-19,11,118,aee0ef9e801649fd8781,510,743.41,,,0,2026-09-12 23:05:03,MOCKLOAD
1010,2026-08-20,22,117,15bacbf9f6a244fa9353,510,2724.68,,,0,2026-09-12 23:05:03,MOCKLOAD
1010,2026-08-21,20,111,ba7e3038b3014f7e9d2c,510,3946.89,,,0,2026-09-12 23:05:03,MOCKLOAD
1010,2026-08-22,17,118,ddf85772baba4fecb1fa,510,1789.93,,,0,2026-09-12 23:05:03,MOCKLOAD
1010,2026-08-23,19,113,796ad5fdaf6142ecb7e2,510,850.83,,,0,2026-09-12 23:05:03,MOCKLOAD
1010,2026-08-24,19,113,abcbc80f8eb74ca5b4d0,510,2581.93,,,0,2026-09-12 23:05:03,MOCKLOAD
1010,2026-08-25,10,108,d723efe8ce5842369ae0,510,602.65,,,0,2026-09-12 23:05:03,MOCKLOAD
1010,2026-08-26,10,118,f4c08a7057d2481eb10a,510,1810.6,,,0,2026-09-12 23:05:03,MOCKLOAD
1010,2026-08-27,28,117,d4ba6bf6c48f485b8aa0,510,290.69,,,0,2026-09-12 23:05:03,MOCKLOAD
1010,2026-08-28,28,117,a9d3b65b930c4c7d937d,510,465.51,,,0,2026-09-12 23:05:03,MOCKLOAD
1010,2026-08-29,22,106,3a2727112a6a4d7395df,510,2367.16,,,0,2026-09-12 23:05:03,MOCKLOAD
1010,2026-08-30,29,109,d7bd2e029f3343cda0f5,510,2638.87,,,0,2026-09-12 23:05:03,MOCKLOAD
1010,2026-08-31,29,112,5f4c96c6eb78468f9768,510,1642.35,,,0,2026-09-12 23:05:03,MOCKLOAD
1010,2026-09-01,21,114,ced4d1211d3044c28ce2,510,1804.49,,,0,2026-09-12 23:05:03,MOCKLOAD
1010,2026-09-02,25,107,b983063feb334eeba7ed,510,794.68,,,0,2026-09-12 23:05:03,MOCKLOAD
1010,2026-09-03,28,116,a280dacb73004bd1aec3,510,62.14,,,0,2026-09-12 23:05:03,MOCKLOAD
1010,2026-09-04,22,102,6a4a5cfe7ea34c6a9c7c,510,1950.91,,,0,2026-09-12 23:05:03,MOCKLOAD
1010,2026-09-05,10,117,c93f472769f147e6bb47,510,205.36,,,0,2026-09-12 23:05:03,MOCKLOAD
1010,2026-09-06,23,114,ef97674c5295415f9608,510,517.18,,,0,2026-09-12 23:05:03,MOCKLOAD
1010,2026-09-07,23,111,e1d9173538e446d79a42,510,131.31,,,0,2026-09-12 23:05:03,MOCKLOAD
1010,2026-09-08,12,118,fb30018e4dce44d09d65,510,546.86,,,0,2026-09-12 23:05:03,MOCKLOAD
1010,2026-09-09,16,120,70d29afc83224370962f,510,3414.45,,,0,2026-09-12 23:05:03,MOCKLOAD
1010,2026-08-11,13,101,0e78d831622743ef8d8f,510,261.02,,,0,2026-09-12 23:05:03,MOCKLOAD
1010,2026-08-12,22,114,f6f9a564da9d461b8e86,510,1195.35,,,0,2026-09-12 23:05:03,MOCKLOAD
1010,2026-08-13,18,120,9f74d1188bef466ab820,510,1347.48,,,0,2026-09-12 23:05:03,MOCKLOAD
1010,2026-08-14,12,116,d1e7253f9dbe466c9c4c,510,134.65,,,0,2026-09-12 23:05:03,MOCKLOAD
1010,2026-08-15,21,113,ca6adb0be1dd4a82baa3,510,548.13,,,0,2026-09-12 23:05:03,MOCKLOAD
1010,2026-08-16,29,110,7b299c36434b41658fea,510,3972.89,,,0,2026-09-12 23:05:03,MOCKLOAD
1010,2026-08-17,14,117,3866691aedc645b69b64,510,2733.16,,,0,2026-09-12 23:05:03,MOCKLOAD
1010,2026-08-18,18,116,d66772f4793743d3abb3,510,977.21,,,0,2026-09-12 23:05:03,MOCKLOAD
1010,2026-08-19,13,110,e88cb755d67c4a1f9115,510,2970.97,,,0,2026-09-12 23:05:03,MOCKLOAD
1010,2026-08-20,18,108,cecfeee44bde4ff29a4f,510,2426.28,,,0,2026-09-12 23:05:03,MOCKLOAD
1010,2026-08-21,18,107,df7217e1b99244e8822b,510,104.2,,,0,2026-09-12 23:05:03,MOCKLOAD
1010,2026-08-22,26,117,98fe8910c114462aa819,510,2481.55,,,0,2026-09-12 23:05:03,MOCKLOAD
1010,2026-08-23,15,103,0bdf918f18744b25b352,510,2652.14,,,0,2026-09-12 23:05:03,MOCKLOAD
1010,2026-08-24,20,106,1e0c5b9d2ab940e0a4de,510,218.2,,,0,2026-09-12 23:05:03,MOCKLOAD
1010,2026-08-25,13,119,b379ad9f2cdf44ddb8e2,510,384.23,,,0,2026-09-12 23:05:03,MOCKLOAD
1010,2026-08-26,26,112,a623d3b89b1a41e0b9ec,510,635.86,,,0,2026-09-12 23:05:03,MOCKLOAD
1010,2026-08-27,18,102,9a84dd1d9dc54438b2bb,510,1268.57,,,0,2026-09-12 23:05:03,MOCKLOAD
1010,2026-08-28,27,112,19ca33b6b71f4386a234,510,1162.52,,,0,2026-09-12 23:05:03,MOCKLOAD
1010,2026-08-29,20,116,a47d86bd9c3b4e2b9642,510,1178.44,,,0,2026-09-12 23:05:03,MOCKLOAD
1010,2026-08-30,21,108,6bc9a6c09cc94e6fb68c,510,2740.31,,,0,2026-09-12 23:05:03,MOCKLOAD
1010,2026-08-31,17,113,c73aab0cb41f40759f87,510,596.82,,,0,2026-09-12 23:05:03,MOCKLOAD
1010,2026-09-01,29,108,fa81900e3d6e49f7972a,510,1159.6,,,0,2026-09-12 23:05:03,MOCKLOAD
1010,2026-09-02,26,120,b86279f751a743b1b6c6,510,385.4,,,0,2026-09-12 23:05:03,MOCKLOAD
1010,2026-09-03,23,111,cd538983cbd240b79e0e,510,1265.79,,,0,2026-09-12 23:05:03,MOCKLOAD
1010,2026-09-04,12,112,b1faa6c01b8c434ea2e6,510,2255.08,,,0,2026-09-12 23:05:03,MOCKLOAD
1010,2026-09-05,18,114,54a57c0ec13d4870af61,510,2338,,,0,2026-09-12 23:05:03,MOCKLOAD
1010,2026-09-06,24,107,018e21d9e93e41c8b248,510,13.16,,,0,2026-09-12 23:05:03,MOCKLOAD
1010,2026-09-07,18,115,80be9f8332464a9b8aa8,510,859.43,,,0,2026-09-12 23:05:03,MOCKLOAD
1010,2026-09-08,10,118,6ecf80f164e44232ac08,510,3213.26,,,0,2026-09-12 23:05:03,MOCKLOAD
1010,2026-09-09,11,117,62be24b409a94e72b89d,510,730.33,,,0,2026-09-12 23:05:03,MOCKLOAD
1010,2026-08-11,16,110,e1a317f4f5924e289a6a,510,1530.16,,,0,2026-09-12 23:05:03,MOCKLOAD
1010,2026-08-12,16,101,34ad23e9421c4ee6aa1b,510,3893.57,,,0,2026-09-12 23:05:03,MOCKLOAD
1010,2026-08-13,23,119,77550505eea545b78192,510,2124.67,,,0,2026-09-12 23:05:03,MOCKLOAD
1010,2026-08-14,12,108,ec58bffdf1fd4d4ca330,510,674.93,,,0,2026-09-12 23:05:03,MOCKLOAD
1010,2026-08-15,13,103,54bbbc15d898450cbbbc,510,809.99,,,0,2026-09-12 23:05:03,MOCKLOAD
1010,2026-08-16,27,117,b6fe75b229c54a5c8765,510,1146.13,,,0,2026-09-12 23:05:03,MOCKLOAD
1010,2026-08-17,21,112,63394b4c2628419c8130,510,6449.85,,,0,2026-09-12 23:05:03,MOCKLOAD
1010,2026-08-18,15,103,f97a13b4da0c4573a97d,510,3042.71,,,0,2026-09-12 23:05:03,MOCKLOAD
1010,2026-08-19,11,113,b2aa2daff2c94926bbfe,510,646.71,,,0,2026-09-12 23:05:03,MOCKLOAD
1010,2026-08-20,29,104,ea31c69957dd4fc38eb7,510,3671.16,,,0,2026-09-12 23:05:03,MOCKLOAD
1010,2026-08-21,22,109,62ae858b4c524968b642,510,347.95,,,0,2026-09-12 23:05:03,MOCKLOAD
1010,2026-08-22,28,106,9575d2ff3b134c89b876,510,4544.55,,,0,2026-09-12 23:05:03,MOCKLOAD
1010,2026-08-23,24,105,86f13964fb5b4786a3ee,510,1992.55,,,0,2026-09-12 23:05:03,MOCKLOAD
1010,2026-08-24,25,109,3da356444998488e8137,510,1713.73,,,0,2026-09-12 23:05:03,MOCKLOAD
1010,2026-08-25,22,118,21a218fffb4f4b4aa3e8,510,602.43,,,0,2026-09-12 23:05:03,MOCKLOAD
1010,2026-08-26,17,106,5602c98c683b4792a718,510,3164.51,,,0,2026-09-12 23:05:03,MOCKLOAD
1010,2026-08-27,16,109,f93652284cee4b3e8b75,510,1001.27,,,0,2026-09-12 23:05:03,MOCKLOAD
1010,2026-08-28,14,112,0b558cf2cbbd4c65833c,510,86.72,,,0,2026-09-12 23:05:03,MOCKLOAD
1010,2026-08-29,14,102,dd9b846769be49c791b2,510,1008.17,,,0,2026-09-12 23:05:03,MOCKLOAD
1010,2026-08-30,25,109,683d5263161442599d4a,510,958.66,,,0,2026-09-12 23:05:03,MOCKLOAD
1010,2026-08-31,19,113,8ee4a762f9cc4e23ac90,510,2560.4,,,0,2026-09-12 23:05:03,MOCKLOAD
1010,2026-09-01,10,101,c169002a2a5648038e0c,510,3025.19,,,0,2026-09-12 23:05:03,MOCKLOAD
1010,2026-09-02,12,102,b276af23663a4474b2da,510,3128.66,,,0,2026-09-12 23:05:03,MOCKLOAD
1010,2026-09-03,20,120,a2ddefc072af482b8b11,510,202.68,,,0,2026-09-12 23:05:03,MOCKLOAD
1010,2026-09-04,13,111,0061f7a349fb4b408357,510,1598.93,,,0,2026-09-12 23:05:03,MOCKLOAD
1010,2026-09-05,26,119,fb6ffe1634c548ebb574,510,455.11,,,0,2026-09-12 23:05:03,MOCKLOAD
1010,2026-09-06,26,114,1f5eb83233b048ffa4e7,510,189.25,,,0,2026-09-12 23:05:03,MOCKLOAD
1010,2026-09-07,19,116,e0667a14d27c430d891a,510,732.01,,,0,2026-09-12 23:05:03,MOCKLOAD
1010,2026-09-08,23,107,01dedfac10944fd8bbb1,510,5075.06,,,0,2026-09-12 23:05:03,MOCKLOAD
1010,2026-09-09,20,114,b407161cd5904e43a3a9,510,1451.16,,,0,2026-09-12 23:05:03,MOCKLOAD
1010,2026-08-11,10,101,cd57764705e94951b77a,510,1191.23,,,0,2026-09-12 23:05:03,MOCKLOAD
1010,2026-08-12,28,112,eee76fb50634481e8eda,510,2121.89,,,0,2026-09-12 23:05:03,MOCKLOAD
1010,2026-08-13,15,120,1115204b61a04e318e1e,510,190.61,,,0,2026-09-12 23:05:03,MOCKLOAD
1010,2026-08-14,25,117,a2231009448442629aac,510,452.61,,,0,2026-09-12 23:05:03,MOCKLOAD
1010,2026-08-15,16,107,7baf7dd10c7d458e8e4c,510,4232.98,,,0,2026-09-12 23:05:03,MOCKLOAD
1010,2026-08-16,20,101,fdd7c55691044640a7bc,510,1616.04,,,0,2026-09-12 23:05:03,MOCKLOAD
1010,2026-08-17,28,109,00c5218472e641e7af48,510,37.72,,,0,2026-09-12 23:05:03,MOCKLOAD
1010,2026-08-18,11,114,8ae698fdb46d4906aad7,510,2018.1,,,0,2026-09-12 23:05:03,MOCKLOAD
1010,2026-08-19,22,114,25fb692b24084894a97c,510,3715.87,,,0,2026-09-12 23:05:03,MOCKLOAD
1010,2026-08-20,22,106,132ac2110a7b4f63a3fe,510,1579.71,,,0,2026-09-12 23:05:03,MOCKLOAD
1010,2026-08-21,11,106,bd099798f8564904a7eb,510,5234.45,,,0,2026-09-12 23:05:03,MOCKLOAD
1010,2026-08-22,16,119,ed981e2210f648cb8da6,510,340.05,,,0,2026-09-12 23:05:03,MOCKLOAD
1010,2026-08-23,24,106,7c9976dbc0f8427aa291,510,1648.1,,,0,2026-09-12 23:05:03,MOCKLOAD
1010,2026-08-24,12,115,772ef5006ee94be39488,510,2976.95,,,0,2026-09-12 23:05:03,MOCKLOAD
1010,2026-08-25,19,108,c2f4df89f1994b238367,510,30,,,0,2026-09-12 23:05:03,MOCKLOAD
1010,2026-08-26,10,111,d773b3bdb59f4778a69e,510,2159.38,,,0,2026-09-12 23:05:03,MOCKLOAD
1010,2026-08-27,24,114,fa684675cb644cdcb512,510,599.27,,,0,2026-09-12 23:05:03,MOCKLOAD
1010,2026-08-28,28,113,1b402db9534e46ddaeee,510,3280.16,,,0,2026-09-12 23:05:03,MOCKLOAD
1010,2026-08-29,13,110,bc76669cae2a4332a983,510,486.56,,,0,2026-09-12 23:05:03,MOCKLOAD
1010,2026-08-30,10,117,add8b68e63f046a581b2,510,2831.05,,,0,2026-09-12 23:05:03,MOCKLOAD
1010,2026-08-31,29,106,ed5b66f809e54081ae2c,510,4108.84,,,0,2026-09-12 23:05:03,MOCKLOAD
1010,2026-09-01,28,111,2ac6072ddfde41bc836e,510,45.37,,,0,2026-09-12 23:05:03,MOCKLOAD
1010,2026-09-02,20,119,4fb748c7f4434d14a00a,510,2350.14,,,0,2026-09-12 23:05:03,MOCKLOAD
1010,2026-09-03,19,120,2559bff8130844d4ad85,510,27.12,,,0,2026-09-12 23:05:03,MOCKLOAD
1010,2026-09-04,23,112,b98a828f764842da96c2,510,1619.97,,,0,2026-09-12 23:05:03,MOCKLOAD
1010,2026-09-05,18,102,d9f45194a8ac43abbf04,510,2545.11,,,0,2026-09-12 23:05:03,MOCKLOAD
1010,2026-09-06,29,112,754b4523495b4334aaa5,510,4500.78,,,0,2026-09-12 23:05:03,MOCKLOAD
1010,2026-09-07,22,104,caa04e8af7554b44b0ab,510,1051.44,,,0,2026-09-12 23:05:03,MOCKLOAD
1010,2026-09-08,17,108,93e90a969c804f578564,510,1865.76,,,0,2026-09-12 23:05:03,MOCKLOAD
1010,2026-09-09,21,114,7b1708fd30064fc39a46,510,718.24,,,0,2026-09-12 23:05:03,MOCKLOAD
1010,2026-08-11,24,112,45ca7b7f6b1348a1afa7,510,602.53,,,0,2026-09-12 23:05:03,MOCKLOAD
1010,2026-08-12,22,105,cc033e6b44704b4eb7f2,510,61.66,,,0,2026-09-12 23:05:03,MOCKLOAD
1010,2026-08-13,28,104,1fc4922238ee4b96b98b,510,499.03,,,0,2026-09-12 23:05:03,MOCKLOAD
1010,2026-08-14,29,110,86f249b8c9e24b4ea57b,510,713.34,,,0,2026-09-12 23:05:03,MOCKLOAD
1010,2026-08-15,12,112,9f5c342effb845c9bd8e,510,3822.43,,,0,2026-09-12 23:05:03,MOCKLOAD
1010,2026-08-16,23,101,e6746dedbbc4406e93d7,510,395.24,,,0,2026-09-12 23:05:03,MOCKLOAD
1010,2026-08-17,24,110,e0c23f69de8c4be88162,510,2924.24,,,0,2026-09-12 23:05:03,MOCKLOAD
1010,2026-08-18,23,106,781b1122c29645cfba20,510,36.88,,,0,2026-09-12 23:05:03,MOCKLOAD
1010,2026-08-19,19,107,6f7766e2fa52453ea15b,510,1658.66,,,0,2026-09-12 23:05:03,MOCKLOAD
1010,2026-08-20,19,110,d50a66a445374cf6b35a,510,161.52,,,0,2026-09-12 23:05:03,MOCKLOAD
1010,2026-08-21,22,103,92acbb31fb984f529021,510,2076.02,,,0,2026-09-12 23:05:03,MOCKLOAD
1010,2026-08-22,16,105,c465a78ffc7b4638a173,510,5020.17,,,0,2026-09-12 23:05:03,MOCKLOAD
1010,2026-08-23,29,112,df66195352b64187b86a,510,2602,,,0,2026-09-12 23:05:03,MOCKLOAD
1010,2026-08-24,29,102,13987b9d3f5542e78e7c,510,3060.97,,,0,2026-09-12 23:05:03,MOCKLOAD
1010,2026-08-25,19,114,740bd3171dd541f7a305,510,2122.89,,,0,2026-09-12 23:05:03,MOCKLOAD
1010,2026-08-26,22,114,ea78eab68e274283adb0,510,177.75,,,0,2026-09-12 23:05:03,MOCKLOAD
1010,2026-08-27,28,116,ef60134de689414a9a00,510,3193.52,,,0,2026-09-12 23:05:03,MOCKLOAD
1010,2026-08-28,23,114,a89380b0e4784effb628,510,54.86,,,0,2026-09-12 23:05:03,MOCKLOAD
1010,2026-08-29,19,103,3ca8ebc19379424598ca,510,4139.61,,,0,2026-09-12 23:05:03,MOCKLOAD
1010,2026-08-30,19,120,0491be10e31c4108bf1d,510,585.62,,,0,2026-09-12 23:05:03,MOCKLOAD
1010,2026-08-31,22,112,b9ad18077f6046ff9722,510,788.67,,,0,2026-09-12 23:05:03,MOCKLOAD
1010,2026-09-01,10,113,d490ee3b92f74a7fa361,510,1276.09,,,0,2026-09-12 23:05:03,MOCKLOAD
1010,2026-09-02,16,115,9d19fe095f884d81b425,510,506.03,,,0,2026-09-12 23:05:03,MOCKLOAD
1010,2026-09-03,10,102,aba8926911834646b0d0,510,2578.64,,,0,2026-09-12 23:05:03,MOCKLOAD
1010,2026-09-04,23,103,52c95d1c8b524045b0d0,510,6101.02,,,0,2026-09-12 23:05:03,MOCKLOAD
1010,2026-09-05,13,106,a21c4ab96df845549c2a,510,3567.91,,,0,2026-09-12 23:05:03,MOCKLOAD
1010,2026-09-06,14,104,ff055b398406461cb415,510,2282.17,,,0,2026-09-12 23:05:03,MOCKLOAD
1010,2026-09-07,14,104,87c02ee3f30e4ce992d2,510,433.47,,,0,2026-09-12 23:05:03,MOCKLOAD
1010,2026-09-08,18,118,8767336ad3e9419595b8,510,1779.36,,,0,2026-09-12 23:05:03,MOCKLOAD
1010,2026-09-09,28,119,80b7204068754c94befd,510,284.43,,,0,2026-09-12 23:05:03,MOCKLOAD
