Agreement_id,Vendor_id,purchase_order_id,sales_date,item_nbr,store_nbr,process_date,seq_nbr,item_cost,Agreement_allowance_type,dept_nbr,quantity,canculated_amt,allowance_amount,bill_nbr,Bill_date,Store_Alloc_ind,Store_Alloc_date,Last_change_user_id,Last_change_timestamp
1001,501,100101001,2026-08-11,100101,111,2026-08-11,1,464.4,MK,24,74,34365.6,7900.65,10011,2026-08-16,Y,2026-08-11,MOCKLOAD,2026-09-12 23:05:02
1001,501,100101002,2026-08-12,100101,104,2026-08-12,2,356.4,MK,25,94,33501.6,7702.02,10011,2026-08-16,Y,2026-08-12,MOCKLOAD,2026-09-12 23:05:02
1001,501,100101003,2026-08-13,100101,105,2026-08-13,3,172.81,MK,15,71,12269.51,2820.76,10011,2026-08-16,Y,2026-08-13,MOCKLOAD,2026-09-12 23:05:02
1001,501,100101004,2026-08-14,100101,103,2026-08-14,4,186.25,MK,10,94,17507.5,4024.97,10011,2026-08-16,Y,2026-08-14,MOCKLOAD,2026-09-12 23:05:02
1001,501,100101005,2026-08-15,100101,114,2026-08-15,5,399.94,MK,22,84,33594.96,7723.48,10011,2026-08-16,Y,2026-08-15,MOCKLOAD,2026-09-12 23:05:02
1001,501,100101006,2026-08-16,100101,112,2026-08-16,6,136.6,MK,22,88,12020.8,2763.58,10011,2026-08-16,Y,2026-08-16,MOCKLOAD,2026-09-12 23:05:02
1001,501,100101007,2026-08-17,100101,101,2026-08-17,7,112.51,MK,21,56,6300.56,1448.5,10012,2026-08-22,Y,2026-08-17,MOCKLOAD,2026-09-12 23:05:02
1001,501,100101008,2026-08-18,100101,114,2026-08-18,8,86.25,MK,14,45,3881.25,892.3,10012,2026-08-22,Y,2026-08-18,MOCKLOAD,2026-09-12 23:05:02
1001,501,100101009,2026-08-19,100101,115,2026-08-19,9,14.23,MK,29,89,1266.47,291.16,10012,2026-08-22,Y,2026-08-19,MOCKLOAD,2026-09-12 23:05:02
1001,501,100101010,2026-08-20,100101,119,2026-08-20,10,159.92,MK,27,1,159.92,36.77,10012,2026-08-22,Y,2026-08-20,MOCKLOAD,2026-09-12 23:05:02
1001,501,100101011,2026-08-21,100101,119,2026-08-21,11,333.51,MK,12,15,5002.65,1150.11,10012,2026-08-22,Y,2026-08-21,MOCKLOAD,2026-09-12 23:05:02
1001,501,100101012,2026-08-22,100101,102,2026-08-22,12,173.94,MK,13,79,13741.26,3159.12,10012,2026-08-22,Y,2026-08-22,MOCKLOAD,2026-09-12 23:05:02
1001,501,100101013,2026-08-23,100101,116,2026-08-23,13,88.24,MK,28,24,2117.76,486.87,10013,2026-08-28,Y,2026-08-23,MOCKLOAD,2026-09-12 23:05:02
1001,501,100101014,2026-08-24,100101,120,2026-08-24,14,321.62,MK,21,44,14151.28,3253.38,10013,2026-08-28,Y,2026-08-24,MOCKLOAD,2026-09-12 23:05:02
1001,501,100101015,2026-08-25,100101,116,2026-08-25,15,94.28,MK,24,42,3959.76,910.35,10013,2026-08-28,Y,2026-08-25,MOCKLOAD,2026-09-12 23:05:02
1001,501,100101016,2026-08-26,100101,104,2026-08-26,16,321.96,MK,24,46,14810.16,3404.86,10013,2026-08-28,Y,2026-08-26,MOCKLOAD,2026-09-12 23:05:02
1001,501,100101017,2026-08-27,100101,104,2026-08-27,17,431.99,MK,13,32,13823.68,3178.06,10013,2026-08-28,Y,2026-08-27,MOCKLOAD,2026-09-12 23:05:02
1001,501,100101018,2026-08-28,100101,116,2026-08-28,18,259.68,MK,28,43,11166.24,2567.12,10013,2026-08-28,Y,2026-08-28,MOCKLOAD,2026-09-12 23:05:02
1001,501,100101019,2026-08-29,100101,109,2026-08-29,19,232.06,MK,18,45,10442.7,2400.78,10014,2026-09-03,Y,2026-08-29,MOCKLOAD,2026-09-12 23:05:02
1001,501,100101020,2026-08-30,100101,101,2026-08-30,20,302.92,MK,28,73,22113.16,5083.82,10014,2026-09-03,Y,2026-08-30,MOCKLOAD,2026-09-12 23:05:02
1001,501,100101021,2026-08-31,100101,119,2026-08-31,21,397.24,MK,24,22,8739.28,2009.16,10014,2026-09-03,Y,2026-08-31,MOCKLOAD,2026-09-12 23:05:02
1001,501,100101022,2026-09-01,100101,119,2026-09-01,22,307.39,MK,13,31,9529.09,2190.74,10014,2026-09-03,Y,2026-09-01,MOCKLOAD,2026-09-12 23:05:02
1001,501,100101023,2026-09-02,100101,109,2026-09-02,23,399.09,MK,15,97,38711.73,8899.83,10014,2026-09-03,Y,2026-09-02,MOCKLOAD,2026-09-12 23:05:02
1001,501,100101024,2026-09-03,100101,110,2026-09-03,24,101.26,MK,17,11,1113.86,256.08,10014,2026-09-03,Y,2026-09-03,MOCKLOAD,2026-09-12 23:05:02
1001,501,100101025,2026-09-04,100101,117,2026-09-04,25,157.14,MK,17,42,6599.88,1517.31,10015,2026-09-09,Y,2026-09-04,MOCKLOAD,2026-09-12 23:05:02
1001,501,100101026,2026-09-05,100101,117,2026-09-05,26,248.09,MK,28,83,20591.47,4733.98,10015,2026-09-09,Y,2026-09-05,MOCKLOAD,2026-09-12 23:05:02
1001,501,100101027,2026-09-06,100101,103,2026-09-06,27,262,MK,11,69,18078,4156.13,10015,2026-09-09,Y,2026-09-06,MOCKLOAD,2026-09-12 23:05:02
1001,501,100101028,2026-09-07,100101,113,2026-09-07,28,162.12,MK,20,72,11672.64,2683.54,10015,2026-09-09,Y,2026-09-07,MOCKLOAD,2026-09-12 23:05:02
1001,501,100101029,2026-09-08,100101,101,2026-09-08,29,109.86,MK,20,100,10986,2525.68,10015,2026-09-09,Y,2026-09-08,MOCKLOAD,2026-09-12 23:05:02
1001,501,100101030,2026-09-09,100101,113,2026-09-09,30,375.13,MK,25,65,24383.45,5605.76,10015,2026-09-09,Y,2026-09-09,MOCKLOAD,2026-09-12 23:05:02
1001,501,100102001,2026-08-11,100102,110,2026-08-11,1,241.16,MK,10,16,3858.56,887.08,10011,2026-08-16,Y,2026-08-11,MOCKLOAD,2026-09-12 23:05:02
1001,501,100102002,2026-08-12,100102,109,2026-08-12,2,349.6,MK,14,9,3146.4,723.36,10011,2026-08-16,Y,2026-08-12,MOCKLOAD,2026-09-12 23:05:02
1001,501,100102003,2026-08-13,100102,115,2026-08-13,3,176.39,MK,25,94,16580.66,3811.89,10011,2026-08-16,Y,2026-08-13,MOCKLOAD,2026-09-12 23:05:02
1001,501,100102004,2026-08-14,100102,107,2026-08-14,4,351.76,MK,13,8,2814.08,646.96,10011,2026-08-16,Y,2026-08-14,MOCKLOAD,2026-09-12 23:05:02
1001,501,100102005,2026-08-15,100102,120,2026-08-15,5,125.87,MK,10,52,6545.24,1504.75,10011,2026-08-16,Y,2026-08-15,MOCKLOAD,2026-09-12 23:05:02
1001,501,100102006,2026-08-16,100102,107,2026-08-16,6,198.41,MK,18,82,16269.62,3740.39,10011,2026-08-16,Y,2026-08-16,MOCKLOAD,2026-09-12 23:05:02
1001,501,100102007,2026-08-17,100102,105,2026-08-17,7,476.34,MK,29,32,15242.88,3504.34,10012,2026-08-22,Y,2026-08-17,MOCKLOAD,2026-09-12 23:05:02
1001,501,100102008,2026-08-18,100102,107,2026-08-18,8,71.46,MK,29,77,5502.42,1265.01,10012,2026-08-22,Y,2026-08-18,MOCKLOAD,2026-09-12 23:05:02
1001,501,100102009,2026-08-19,100102,103,2026-08-19,9,78.72,MK,16,4,314.88,72.39,10012,2026-08-22,Y,2026-08-19,MOCKLOAD,2026-09-12 23:05:02
1001,501,100102010,2026-08-20,100102,109,2026-08-20,10,123.08,MK,20,37,4553.96,1046.96,10012,2026-08-22,Y,2026-08-20,MOCKLOAD,2026-09-12 23:05:02
1001,501,100102011,2026-08-21,100102,104,2026-08-21,11,161.06,MK,12,16,2576.96,592.44,10012,2026-08-22,Y,2026-08-21,MOCKLOAD,2026-09-12 23:05:02
1001,501,100102012,2026-08-22,100102,116,2026-08-22,12,55.45,MK,27,100,5545,1274.8,10012,2026-08-22,Y,2026-08-22,MOCKLOAD,2026-09-12 23:05:02
1001,501,100102013,2026-08-23,100102,101,2026-08-23,13,367.18,MK,26,23,8445.14,1941.54,10013,2026-08-28,Y,2026-08-23,MOCKLOAD,2026-09-12 23:05:02
1001,501,100102014,2026-08-24,100102,120,2026-08-24,14,393.81,MK,12,52,20478.12,4707.92,10013,2026-08-28,Y,2026-08-24,MOCKLOAD,2026-09-12 23:05:02
1001,501,100102015,2026-08-25,100102,105,2026-08-25,15,113.94,MK,18,71,8089.74,1859.83,10013,2026-08-28,Y,2026-08-25,MOCKLOAD,2026-09-12 23:05:02
1001,501,100102016,2026-08-26,100102,108,2026-08-26,16,321.39,MK,21,48,15426.72,3546.6,10013,2026-08-28,Y,2026-08-26,MOCKLOAD,2026-09-12 23:05:02
1001,501,100102017,2026-08-27,100102,105,2026-08-27,17,302.78,MK,21,59,17864.02,4106.94,10013,2026-08-28,Y,2026-08-27,MOCKLOAD,2026-09-12 23:05:02
1001,501,100102018,2026-08-28,100102,116,2026-08-28,18,148.82,MK,14,55,8185.1,1881.75,10013,2026-08-28,Y,2026-08-28,MOCKLOAD,2026-09-12 23:05:02
1001,501,100102019,2026-08-29,100102,118,2026-08-29,19,209.42,MK,22,44,9214.48,2118.41,10014,2026-09-03,Y,2026-08-29,MOCKLOAD,2026-09-12 23:05:02
1001,501,100102020,2026-08-30,100102,114,2026-08-30,20,11.67,MK,25,5,58.35,13.41,10014,2026-09-03,Y,2026-08-30,MOCKLOAD,2026-09-12 23:05:02
1001,501,100102021,2026-08-31,100102,102,2026-08-31,21,157.06,MK,26,21,3298.26,758.27,10014,2026-09-03,Y,2026-08-31,MOCKLOAD,2026-09-12 23:05:02
1001,501,100102022,2026-09-01,100102,112,2026-09-01,22,427.61,MK,24,84,35919.24,8257.83,10014,2026-09-03,Y,2026-09-01,MOCKLOAD,2026-09-12 23:05:02
1001,501,100102023,2026-09-02,100102,113,2026-09-02,23,487.08,MK,24,36,17534.88,4031.27,10014,2026-09-03,Y,2026-09-02,MOCKLOAD,2026-09-12 23:05:02
1001,501,100102024,2026-09-03,100102,106,2026-09-03,24,231.48,MK,25,9,2083.32,478.96,10014,2026-09-03,Y,2026-09-03,MOCKLOAD,2026-09-12 23:05:02
1001,501,100102025,2026-09-04,100102,104,2026-09-04,25,348.47,MK,12,35,12196.45,2803.96,10015,2026-09-09,Y,2026-09-04,MOCKLOAD,2026-09-12 23:05:02
1001,501,100102026,2026-09-05,100102,104,2026-09-05,26,95.99,MK,27,41,3935.59,904.79,10015,2026-09-09,Y,2026-09-05,MOCKLOAD,2026-09-12 23:05:02
1001,501,100102027,2026-09-06,100102,109,2026-09-06,27,212.58,MK,22,32,6802.56,1563.91,10015,2026-09-09,Y,2026-09-06,MOCKLOAD,2026-09-12 23:05:02
1001,501,100102028,2026-09-07,100102,115,2026-09-07,28,376.87,MK,17,15,5653.05,1299.64,10015,2026-09-09,Y,2026-09-07,MOCKLOAD,2026-09-12 23:05:02
1001,501,100102029,2026-09-08,100102,109,2026-09-08,29,131.36,MK,11,1,131.36,30.2,10015,2026-09-09,Y,2026-09-08,MOCKLOAD,2026-09-12 23:05:02
1001,501,100102030,2026-09-09,100102,104,2026-09-09,30,25.28,MK,18,31,783.68,180.17,10015,2026-09-09,Y,2026-09-09,MOCKLOAD,2026-09-12 23:05:02
1001,501,100103001,2026-08-11,100103,120,2026-08-11,1,388.94,MK,13,28,10890.32,2503.68,10011,2026-08-16,Y,2026-08-11,MOCKLOAD,2026-09-12 23:05:02
1001,501,100103002,2026-08-12,100103,109,2026-08-12,2,322.26,MK,11,42,13534.92,3111.68,10011,2026-08-16,Y,2026-08-12,MOCKLOAD,2026-09-12 23:05:02
1001,501,100103003,2026-08-13,100103,113,2026-08-13,3,145.34,MK,19,56,8139.04,1871.17,10011,2026-08-16,Y,2026-08-13,MOCKLOAD,2026-09-12 23:05:02
1001,501,100103004,2026-08-14,100103,110,2026-08-14,4,438.47,MK,15,62,27185.14,6249.86,10011,2026-08-16,Y,2026-08-14,MOCKLOAD,2026-09-12 23:05:02
1001,501,100103005,2026-08-15,100103,120,2026-08-15,5,452.84,MK,14,69,31245.96,7183.45,10011,2026-08-16,Y,2026-08-15,MOCKLOAD,2026-09-12 23:05:02
1001,501,100103006,2026-08-16,100103,103,2026-08-16,6,125.64,MK,20,77,9674.28,2224.12,10011,2026-08-16,Y,2026-08-16,MOCKLOAD,2026-09-12 23:05:02
1001,501,100103007,2026-08-17,100103,105,2026-08-17,7,489.48,MK,18,71,34753.08,7989.73,10012,2026-08-22,Y,2026-08-17,MOCKLOAD,2026-09-12 23:05:02
1001,501,100103008,2026-08-18,100103,118,2026-08-18,8,298.07,MK,18,2,596.14,137.05,10012,2026-08-22,Y,2026-08-18,MOCKLOAD,2026-09-12 23:05:02
1001,501,100103009,2026-08-19,100103,110,2026-08-19,9,290.11,MK,29,12,3481.32,800.36,10012,2026-08-22,Y,2026-08-19,MOCKLOAD,2026-09-12 23:05:02
1001,501,100103010,2026-08-20,100103,118,2026-08-20,10,111.38,MK,10,31,3452.78,793.79,10012,2026-08-22,Y,2026-08-20,MOCKLOAD,2026-09-12 23:05:02
1001,501,100103011,2026-08-21,100103,112,2026-08-21,11,214.34,MK,22,49,10502.66,2414.56,10012,2026-08-22,Y,2026-08-21,MOCKLOAD,2026-09-12 23:05:02
1001,501,100103012,2026-08-22,100103,105,2026-08-22,12,269.51,MK,18,66,17787.66,4089.38,10012,2026-08-22,Y,2026-08-22,MOCKLOAD,2026-09-12 23:05:02
1001,501,100103013,2026-08-23,100103,102,2026-08-23,13,50.87,MK,18,87,4425.69,1017.47,10013,2026-08-28,Y,2026-08-23,MOCKLOAD,2026-09-12 23:05:02
1001,501,100103014,2026-08-24,100103,110,2026-08-24,14,414.98,MK,12,17,7054.66,1621.87,10013,2026-08-28,Y,2026-08-24,MOCKLOAD,2026-09-12 23:05:02
1001,501,100103015,2026-08-25,100103,103,2026-08-25,15,276.95,MK,20,86,23817.7,5475.69,10013,2026-08-28,Y,2026-08-25,MOCKLOAD,2026-09-12 23:05:02
1001,501,100103016,2026-08-26,100103,102,2026-08-26,16,244.15,MK,10,49,11963.35,2750.37,10013,2026-08-28,Y,2026-08-26,MOCKLOAD,2026-09-12 23:05:02
1001,501,100103017,2026-08-27,100103,108,2026-08-27,17,250.32,MK,15,64,16020.48,3683.11,10013,2026-08-28,Y,2026-08-27,MOCKLOAD,2026-09-12 23:05:02
1001,501,100103018,2026-08-28,100103,103,2026-08-28,18,47.68,MK,12,46,2193.28,504.24,10013,2026-08-28,Y,2026-08-28,MOCKLOAD,2026-09-12 23:05:02
1001,501,100103019,2026-08-29,100103,108,2026-08-29,19,224.29,MK,22,28,6280.12,1443.8,10014,2026-09-03,Y,2026-08-29,MOCKLOAD,2026-09-12 23:05:02
1001,501,100103020,2026-08-30,100103,114,2026-08-30,20,492.87,MK,19,28,13800.36,3172.7,10014,2026-09-03,Y,2026-08-30,MOCKLOAD,2026-09-12 23:05:02
1001,501,100103021,2026-08-31,100103,106,2026-08-31,21,17.11,MK,19,5,85.55,19.67,10014,2026-09-03,Y,2026-08-31,MOCKLOAD,2026-09-12 23:05:02
1001,501,100103022,2026-09-01,100103,120,2026-09-01,22,443.59,MK,23,54,23953.86,5506.99,10014,2026-09-03,Y,2026-09-01,MOCKLOAD,2026-09-12 23:05:02
1001,501,100103023,2026-09-02,100103,105,2026-09-02,23,485.38,MK,10,12,5824.56,1339.07,10014,2026-09-03,Y,2026-09-02,MOCKLOAD,2026-09-12 23:05:02
1001,501,100103024,2026-09-03,100103,113,2026-09-03,24,339.67,MK,11,61,20719.87,4763.5,10014,2026-09-03,Y,2026-09-03,MOCKLOAD,2026-09-12 23:05:02
1001,501,100103025,2026-09-04,100103,113,2026-09-04,25,254.21,MK,29,36,9151.56,2103.94,10015,2026-09-09,Y,2026-09-04,MOCKLOAD,2026-09-12 23:05:02
1001,501,100103026,2026-09-05,100103,112,2026-09-05,26,469.69,MK,13,96,45090.24,10366.25,10015,2026-09-09,Y,2026-09-05,MOCKLOAD,2026-09-12 23:05:02
1001,501,100103027,2026-09-06,100103,108,2026-09-06,27,418.73,MK,28,34,14236.82,3273.04,10015,2026-09-09,Y,2026-09-06,MOCKLOAD,2026-09-12 23:05:02
1001,501,100103028,2026-09-07,100103,120,2026-09-07,28,425.69,MK,29,53,22561.57,5186.9,10015,2026-09-09,Y,2026-09-07,MOCKLOAD,2026-09-12 23:05:02
1001,501,100103029,2026-09-08,100103,115,2026-09-08,29,204.69,MK,15,43,8801.67,2023.5,10015,2026-09-09,Y,2026-09-08,MOCKLOAD,2026-09-12 23:05:02
1001,501,100103030,2026-09-09,100103,112,2026-09-09,30,473.17,MK,24,78,36907.26,8484.98,10015,2026-09-09,Y,2026-09-09,MOCKLOAD,2026-09-12 23:05:02
1001,501,100104001,2026-08-11,100104,110,2026-08-11,1,26.04,MK,22,3,78.12,17.96,10011,2026-08-16,Y,2026-08-11,MOCKLOAD,2026-09-12 23:05:02
1001,501,100104002,2026-08-12,100104,116,2026-08-12,2,375.85,MK,14,86,32323.1,7431.08,10011,2026-08-16,Y,2026-08-12,MOCKLOAD,2026-09-12 23:05:02
1001,501,100104003,2026-08-13,100104,116,2026-08-13,3,41.62,MK,19,46,1914.52,440.15,10011,2026-08-16,Y,2026-08-13,MOCKLOAD,2026-09-12 23:05:02
1001,501,100104004,2026-08-14,100104,118,2026-08-14,4,88.37,MK,23,65,5744.05,1320.56,10011,2026-08-16,Y,2026-08-14,MOCKLOAD,2026-09-12 23:05:02
1001,501,100104005,2026-08-15,100104,102,2026-08-15,5,391.95,MK,20,6,2351.7,540.66,10011,2026-08-16,Y,2026-08-15,MOCKLOAD,2026-09-12 23:05:02
1001,501,100104006,2026-08-16,100104,120,2026-08-16,6,113.7,MK,29,33,3752.1,862.61,10011,2026-08-16,Y,2026-08-16,MOCKLOAD,2026-09-12 23:05:02
1001,501,100104007,2026-08-17,100104,109,2026-08-17,7,447.41,MK,26,11,4921.51,1131.46,10012,2026-08-22,Y,2026-08-17,MOCKLOAD,2026-09-12 23:05:02
1001,501,100104008,2026-08-18,100104,109,2026-08-18,8,174.24,MK,21,18,3136.32,721.04,10012,2026-08-22,Y,2026-08-18,MOCKLOAD,2026-09-12 23:05:02
1001,501,100104009,2026-08-19,100104,118,2026-08-19,9,362.84,MK,11,76,27575.84,6339.69,10012,2026-08-22,Y,2026-08-19,MOCKLOAD,2026-09-12 23:05:02
1001,501,100104010,2026-08-20,100104,108,2026-08-20,10,140.95,MK,20,74,10430.3,2397.93,10012,2026-08-22,Y,2026-08-20,MOCKLOAD,2026-09-12 23:05:02
1001,501,100104011,2026-08-21,100104,110,2026-08-21,11,477.36,MK,13,90,42962.4,9877.06,10012,2026-08-22,Y,2026-08-21,MOCKLOAD,2026-09-12 23:05:02
1001,501,100104012,2026-08-22,100104,120,2026-08-22,12,436.79,MK,23,65,28391.35,6527.17,10012,2026-08-22,Y,2026-08-22,MOCKLOAD,2026-09-12 23:05:02
1001,501,100104013,2026-08-23,100104,102,2026-08-23,13,340.98,MK,23,85,28983.3,6663.26,10013,2026-08-28,Y,2026-08-23,MOCKLOAD,2026-09-12 23:05:02
1001,501,100104014,2026-08-24,100104,115,2026-08-24,14,496.79,MK,23,21,10432.59,2398.45,10013,2026-08-28,Y,2026-08-24,MOCKLOAD,2026-09-12 23:05:02
1001,501,100104015,2026-08-25,100104,103,2026-08-25,15,498.96,MK,13,94,46902.24,10782.82,10013,2026-08-28,Y,2026-08-25,MOCKLOAD,2026-09-12 23:05:02
1001,501,100104016,2026-08-26,100104,103,2026-08-26,16,245.78,MK,21,9,2212.02,508.54,10013,2026-08-28,Y,2026-08-26,MOCKLOAD,2026-09-12 23:05:02
1001,501,100104017,2026-08-27,100104,107,2026-08-27,17,188.48,MK,22,46,8670.08,1993.25,10013,2026-08-28,Y,2026-08-27,MOCKLOAD,2026-09-12 23:05:02
1001,501,100104018,2026-08-28,100104,120,2026-08-28,18,94.66,MK,10,54,5111.64,1175.17,10013,2026-08-28,Y,2026-08-28,MOCKLOAD,2026-09-12 23:05:02
1001,501,100104019,2026-08-29,100104,101,2026-08-29,19,130.92,MK,27,18,2356.56,541.77,10014,2026-09-03,Y,2026-08-29,MOCKLOAD,2026-09-12 23:05:02
1001,501,100104020,2026-08-30,100104,120,2026-08-30,20,238.52,MK,16,12,2862.24,658.03,10014,2026-09-03,Y,2026-08-30,MOCKLOAD,2026-09-12 23:05:02
1001,501,100104021,2026-08-31,100104,117,2026-08-31,21,114.56,MK,28,59,6759.04,1553.9,10014,2026-09-03,Y,2026-08-31,MOCKLOAD,2026-09-12 23:05:02
1001,501,100104022,2026-09-01,100104,109,2026-09-01,22,122.86,MK,24,68,8354.48,1920.69,10014,2026-09-03,Y,2026-09-01,MOCKLOAD,2026-09-12 23:05:02
1001,501,100104023,2026-09-02,100104,108,2026-09-02,23,50.85,MK,22,40,2034,467.62,10014,2026-09-03,Y,2026-09-02,MOCKLOAD,2026-09-12 23:05:02
1001,501,100104024,2026-09-03,100104,112,2026-09-03,24,39.41,MK,29,67,2640.47,607.04,10014,2026-09-03,Y,2026-09-03,MOCKLOAD,2026-09-12 23:05:02
1001,501,100104025,2026-09-04,100104,108,2026-09-04,25,91.32,MK,27,38,3470.16,797.79,10015,2026-09-09,Y,2026-09-04,MOCKLOAD,2026-09-12 23:05:02
1001,501,100104026,2026-09-05,100104,117,2026-09-05,26,294.17,MK,15,57,16767.69,3854.89,10015,2026-09-09,Y,2026-09-05,MOCKLOAD,2026-09-12 23:05:02
1001,501,100104027,2026-09-06,100104,115,2026-09-06,27,194.35,MK,21,91,17685.85,4065.98,10015,2026-09-09,Y,2026-09-06,MOCKLOAD,2026-09-12 23:05:02
1001,501,100104028,2026-09-07,100104,105,2026-09-07,28,357.07,MK,15,29,10355.03,2380.62,10015,2026-09-09,Y,2026-09-07,MOCKLOAD,2026-09-12 23:05:02
1001,501,100104029,2026-09-08,100104,110,2026-09-08,29,310.31,MK,11,79,24514.49,5635.88,10015,2026-09-09,Y,2026-09-08,MOCKLOAD,2026-09-12 23:05:02
1001,501,100104030,2026-09-09,100104,117,2026-09-09,30,92.39,MK,28,92,8499.88,1954.12,10015,2026-09-09,Y,2026-09-09,MOCKLOAD,2026-09-12 23:05:02
1001,501,100105001,2026-08-11,100105,109,2026-08-11,1,487.15,MK,19,20,9743,2239.92,10011,2026-08-16,Y,2026-08-11,MOCKLOAD,2026-09-12 23:05:02
1001,501,100105002,2026-08-12,100105,105,2026-08-12,2,281.05,MK,15,67,18830.35,4329.1,10011,2026-08-16,Y,2026-08-12,MOCKLOAD,2026-09-12 23:05:02
1001,501,100105003,2026-08-13,100105,114,2026-08-13,3,427.26,MK,12,41,17517.66,4027.31,10011,2026-08-16,Y,2026-08-13,MOCKLOAD,2026-09-12 23:05:02
1001,501,100105004,2026-08-14,100105,102,2026-08-14,4,97.95,MK,12,19,1861.05,427.86,10011,2026-08-16,Y,2026-08-14,MOCKLOAD,2026-09-12 23:05:02
1001,501,100105005,2026-08-15,100105,109,2026-08-15,5,252.36,MK,11,67,16908.12,3887.18,10011,2026-08-16,Y,2026-08-15,MOCKLOAD,2026-09-12 23:05:02
1001,501,100105006,2026-08-16,100105,113,2026-08-16,6,304.24,MK,26,37,11256.88,2587.96,10011,2026-08-16,Y,2026-08-16,MOCKLOAD,2026-09-12 23:05:02
1001,501,100105007,2026-08-17,100105,113,2026-08-17,7,263.71,MK,24,35,9229.85,2121.94,10012,2026-08-22,Y,2026-08-17,MOCKLOAD,2026-09-12 23:05:02
1001,501,100105008,2026-08-18,100105,110,2026-08-18,8,470.09,MK,11,16,7521.44,1729.18,10012,2026-08-22,Y,2026-08-18,MOCKLOAD,2026-09-12 23:05:02
1001,501,100105009,2026-08-19,100105,112,2026-08-19,9,119.51,MK,22,48,5736.48,1318.82,10012,2026-08-22,Y,2026-08-19,MOCKLOAD,2026-09-12 23:05:02
1001,501,100105010,2026-08-20,100105,107,2026-08-20,10,7.68,MK,11,34,261.12,60.03,10012,2026-08-22,Y,2026-08-20,MOCKLOAD,2026-09-12 23:05:02
1001,501,100105011,2026-08-21,100105,107,2026-08-21,11,124.08,MK,18,95,11787.6,2709.97,10012,2026-08-22,Y,2026-08-21,MOCKLOAD,2026-09-12 23:05:02
1001,501,100105012,2026-08-22,100105,115,2026-08-22,12,48.84,MK,15,56,2735.04,628.79,10012,2026-08-22,Y,2026-08-22,MOCKLOAD,2026-09-12 23:05:02
1001,501,100105013,2026-08-23,100105,102,2026-08-23,13,110.6,MK,14,42,4645.2,1067.93,10013,2026-08-28,Y,2026-08-23,MOCKLOAD,2026-09-12 23:05:02
1001,501,100105014,2026-08-24,100105,117,2026-08-24,14,21.17,MK,23,79,1672.43,384.49,10013,2026-08-28,Y,2026-08-24,MOCKLOAD,2026-09-12 23:05:02
1001,501,100105015,2026-08-25,100105,105,2026-08-25,15,479.2,MK,10,88,42169.6,9694.79,10013,2026-08-28,Y,2026-08-25,MOCKLOAD,2026-09-12 23:05:02
1001,501,100105016,2026-08-26,100105,115,2026-08-26,16,336.11,MK,14,72,24199.92,5563.56,10013,2026-08-28,Y,2026-08-26,MOCKLOAD,2026-09-12 23:05:02
1001,501,100105017,2026-08-27,100105,114,2026-08-27,17,318.05,MK,24,56,17810.8,4094.7,10013,2026-08-28,Y,2026-08-27,MOCKLOAD,2026-09-12 23:05:02
1001,501,100105018,2026-08-28,100105,108,2026-08-28,18,184.85,MK,20,48,8872.8,2039.86,10013,2026-08-28,Y,2026-08-28,MOCKLOAD,2026-09-12 23:05:02
1001,501,100105019,2026-08-29,100105,109,2026-08-29,19,196.16,MK,21,62,12161.92,2796.03,10014,2026-09-03,Y,2026-08-29,MOCKLOAD,2026-09-12 23:05:02
1001,501,100105020,2026-08-30,100105,119,2026-08-30,20,483.84,MK,25,66,31933.44,7341.5,10014,2026-09-03,Y,2026-08-30,MOCKLOAD,2026-09-12 23:05:02
1001,501,100105021,2026-08-31,100105,102,2026-08-31,21,369.03,MK,22,96,35426.88,8144.64,10014,2026-09-03,Y,2026-08-31,MOCKLOAD,2026-09-12 23:05:02
1001,501,100105022,2026-09-01,100105,119,2026-09-01,22,288.75,MK,23,10,2887.5,663.84,10014,2026-09-03,Y,2026-09-01,MOCKLOAD,2026-09-12 23:05:02
1001,501,100105023,2026-09-02,100105,103,2026-09-02,23,467.62,MK,20,47,21978.14,5052.77,10014,2026-09-03,Y,2026-09-02,MOCKLOAD,2026-09-12 23:05:02
1001,501,100105024,2026-09-03,100105,112,2026-09-03,24,200.93,MK,17,57,11453.01,2633.05,10014,2026-09-03,Y,2026-09-03,MOCKLOAD,2026-09-12 23:05:02
1001,501,100105025,2026-09-04,100105,117,2026-09-04,25,238.11,MK,20,49,11667.39,2682.33,10015,2026-09-09,Y,2026-09-04,MOCKLOAD,2026-09-12 23:05:02
1001,501,100105026,2026-09-05,100105,101,2026-09-05,26,21.85,MK,26,26,568.1,130.61,10015,2026-09-09,Y,2026-09-05,MOCKLOAD,2026-09-12 23:05:02
1001,501,100105027,2026-09-06,100105,107,2026-09-06,27,347.91,MK,25,72,25049.52,5758.88,10015,2026-09-09,Y,2026-09-06,MOCKLOAD,2026-09-12 23:05:02
1001,501,100105028,2026-09-07,100105,102,2026-09-07,28,491.4,MK,11,89,43734.6,10054.58,10015,2026-09-09,Y,2026-09-07,MOCKLOAD,2026-09-12 23:05:02
1001,501,100105029,2026-09-08,100105,120,2026-09-08,29,146.71,MK,25,28,4107.88,944.4,10015,2026-09-09,Y,2026-09-08,MOCKLOAD,2026-09-12 23:05:02
1001,501,100105030,2026-09-09,100105,103,2026-09-09,30,127.5,MK,11,20,2550,586.25,10015,2026-09-09,Y,2026-09-09,MOCKLOAD,2026-09-12 23:05:02
1001,501,100106001,2026-08-11,100106,114,2026-08-11,1,374.78,MK,19,72,26984.16,6203.66,10011,2026-08-16,Y,2026-08-11,MOCKLOAD,2026-09-12 23:05:02
1001,501,100106002,2026-08-12,100106,105,2026-08-12,2,252.63,MK,15,53,13389.39,3078.22,10011,2026-08-16,Y,2026-08-12,MOCKLOAD,2026-09-12 23:05:02
1001,501,100106003,2026-08-13,100106,107,2026-08-13,3,348.4,MK,17,36,12542.4,2883.5,10011,2026-08-16,Y,2026-08-13,MOCKLOAD,2026-09-12 23:05:02
1001,501,100106004,2026-08-14,100106,103,2026-08-14,4,257.86,MK,13,52,13408.72,3082.66,10011,2026-08-16,Y,2026-08-14,MOCKLOAD,2026-09-12 23:05:02
1001,501,100106005,2026-08-15,100106,104,2026-08-15,5,251.67,MK,27,49,12331.83,2835.09,10011,2026-08-16,Y,2026-08-15,MOCKLOAD,2026-09-12 23:05:02
1001,501,100106006,2026-08-16,100106,112,2026-08-16,6,196.48,MK,16,14,2750.72,632.39,10011,2026-08-16,Y,2026-08-16,MOCKLOAD,2026-09-12 23:05:02
1001,501,100106007,2026-08-17,100106,120,2026-08-17,7,64.38,MK,21,16,1030.08,236.82,10012,2026-08-22,Y,2026-08-17,MOCKLOAD,2026-09-12 23:05:02
1001,501,100106008,2026-08-18,100106,107,2026-08-18,8,54.1,MK,27,42,2272.2,522.38,10012,2026-08-22,Y,2026-08-18,MOCKLOAD,2026-09-12 23:05:02
1001,501,100106009,2026-08-19,100106,107,2026-08-19,9,178.94,MK,22,32,5726.08,1316.43,10012,2026-08-22,Y,2026-08-19,MOCKLOAD,2026-09-12 23:05:02
1001,501,100106010,2026-08-20,100106,107,2026-08-20,10,453.49,MK,20,77,34918.73,8027.82,10012,2026-08-22,Y,2026-08-20,MOCKLOAD,2026-09-12 23:05:02
1001,501,100106011,2026-08-21,100106,110,2026-08-21,11,305.41,MK,14,20,6108.2,1404.28,10012,2026-08-22,Y,2026-08-21,MOCKLOAD,2026-09-12 23:05:02
1001,501,100106012,2026-08-22,100106,113,2026-08-22,12,261.12,MK,10,42,10967.04,2521.32,10012,2026-08-22,Y,2026-08-22,MOCKLOAD,2026-09-12 23:05:02
1001,501,100106013,2026-08-23,100106,118,2026-08-23,13,394.05,MK,20,57,22460.85,5163.75,10013,2026-08-28,Y,2026-08-23,MOCKLOAD,2026-09-12 23:05:02
1001,501,100106014,2026-08-24,100106,103,2026-08-24,14,369.96,MK,24,39,14428.44,3317.1,10013,2026-08-28,Y,2026-08-24,MOCKLOAD,2026-09-12 23:05:02
1001,501,100106015,2026-08-25,100106,101,2026-08-25,15,160.86,MK,28,32,5147.52,1183.41,10013,2026-08-28,Y,2026-08-25,MOCKLOAD,2026-09-12 23:05:02
1001,501,100106016,2026-08-26,100106,104,2026-08-26,16,336.14,MK,22,70,23529.8,5409.5,10013,2026-08-28,Y,2026-08-26,MOCKLOAD,2026-09-12 23:05:02
1001,501,100106017,2026-08-27,100106,113,2026-08-27,17,195.31,MK,10,65,12695.15,2918.61,10013,2026-08-28,Y,2026-08-27,MOCKLOAD,2026-09-12 23:05:02
1001,501,100106018,2026-08-28,100106,111,2026-08-28,18,75.34,MK,27,92,6931.28,1593.5,10013,2026-08-28,Y,2026-08-28,MOCKLOAD,2026-09-12 23:05:02
1001,501,100106019,2026-08-29,100106,117,2026-08-29,19,452.14,MK,23,13,5877.82,1351.31,10014,2026-09-03,Y,2026-08-29,MOCKLOAD,2026-09-12 23:05:02
1001,501,100106020,2026-08-30,100106,107,2026-08-30,20,106.95,MK,15,28,2994.6,688.46,10014,2026-09-03,Y,2026-08-30,MOCKLOAD,2026-09-12 23:05:02
1001,501,100106021,2026-08-31,100106,106,2026-08-31,21,6.11,MK,15,84,513.24,117.99,10014,2026-09-03,Y,2026-08-31,MOCKLOAD,2026-09-12 23:05:02
1001,501,100106022,2026-09-01,100106,120,2026-09-01,22,390.4,MK,21,66,25766.4,5923.7,10014,2026-09-03,Y,2026-09-01,MOCKLOAD,2026-09-12 23:05:02
1001,501,100106023,2026-09-02,100106,110,2026-09-02,23,478.66,MK,17,17,8137.22,1870.75,10014,2026-09-03,Y,2026-09-02,MOCKLOAD,2026-09-12 23:05:02
1001,501,100106024,2026-09-03,100106,105,2026-09-03,24,241.45,MK,24,48,11589.6,2664.45,10014,2026-09-03,Y,2026-09-03,MOCKLOAD,2026-09-12 23:05:02
1001,501,100106025,2026-09-04,100106,101,2026-09-04,25,260.46,MK,22,67,17450.82,4011.94,10015,2026-09-09,Y,2026-09-04,MOCKLOAD,2026-09-12 23:05:02
1001,501,100106026,2026-09-05,100106,110,2026-09-05,26,444.23,MK,22,45,19990.35,4595.78,10015,2026-09-09,Y,2026-09-05,MOCKLOAD,2026-09-12 23:05:02
1001,501,100106027,2026-09-06,100106,120,2026-09-06,27,244.1,MK,25,18,4393.8,1010.13,10015,2026-09-09,Y,2026-09-06,MOCKLOAD,2026-09-12 23:05:02
1001,501,100106028,2026-09-07,100106,120,2026-09-07,28,341.74,MK,15,79,26997.46,6206.72,10015,2026-09-09,Y,2026-09-07,MOCKLOAD,2026-09-12 23:05:02
1001,501,100106029,2026-09-08,100106,111,2026-09-08,29,58.34,MK,24,16,933.44,214.6,10015,2026-09-09,Y,2026-09-08,MOCKLOAD,2026-09-12 23:05:02
1001,501,100106030,2026-09-09,100106,108,2026-09-09,30,388.72,MK,18,9,3498.48,804.3,10015,2026-09-09,Y,2026-09-09,MOCKLOAD,2026-09-12 23:05:02
1001,501,100107001,2026-08-11,100107,104,2026-08-11,1,445.07,MK,17,84,37385.88,8595.01,10011,2026-08-16,Y,2026-08-11,MOCKLOAD,2026-09-12 23:05:02
1001,501,100107002,2026-08-12,100107,117,2026-08-12,2,275.65,MK,16,86,23705.9,5449.99,10011,2026-08-16,Y,2026-08-12,MOCKLOAD,2026-09-12 23:05:02
1001,501,100107003,2026-08-13,100107,116,2026-08-13,3,450.18,MK,22,68,30612.24,7037.75,10011,2026-08-16,Y,2026-08-13,MOCKLOAD,2026-09-12 23:05:02
1001,501,100107004,2026-08-14,100107,110,2026-08-14,4,150.92,MK,10,50,7546,1734.83,10011,2026-08-16,Y,2026-08-14,MOCKLOAD,2026-09-12 23:05:02
1001,501,100107005,2026-08-15,100107,110,2026-08-15,5,297.8,MK,13,48,14294.4,3286.28,10011,2026-08-16,Y,2026-08-15,MOCKLOAD,2026-09-12 23:05:02
1001,501,100107006,2026-08-16,100107,116,2026-08-16,6,77.66,MK,29,22,1708.52,392.79,10011,2026-08-16,Y,2026-08-16,MOCKLOAD,2026-09-12 23:05:02
1001,501,100107007,2026-08-17,100107,102,2026-08-17,7,171.91,MK,19,58,9970.78,2292.28,10012,2026-08-22,Y,2026-08-17,MOCKLOAD,2026-09-12 23:05:02
1001,501,100107008,2026-08-18,100107,102,2026-08-18,8,498.57,MK,29,87,43375.59,9972.05,10012,2026-08-22,Y,2026-08-18,MOCKLOAD,2026-09-12 23:05:02
1001,501,100107009,2026-08-19,100107,104,2026-08-19,9,89.35,MK,18,32,2859.2,657.33,10012,2026-08-22,Y,2026-08-19,MOCKLOAD,2026-09-12 23:05:02
1001,501,100107010,2026-08-20,100107,118,2026-08-20,10,342.8,MK,10,7,2399.6,551.67,10012,2026-08-22,Y,2026-08-20,MOCKLOAD,2026-09-12 23:05:02
1001,501,100107011,2026-08-21,100107,113,2026-08-21,11,311,MK,29,1,311,71.5,10012,2026-08-22,Y,2026-08-21,MOCKLOAD,2026-09-12 23:05:02
1001,501,100107012,2026-08-22,100107,103,2026-08-22,12,140.64,MK,22,83,11673.12,2683.65,10012,2026-08-22,Y,2026-08-22,MOCKLOAD,2026-09-12 23:05:02
1001,501,100107013,2026-08-23,100107,103,2026-08-23,13,242.53,MK,24,17,4123.01,947.88,10013,2026-08-28,Y,2026-08-23,MOCKLOAD,2026-09-12 23:05:02
1001,501,100107014,2026-08-24,100107,107,2026-08-24,14,68.51,MK,22,59,4042.09,929.28,10013,2026-08-28,Y,2026-08-24,MOCKLOAD,2026-09-12 23:05:02
1001,501,100107015,2026-08-25,100107,110,2026-08-25,15,490.61,MK,23,81,39739.41,9136.09,10013,2026-08-28,Y,2026-08-25,MOCKLOAD,2026-09-12 23:05:02
1001,501,100107016,2026-08-26,100107,115,2026-08-26,16,415.84,MK,24,31,12891.04,2963.65,10013,2026-08-28,Y,2026-08-26,MOCKLOAD,2026-09-12 23:05:02
1001,501,100107017,2026-08-27,100107,119,2026-08-27,17,105.2,MK,23,23,2419.6,556.27,10013,2026-08-28,Y,2026-08-27,MOCKLOAD,2026-09-12 23:05:02
1001,501,100107018,2026-08-28,100107,115,2026-08-28,18,61.8,MK,22,92,5685.6,1307.12,10013,2026-08-28,Y,2026-08-28,MOCKLOAD,2026-09-12 23:05:02
1001,501,100107019,2026-08-29,100107,117,2026-08-29,19,113.06,MK,16,26,2939.56,675.8,10014,2026-09-03,Y,2026-08-29,MOCKLOAD,2026-09-12 23:05:02
1001,501,100107020,2026-08-30,100107,109,2026-08-30,20,299.32,MK,23,5,1496.6,344.07,10014,2026-09-03,Y,2026-08-30,MOCKLOAD,2026-09-12 23:05:02
1001,501,100107021,2026-08-31,100107,103,2026-08-31,21,64.25,MK,13,74,4754.5,1093.06,10014,2026-09-03,Y,2026-08-31,MOCKLOAD,2026-09-12 23:05:02
1001,501,100107022,2026-09-01,100107,117,2026-09-01,22,8.06,MK,15,74,596.44,137.12,10014,2026-09-03,Y,2026-09-01,MOCKLOAD,2026-09-12 23:05:02
1001,501,100107023,2026-09-02,100107,101,2026-09-02,23,379.09,MK,19,19,7202.71,1655.9,10014,2026-09-03,Y,2026-09-02,MOCKLOAD,2026-09-12 23:05:02
1001,501,100107024,2026-09-03,100107,112,2026-09-03,24,144.07,MK,28,72,10373.04,2384.76,10014,2026-09-03,Y,2026-09-03,MOCKLOAD,2026-09-12 23:05:02
1001,501,100107025,2026-09-04,100107,111,2026-09-04,25,54.43,MK,21,34,1850.62,425.46,10015,2026-09-09,Y,2026-09-04,MOCKLOAD,2026-09-12 23:05:02
1001,501,100107026,2026-09-05,100107,115,2026-09-05,26,205.91,MK,21,89,18325.99,4213.15,10015,2026-09-09,Y,2026-09-05,MOCKLOAD,2026-09-12 23:05:02
1001,501,100107027,2026-09-06,100107,106,2026-09-06,27,137.41,MK,23,97,13328.77,3064.28,10015,2026-09-09,Y,2026-09-06,MOCKLOAD,2026-09-12 23:05:02
1001,501,100107028,2026-09-07,100107,102,2026-09-07,28,222.38,MK,11,13,2890.94,664.63,10015,2026-09-09,Y,2026-09-07,MOCKLOAD,2026-09-12 23:05:02
1001,501,100107029,2026-09-08,100107,117,2026-09-08,29,441.9,MK,28,40,17676,4063.71,10015,2026-09-09,Y,2026-09-08,MOCKLOAD,2026-09-12 23:05:02
1001,501,100107030,2026-09-09,100107,117,2026-09-09,30,21.97,MK,20,22,483.34,111.12,10015,2026-09-09,Y,2026-09-09,MOCKLOAD,2026-09-12 23:05:02
1001,501,100108001,2026-08-11,100108,120,2026-08-11,1,69.48,MK,21,31,2153.88,495.18,10011,2026-08-16,Y,2026-08-11,MOCKLOAD,2026-09-12 23:05:02
1001,501,100108002,2026-08-12,100108,103,2026-08-12,2,318.37,MK,28,26,8277.62,1903.02,10011,2026-08-16,Y,2026-08-12,MOCKLOAD,2026-09-12 23:05:02
1001,501,100108003,2026-08-13,100108,115,2026-08-13,3,60.68,MK,28,51,3094.68,711.47,10011,2026-08-16,Y,2026-08-13,MOCKLOAD,2026-09-12 23:05:02
1001,501,100108004,2026-08-14,100108,119,2026-08-14,4,281.28,MK,23,2,562.56,129.33,10011,2026-08-16,Y,2026-08-14,MOCKLOAD,2026-09-12 23:05:02
1001,501,100108005,2026-08-15,100108,115,2026-08-15,5,230.64,MK,25,99,22833.36,5249.39,10011,2026-08-16,Y,2026-08-15,MOCKLOAD,2026-09-12 23:05:02
1001,501,100108006,2026-08-16,100108,104,2026-08-16,6,409.14,MK,11,38,15547.32,3574.33,10011,2026-08-16,Y,2026-08-16,MOCKLOAD,2026-09-12 23:05:02
1001,501,100108007,2026-08-17,100108,105,2026-08-17,7,327.48,MK,15,11,3602.28,828.16,10012,2026-08-22,Y,2026-08-17,MOCKLOAD,2026-09-12 23:05:02
1001,501,100108008,2026-08-18,100108,110,2026-08-18,8,323.53,MK,17,15,4852.95,1115.69,10012,2026-08-22,Y,2026-08-18,MOCKLOAD,2026-09-12 23:05:02
1001,501,100108009,2026-08-19,100108,112,2026-08-19,9,157.06,MK,11,89,13978.34,3213.62,10012,2026-08-22,Y,2026-08-19,MOCKLOAD,2026-09-12 23:05:02
1001,501,100108010,2026-08-20,100108,116,2026-08-20,10,99.62,MK,20,51,5080.62,1168.03,10012,2026-08-22,Y,2026-08-20,MOCKLOAD,2026-09-12 23:05:02
1001,501,100108011,2026-08-21,100108,105,2026-08-21,11,159.83,MK,12,44,7032.52,1616.78,10012,2026-08-22,Y,2026-08-21,MOCKLOAD,2026-09-12 23:05:02
1001,501,100108012,2026-08-22,100108,119,2026-08-22,12,455.27,MK,16,7,3186.89,732.67,10012,2026-08-22,Y,2026-08-22,MOCKLOAD,2026-09-12 23:05:02
1001,501,100108013,2026-08-23,100108,106,2026-08-23,13,295.41,MK,29,99,29245.59,6723.56,10013,2026-08-28,Y,2026-08-23,MOCKLOAD,2026-09-12 23:05:02
1001,501,100108014,2026-08-24,100108,106,2026-08-24,14,74.73,MK,17,66,4932.18,1133.91,10013,2026-08-28,Y,2026-08-24,MOCKLOAD,2026-09-12 23:05:02
1001,501,100108015,2026-08-25,100108,101,2026-08-25,15,85.46,MK,10,12,1025.52,235.77,10013,2026-08-28,Y,2026-08-25,MOCKLOAD,2026-09-12 23:05:02
1001,501,100108016,2026-08-26,100108,103,2026-08-26,16,387.76,MK,27,100,38776,8914.6,10013,2026-08-28,Y,2026-08-26,MOCKLOAD,2026-09-12 23:05:02
1001,501,100108017,2026-08-27,100108,118,2026-08-27,17,9.8,MK,22,77,754.6,173.48,10013,2026-08-28,Y,2026-08-27,MOCKLOAD,2026-09-12 23:05:02
1001,501,100108018,2026-08-28,100108,110,2026-08-28,18,310.52,MK,19,58,18010.16,4140.54,10013,2026-08-28,Y,2026-08-28,MOCKLOAD,2026-09-12 23:05:02
1001,501,100108019,2026-08-29,100108,114,2026-08-29,19,371.53,MK,10,61,22663.33,5210.3,10014,2026-09-03,Y,2026-08-29,MOCKLOAD,2026-09-12 23:05:02
1001,501,100108020,2026-08-30,100108,110,2026-08-30,20,262.49,MK,17,11,2887.39,663.81,10014,2026-09-03,Y,2026-08-30,MOCKLOAD,2026-09-12 23:05:02
1001,501,100108021,2026-08-31,100108,109,2026-08-31,21,271.07,MK,26,45,12198.15,2804.35,10014,2026-09-03,Y,2026-08-31,MOCKLOAD,2026-09-12 23:05:02
1001,501,100108022,2026-09-01,100108,108,2026-09-01,22,401.96,MK,27,39,15676.44,3604.01,10014,2026-09-03,Y,2026-09-01,MOCKLOAD,2026-09-12 23:05:02
1001,501,100108023,2026-09-02,100108,109,2026-09-02,23,206.93,MK,23,21,4345.53,999.04,10014,2026-09-03,Y,2026-09-02,MOCKLOAD,2026-09-12 23:05:02
1001,501,100108024,2026-09-03,100108,106,2026-09-03,24,350.82,MK,15,26,9121.32,2096.99,10014,2026-09-03,Y,2026-09-03,MOCKLOAD,2026-09-12 23:05:02
1001,501,100108025,2026-09-04,100108,115,2026-09-04,25,484.18,MK,12,48,23240.64,5343.02,10015,2026-09-09,Y,2026-09-04,MOCKLOAD,2026-09-12 23:05:02
1001,501,100108026,2026-09-05,100108,120,2026-09-05,26,212.68,MK,19,75,15951,3667.13,10015,2026-09-09,Y,2026-09-05,MOCKLOAD,2026-09-12 23:05:02
1001,501,100108027,2026-09-06,100108,111,2026-09-06,27,264.57,MK,25,81,21430.17,4926.8,10015,2026-09-09,Y,2026-09-06,MOCKLOAD,2026-09-12 23:05:02
1001,501,100108028,2026-09-07,100108,108,2026-09-07,28,114.47,MK,12,9,1030.23,236.85,10015,2026-09-09,Y,2026-09-07,MOCKLOAD,2026-09-12 23:05:02
1001,501,100108029,2026-09-08,100108,118,2026-09-08,29,151.5,MK,23,28,4242,975.24,10015,2026-09-09,Y,2026-09-08,MOCKLOAD,2026-09-12 23:05:02
1001,501,100108030,2026-09-09,100108,103,2026-09-09,30,260.42,MK,27,28,7291.76,1676.38,10015,2026-09-09,Y,2026-09-09,MOCKLOAD,2026-09-12 23:05:02
1001,501,100109001,2026-08-11,100109,105,2026-08-11,1,499.38,MK,19,12,5992.56,1377.69,10011,2026-08-16,Y,2026-08-11,MOCKLOAD,2026-09-12 23:05:02
1001,501,100109002,2026-08-12,100109,120,2026-08-12,2,88.79,MK,28,91,8079.89,1857.57,10011,2026-08-16,Y,2026-08-12,MOCKLOAD,2026-09-12 23:05:02
1001,501,100109003,2026-08-13,100109,110,2026-08-13,3,334.53,MK,22,37,12377.61,2845.61,10011,2026-08-16,Y,2026-08-13,MOCKLOAD,2026-09-12 23:05:02
1001,501,100109004,2026-08-14,100109,116,2026-08-14,4,142.94,MK,18,58,8290.52,1905.99,10011,2026-08-16,Y,2026-08-14,MOCKLOAD,2026-09-12 23:05:02
1001,501,100109005,2026-08-15,100109,104,2026-08-15,5,98.91,MK,28,26,2571.66,591.22,10011,2026-08-16,Y,2026-08-15,MOCKLOAD,2026-09-12 23:05:02
1001,501,100109006,2026-08-16,100109,110,2026-08-16,6,464.57,MK,13,84,39023.88,8971.59,10011,2026-08-16,Y,2026-08-16,MOCKLOAD,2026-09-12 23:05:02
1001,501,100109007,2026-08-17,100109,112,2026-08-17,7,315.63,MK,14,51,16097.13,3700.73,10012,2026-08-22,Y,2026-08-17,MOCKLOAD,2026-09-12 23:05:02
1001,501,100109008,2026-08-18,100109,119,2026-08-18,8,350.41,MK,27,19,6657.79,1530.63,10012,2026-08-22,Y,2026-08-18,MOCKLOAD,2026-09-12 23:05:02
1001,501,100109009,2026-08-19,100109,120,2026-08-19,9,73.98,MK,19,8,591.84,136.06,10012,2026-08-22,Y,2026-08-19,MOCKLOAD,2026-09-12 23:05:02
1001,501,100109010,2026-08-20,100109,117,2026-08-20,10,326.07,MK,20,41,13368.87,3073.5,10012,2026-08-22,Y,2026-08-20,MOCKLOAD,2026-09-12 23:05:02
1001,501,100109011,2026-08-21,100109,110,2026-08-21,11,197,MK,29,33,6501,1494.58,10012,2026-08-22,Y,2026-08-21,MOCKLOAD,2026-09-12 23:05:02
1001,501,100109012,2026-08-22,100109,118,2026-08-22,12,215.46,MK,29,91,19606.86,4507.62,10012,2026-08-22,Y,2026-08-22,MOCKLOAD,2026-09-12 23:05:02
1001,501,100109013,2026-08-23,100109,120,2026-08-23,13,420.54,MK,12,10,4205.4,966.82,10013,2026-08-28,Y,2026-08-23,MOCKLOAD,2026-09-12 23:05:02
1001,501,100109014,2026-08-24,100109,113,2026-08-24,14,51.77,MK,14,16,828.32,190.43,10013,2026-08-28,Y,2026-08-24,MOCKLOAD,2026-09-12 23:05:02
1001,501,100109015,2026-08-25,100109,109,2026-08-25,15,41.93,MK,11,46,1928.78,443.43,10013,2026-08-28,Y,2026-08-25,MOCKLOAD,2026-09-12 23:05:02
1001,501,100109016,2026-08-26,100109,116,2026-08-26,16,497.85,MK,14,96,47793.6,10987.75,10013,2026-08-28,Y,2026-08-26,MOCKLOAD,2026-09-12 23:05:02
1001,501,100109017,2026-08-27,100109,118,2026-08-27,17,375.47,MK,25,17,6382.99,1467.45,10013,2026-08-28,Y,2026-08-27,MOCKLOAD,2026-09-12 23:05:02
1001,501,100109018,2026-08-28,100109,101,2026-08-28,18,243.28,MK,28,55,13380.4,3076.15,10013,2026-08-28,Y,2026-08-28,MOCKLOAD,2026-09-12 23:05:02
1001,501,100109019,2026-08-29,100109,105,2026-08-29,19,370.84,MK,23,93,34488.12,7928.82,10014,2026-09-03,Y,2026-08-29,MOCKLOAD,2026-09-12 23:05:02
1001,501,100109020,2026-08-30,100109,109,2026-08-30,20,454.83,MK,29,92,41844.36,9620.02,10014,2026-09-03,Y,2026-08-30,MOCKLOAD,2026-09-12 23:05:02
1001,501,100109021,2026-08-31,100109,111,2026-08-31,21,301.69,MK,28,5,1508.45,346.79,10014,2026-09-03,Y,2026-08-31,MOCKLOAD,2026-09-12 23:05:02
1001,501,100109022,2026-09-01,100109,119,2026-09-01,22,215.7,MK,21,11,2372.7,545.48,10014,2026-09-03,Y,2026-09-01,MOCKLOAD,2026-09-12 23:05:02
1001,501,100109023,2026-09-02,100109,112,2026-09-02,23,33.06,MK,11,53,1752.18,402.83,10014,2026-09-03,Y,2026-09-02,MOCKLOAD,2026-09-12 23:05:02
1001,501,100109024,2026-09-03,100109,105,2026-09-03,24,39.15,MK,28,64,2505.6,576.04,10014,2026-09-03,Y,2026-09-03,MOCKLOAD,2026-09-12 23:05:02
1001,501,100109025,2026-09-04,100109,103,2026-09-04,25,189.34,MK,26,55,10413.7,2394.11,10015,2026-09-09,Y,2026-09-04,MOCKLOAD,2026-09-12 23:05:02
1001,501,100109026,2026-09-05,100109,111,2026-09-05,26,458.28,MK,15,97,44453.16,10219.78,10015,2026-09-09,Y,2026-09-05,MOCKLOAD,2026-09-12 23:05:02
1001,501,100109027,2026-09-06,100109,119,2026-09-06,27,473.8,MK,27,55,26059,5990.96,10015,2026-09-09,Y,2026-09-06,MOCKLOAD,2026-09-12 23:05:02
1001,501,100109028,2026-09-07,100109,114,2026-09-07,28,109.26,MK,23,80,8740.8,2009.51,10015,2026-09-09,Y,2026-09-07,MOCKLOAD,2026-09-12 23:05:02
1001,501,100109029,2026-09-08,100109,114,2026-09-08,29,47.49,MK,11,86,4084.14,938.94,10015,2026-09-09,Y,2026-09-08,MOCKLOAD,2026-09-12 23:05:02
1001,501,100109030,2026-09-09,100109,117,2026-09-09,30,237.58,MK,11,19,4514.02,1037.77,10015,2026-09-09,Y,2026-09-09,MOCKLOAD,2026-09-12 23:05:02
1001,501,100110001,2026-08-11,100110,110,2026-08-11,1,483.01,MK,24,30,14490.3,3331.32,10011,2026-08-16,Y,2026-08-11,MOCKLOAD,2026-09-12 23:05:02
1001,501,100110002,2026-08-12,100110,106,2026-08-12,2,381.75,MK,25,3,1145.25,263.29,10011,2026-08-16,Y,2026-08-12,MOCKLOAD,2026-09-12 23:05:02
1001,501,100110003,2026-08-13,100110,103,2026-08-13,3,192.78,MK,24,97,18699.66,4299.05,10011,2026-08-16,Y,2026-08-13,MOCKLOAD,2026-09-12 23:05:02
1001,501,100110004,2026-08-14,100110,101,2026-08-14,4,260.48,MK,26,72,18754.56,4311.67,10011,2026-08-16,Y,2026-08-14,MOCKLOAD,2026-09-12 23:05:02
1001,501,100110005,2026-08-15,100110,105,2026-08-15,5,371.73,MK,19,3,1115.19,256.38,10011,2026-08-16,Y,2026-08-15,MOCKLOAD,2026-09-12 23:05:02
1001,501,100110006,2026-08-16,100110,101,2026-08-16,6,254.44,MK,10,71,18065.24,4153.2,10011,2026-08-16,Y,2026-08-16,MOCKLOAD,2026-09-12 23:05:02
1001,501,100110007,2026-08-17,100110,112,2026-08-17,7,341.55,MK,26,8,2732.4,628.18,10012,2026-08-22,Y,2026-08-17,MOCKLOAD,2026-09-12 23:05:02
1001,501,100110008,2026-08-18,100110,108,2026-08-18,8,431.49,MK,14,27,11650.23,2678.39,10012,2026-08-22,Y,2026-08-18,MOCKLOAD,2026-09-12 23:05:02
1001,501,100110009,2026-08-19,100110,102,2026-08-19,9,481.01,MK,18,86,41366.86,9510.24,10012,2026-08-22,Y,2026-08-19,MOCKLOAD,2026-09-12 23:05:02
1001,501,100110010,2026-08-20,100110,102,2026-08-20,10,75.09,MK,19,61,4580.49,1053.05,10012,2026-08-22,Y,2026-08-20,MOCKLOAD,2026-09-12 23:05:02
1001,501,100110011,2026-08-21,100110,102,2026-08-21,11,315.9,MK,21,54,17058.6,3921.77,10012,2026-08-22,Y,2026-08-21,MOCKLOAD,2026-09-12 23:05:02
1001,501,100110012,2026-08-22,100110,103,2026-08-22,12,286.06,MK,23,80,22884.8,5261.22,10012,2026-08-22,Y,2026-08-22,MOCKLOAD,2026-09-12 23:05:02
1001,501,100110013,2026-08-23,100110,107,2026-08-23,13,322.33,MK,22,9,2900.97,666.93,10013,2026-08-28,Y,2026-08-23,MOCKLOAD,2026-09-12 23:05:02
1001,501,100110014,2026-08-24,100110,113,2026-08-24,14,164.78,MK,10,13,2142.14,492.48,10013,2026-08-28,Y,2026-08-24,MOCKLOAD,2026-09-12 23:05:02
1001,501,100110015,2026-08-25,100110,117,2026-08-25,15,448.33,MK,21,22,9863.26,2267.56,10013,2026-08-28,Y,2026-08-25,MOCKLOAD,2026-09-12 23:05:02
1001,501,100110016,2026-08-26,100110,110,2026-08-26,16,345.15,MK,23,96,33134.4,7617.6,10013,2026-08-28,Y,2026-08-26,MOCKLOAD,2026-09-12 23:05:02
1001,501,100110017,2026-08-27,100110,118,2026-08-27,17,120.72,MK,24,68,8208.96,1887.24,10013,2026-08-28,Y,2026-08-27,MOCKLOAD,2026-09-12 23:05:02
1001,501,100110018,2026-08-28,100110,102,2026-08-28,18,379.17,MK,17,87,32987.79,7583.89,10013,2026-08-28,Y,2026-08-28,MOCKLOAD,2026-09-12 23:05:02
1001,501,100110019,2026-08-29,100110,101,2026-08-29,19,27.83,MK,16,84,2337.72,537.44,10014,2026-09-03,Y,2026-08-29,MOCKLOAD,2026-09-12 23:05:02
1001,501,100110020,2026-08-30,100110,106,2026-08-30,20,398.24,MK,23,30,11947.2,2746.66,10014,2026-09-03,Y,2026-08-30,MOCKLOAD,2026-09-12 23:05:02
1001,501,100110021,2026-08-31,100110,117,2026-08-31,21,375.24,MK,21,26,9756.24,2242.96,10014,2026-09-03,Y,2026-08-31,MOCKLOAD,2026-09-12 23:05:02
1001,501,100110022,2026-09-01,100110,115,2026-09-01,22,326.2,MK,17,76,24791.2,5699.5,10014,2026-09-03,Y,2026-09-01,MOCKLOAD,2026-09-12 23:05:02
1001,501,100110023,2026-09-02,100110,107,2026-09-02,23,251.34,MK,21,11,2764.74,635.61,10014,2026-09-03,Y,2026-09-02,MOCKLOAD,2026-09-12 23:05:02
1001,501,100110024,2026-09-03,100110,112,2026-09-03,24,54.91,MK,29,3,164.73,37.87,10014,2026-09-03,Y,2026-09-03,MOCKLOAD,2026-09-12 23:05:02
1001,501,100110025,2026-09-04,100110,118,2026-09-04,25,246.92,MK,26,93,22963.56,5279.32,10015,2026-09-09,Y,2026-09-04,MOCKLOAD,2026-09-12 23:05:02
1001,501,100110026,2026-09-05,100110,114,2026-09-05,26,477.89,MK,17,16,7646.24,1757.87,10015,2026-09-09,Y,2026-09-05,MOCKLOAD,2026-09-12 23:05:02
1001,501,100110027,2026-09-06,100110,109,2026-09-06,27,235.36,MK,27,22,5177.92,1190.4,10015,2026-09-09,Y,2026-09-06,MOCKLOAD,2026-09-12 23:05:02
1001,501,100110028,2026-09-07,100110,101,2026-09-07,28,232.96,MK,25,75,17472,4016.81,10015,2026-09-09,Y,2026-09-07,MOCKLOAD,2026-09-12 23:05:02
1001,501,100110029,2026-09-08,100110,111,2026-09-08,29,453.57,MK,29,60,27214.2,6256.54,10015,2026-09-09,Y,2026-09-08,MOCKLOAD,2026-09-12 23:05:02
1001,501,100110030,2026-09-09,100110,111,2026-09-09,30,378.34,MK,23,31,11728.54,2696.39,10015,2026-09-09,Y,2026-09-09,MOCKLOAD,2026-09-12 23:05:02
1002,502,100201001,2026-08-11,100201,102,2026-08-11,1,363.73,SC,26,88,32008.24,7489.93,10021,2026-08-16,Y,2026-08-11,MOCKLOAD,2026-09-12 23:05:02
1002,502,100201002,2026-08-12,100201,114,2026-08-12,2,115.06,SC,20,77,8859.62,2073.15,10021,2026-08-16,Y,2026-08-12,MOCKLOAD,2026-09-12 23:05:02
1002,502,100201003,2026-08-13,100201,117,2026-08-13,3,64.05,SC,15,34,2177.7,509.58,10021,2026-08-16,Y,2026-08-13,MOCKLOAD,2026-09-12 23:05:02
1002,502,100201004,2026-08-14,100201,107,2026-08-14,4,137.32,SC,27,44,6042.08,1413.85,10021,2026-08-16,Y,2026-08-14,MOCKLOAD,2026-09-12 23:05:02
1002,502,100201005,2026-08-15,100201,107,2026-08-15,5,173.2,SC,13,79,13682.8,3201.78,10021,2026-08-16,Y,2026-08-15,MOCKLOAD,2026-09-12 23:05:02
1002,502,100201006,2026-08-16,100201,108,2026-08-16,6,36.55,SC,25,96,3508.8,821.06,10021,2026-08-16,Y,2026-08-16,MOCKLOAD,2026-09-12 23:05:02
1002,502,100201007,2026-08-17,100201,118,2026-08-17,7,103.92,SC,13,42,4364.64,1021.33,10022,2026-08-22,Y,2026-08-17,MOCKLOAD,2026-09-12 23:05:02
1002,502,100201008,2026-08-18,100201,120,2026-08-18,8,83.22,SC,14,68,5658.96,1324.2,10022,2026-08-22,Y,2026-08-18,MOCKLOAD,2026-09-12 23:05:02
1002,502,100201009,2026-08-19,100201,101,2026-08-19,9,145.39,SC,19,82,11921.98,2789.74,10022,2026-08-22,Y,2026-08-19,MOCKLOAD,2026-09-12 23:05:02
1002,502,100201010,2026-08-20,100201,106,2026-08-20,10,340.52,SC,15,24,8172.48,1912.36,10022,2026-08-22,Y,2026-08-20,MOCKLOAD,2026-09-12 23:05:02
1002,502,100201011,2026-08-21,100201,110,2026-08-21,11,88.14,SC,10,28,2467.92,577.49,10022,2026-08-22,Y,2026-08-21,MOCKLOAD,2026-09-12 23:05:02
1002,502,100201012,2026-08-22,100201,119,2026-08-22,12,99.83,SC,28,94,9384.02,2195.86,10022,2026-08-22,Y,2026-08-22,MOCKLOAD,2026-09-12 23:05:02
1002,502,100201013,2026-08-23,100201,116,2026-08-23,13,249.24,SC,29,60,14954.4,3499.33,10023,2026-08-28,Y,2026-08-23,MOCKLOAD,2026-09-12 23:05:02
1002,502,100201014,2026-08-24,100201,112,2026-08-24,14,61.2,SC,21,25,1530,358.02,10023,2026-08-28,Y,2026-08-24,MOCKLOAD,2026-09-12 23:05:02
1002,502,100201015,2026-08-25,100201,120,2026-08-25,15,257.5,SC,17,57,14677.5,3434.53,10023,2026-08-28,Y,2026-08-25,MOCKLOAD,2026-09-12 23:05:02
1002,502,100201016,2026-08-26,100201,109,2026-08-26,16,214.86,SC,23,82,17618.52,4122.73,10023,2026-08-28,Y,2026-08-26,MOCKLOAD,2026-09-12 23:05:02
1002,502,100201017,2026-08-27,100201,104,2026-08-27,17,258.71,SC,20,54,13970.34,3269.06,10023,2026-08-28,Y,2026-08-27,MOCKLOAD,2026-09-12 23:05:02
1002,502,100201018,2026-08-28,100201,115,2026-08-28,18,242.4,SC,14,31,7514.4,1758.37,10023,2026-08-28,Y,2026-08-28,MOCKLOAD,2026-09-12 23:05:02
1002,502,100201019,2026-08-29,100201,115,2026-08-29,19,224.51,SC,12,34,7633.34,1786.2,10024,2026-09-03,Y,2026-08-29,MOCKLOAD,2026-09-12 23:05:02
1002,502,100201020,2026-08-30,100201,104,2026-08-30,20,353.53,SC,29,52,18383.56,4301.75,10024,2026-09-03,Y,2026-08-30,MOCKLOAD,2026-09-12 23:05:02
1002,502,100201021,2026-08-31,100201,107,2026-08-31,21,300.68,SC,27,31,9321.08,2181.13,10024,2026-09-03,Y,2026-08-31,MOCKLOAD,2026-09-12 23:05:02
1002,502,100201022,2026-09-01,100201,118,2026-09-01,22,59.45,SC,23,63,3745.35,876.41,10024,2026-09-03,Y,2026-09-01,MOCKLOAD,2026-09-12 23:05:02
1002,502,100201023,2026-09-02,100201,120,2026-09-02,23,471.53,SC,17,45,21218.85,4965.21,10024,2026-09-03,Y,2026-09-02,MOCKLOAD,2026-09-12 23:05:02
1002,502,100201024,2026-09-03,100201,109,2026-09-03,24,343.24,SC,11,47,16132.28,3774.95,10024,2026-09-03,Y,2026-09-03,MOCKLOAD,2026-09-12 23:05:02
1002,502,100201025,2026-09-04,100201,114,2026-09-04,25,111.38,SC,15,47,5234.86,1224.96,10025,2026-09-09,Y,2026-09-04,MOCKLOAD,2026-09-12 23:05:02
1002,502,100201026,2026-09-05,100201,106,2026-09-05,26,481.99,SC,15,80,38559.2,9022.85,10025,2026-09-09,Y,2026-09-05,MOCKLOAD,2026-09-12 23:05:02
1002,502,100201027,2026-09-06,100201,120,2026-09-06,27,267.88,SC,25,43,11518.84,2695.41,10025,2026-09-09,Y,2026-09-06,MOCKLOAD,2026-09-12 23:05:02
1002,502,100201028,2026-09-07,100201,113,2026-09-07,28,61.13,SC,26,1,61.13,14.3,10025,2026-09-09,Y,2026-09-07,MOCKLOAD,2026-09-12 23:05:02
1002,502,100201029,2026-09-08,100201,102,2026-09-08,29,220.54,SC,26,27,5954.58,1393.37,10025,2026-09-09,Y,2026-09-08,MOCKLOAD,2026-09-12 23:05:02
1002,502,100201030,2026-09-09,100201,112,2026-09-09,30,130.81,SC,23,41,5363.21,1254.99,10025,2026-09-09,Y,2026-09-09,MOCKLOAD,2026-09-12 23:05:02
1002,502,100202001,2026-08-11,100202,114,2026-08-11,1,428.02,SC,14,4,1712.08,400.63,10021,2026-08-16,Y,2026-08-11,MOCKLOAD,2026-09-12 23:05:02
1002,502,100202002,2026-08-12,100202,120,2026-08-12,2,456.33,SC,14,12,5475.96,1281.37,10021,2026-08-16,Y,2026-08-12,MOCKLOAD,2026-09-12 23:05:02
1002,502,100202003,2026-08-13,100202,103,2026-08-13,3,197.59,SC,16,29,5730.11,1340.85,10021,2026-08-16,Y,2026-08-13,MOCKLOAD,2026-09-12 23:05:02
1002,502,100202004,2026-08-14,100202,115,2026-08-14,4,365.74,SC,29,30,10972.2,2567.49,10021,2026-08-16,Y,2026-08-14,MOCKLOAD,2026-09-12 23:05:02
1002,502,100202005,2026-08-15,100202,115,2026-08-15,5,108.15,SC,11,95,10274.25,2404.17,10021,2026-08-16,Y,2026-08-15,MOCKLOAD,2026-09-12 23:05:02
1002,502,100202006,2026-08-16,100202,103,2026-08-16,6,314.07,SC,15,56,17587.92,4115.57,10021,2026-08-16,Y,2026-08-16,MOCKLOAD,2026-09-12 23:05:02
1002,502,100202007,2026-08-17,100202,117,2026-08-17,7,150.96,SC,14,15,2264.4,529.87,10022,2026-08-22,Y,2026-08-17,MOCKLOAD,2026-09-12 23:05:02
1002,502,100202008,2026-08-18,100202,102,2026-08-18,8,225.95,SC,18,62,14008.9,3278.08,10022,2026-08-22,Y,2026-08-18,MOCKLOAD,2026-09-12 23:05:02
1002,502,100202009,2026-08-19,100202,117,2026-08-19,9,308.51,SC,15,79,24372.29,5703.12,10022,2026-08-22,Y,2026-08-19,MOCKLOAD,2026-09-12 23:05:02
1002,502,100202010,2026-08-20,100202,112,2026-08-20,10,294.59,SC,16,70,20621.3,4825.38,10022,2026-08-22,Y,2026-08-20,MOCKLOAD,2026-09-12 23:05:02
1002,502,100202011,2026-08-21,100202,109,2026-08-21,11,230.36,SC,13,67,15434.12,3611.58,10022,2026-08-22,Y,2026-08-21,MOCKLOAD,2026-09-12 23:05:02
1002,502,100202012,2026-08-22,100202,102,2026-08-22,12,268.52,SC,14,63,16916.76,3958.52,10022,2026-08-22,Y,2026-08-22,MOCKLOAD,2026-09-12 23:05:02
1002,502,100202013,2026-08-23,100202,104,2026-08-23,13,210.27,SC,21,79,16611.33,3887.05,10023,2026-08-28,Y,2026-08-23,MOCKLOAD,2026-09-12 23:05:02
1002,502,100202014,2026-08-24,100202,116,2026-08-24,14,358.13,SC,12,35,12534.55,2933.08,10023,2026-08-28,Y,2026-08-24,MOCKLOAD,2026-09-12 23:05:02
1002,502,100202015,2026-08-25,100202,102,2026-08-25,15,361.37,SC,22,5,1806.85,422.8,10023,2026-08-28,Y,2026-08-25,MOCKLOAD,2026-09-12 23:05:02
1002,502,100202016,2026-08-26,100202,119,2026-08-26,16,183.7,SC,19,41,7531.7,1762.42,10023,2026-08-28,Y,2026-08-26,MOCKLOAD,2026-09-12 23:05:02
1002,502,100202017,2026-08-27,100202,106,2026-08-27,17,9.3,SC,25,34,316.2,73.99,10023,2026-08-28,Y,2026-08-27,MOCKLOAD,2026-09-12 23:05:02
1002,502,100202018,2026-08-28,100202,108,2026-08-28,18,129.65,SC,17,42,5445.3,1274.2,10023,2026-08-28,Y,2026-08-28,MOCKLOAD,2026-09-12 23:05:02
1002,502,100202019,2026-08-29,100202,119,2026-08-29,19,110.35,SC,11,60,6621,1549.31,10024,2026-09-03,Y,2026-08-29,MOCKLOAD,2026-09-12 23:05:02
1002,502,100202020,2026-08-30,100202,102,2026-08-30,20,379.23,SC,27,46,17444.58,4082.03,10024,2026-09-03,Y,2026-08-30,MOCKLOAD,2026-09-12 23:05:02
1002,502,100202021,2026-08-31,100202,117,2026-08-31,21,178.62,SC,26,95,16968.9,3970.72,10024,2026-09-03,Y,2026-08-31,MOCKLOAD,2026-09-12 23:05:02
1002,502,100202022,2026-09-01,100202,107,2026-09-01,22,100.04,SC,23,89,8903.56,2083.43,10024,2026-09-03,Y,2026-09-01,MOCKLOAD,2026-09-12 23:05:02
1002,502,100202023,2026-09-02,100202,111,2026-09-02,23,438.7,SC,12,63,27638.1,6467.32,10024,2026-09-03,Y,2026-09-02,MOCKLOAD,2026-09-12 23:05:02
1002,502,100202024,2026-09-03,100202,119,2026-09-03,24,420.75,SC,22,16,6732,1575.29,10024,2026-09-03,Y,2026-09-03,MOCKLOAD,2026-09-12 23:05:02
1002,502,100202025,2026-09-04,100202,110,2026-09-04,25,163.55,SC,21,73,11939.15,2793.76,10025,2026-09-09,Y,2026-09-04,MOCKLOAD,2026-09-12 23:05:02
1002,502,100202026,2026-09-05,100202,104,2026-09-05,26,357.01,SC,15,30,10710.3,2506.21,10025,2026-09-09,Y,2026-09-05,MOCKLOAD,2026-09-12 23:05:02
1002,502,100202027,2026-09-06,100202,105,2026-09-06,27,366.66,SC,19,64,23466.24,5491.1,10025,2026-09-09,Y,2026-09-06,MOCKLOAD,2026-09-12 23:05:02
1002,502,100202028,2026-09-07,100202,102,2026-09-07,28,60.08,SC,16,70,4205.6,984.11,10025,2026-09-09,Y,2026-09-07,MOCKLOAD,2026-09-12 23:05:02
1002,502,100202029,2026-09-08,100202,118,2026-09-08,29,276.83,SC,26,92,25468.36,5959.6,10025,2026-09-09,Y,2026-09-08,MOCKLOAD,2026-09-12 23:05:02
1002,502,100202030,2026-09-09,100202,105,2026-09-09,30,240.03,SC,29,87,20882.61,4886.53,10025,2026-09-09,Y,2026-09-09,MOCKLOAD,2026-09-12 23:05:02
1002,502,100203001,2026-08-11,100203,116,2026-08-11,1,406.62,SC,20,81,32936.22,7707.08,10021,2026-08-16,Y,2026-08-11,MOCKLOAD,2026-09-12 23:05:02
1002,502,100203002,2026-08-12,100203,119,2026-08-12,2,481.76,SC,14,21,10116.96,2367.37,10021,2026-08-16,Y,2026-08-12,MOCKLOAD,2026-09-12 23:05:02
1002,502,100203003,2026-08-13,100203,107,2026-08-13,3,218.57,SC,28,36,7868.52,1841.23,10021,2026-08-16,Y,2026-08-13,MOCKLOAD,2026-09-12 23:05:02
1002,502,100203004,2026-08-14,100203,118,2026-08-14,4,127.12,SC,28,49,6228.88,1457.56,10021,2026-08-16,Y,2026-08-14,MOCKLOAD,2026-09-12 23:05:02
1002,502,100203005,2026-08-15,100203,115,2026-08-15,5,70.04,SC,18,42,2941.68,688.35,10021,2026-08-16,Y,2026-08-15,MOCKLOAD,2026-09-12 23:05:02
1002,502,100203006,2026-08-16,100203,111,2026-08-16,6,6.64,SC,13,83,551.12,128.96,10021,2026-08-16,Y,2026-08-16,MOCKLOAD,2026-09-12 23:05:02
1002,502,100203007,2026-08-17,100203,102,2026-08-17,7,147.45,SC,25,99,14597.55,3415.83,10022,2026-08-22,Y,2026-08-17,MOCKLOAD,2026-09-12 23:05:02
1002,502,100203008,2026-08-18,100203,102,2026-08-18,8,82.9,SC,18,5,414.5,96.99,10022,2026-08-22,Y,2026-08-18,MOCKLOAD,2026-09-12 23:05:02
1002,502,100203009,2026-08-19,100203,108,2026-08-19,9,488,SC,16,66,32208,7536.67,10022,2026-08-22,Y,2026-08-19,MOCKLOAD,2026-09-12 23:05:02
1002,502,100203010,2026-08-20,100203,105,2026-08-20,10,124.27,SC,19,7,869.89,203.55,10022,2026-08-22,Y,2026-08-20,MOCKLOAD,2026-09-12 23:05:02
1002,502,100203011,2026-08-21,100203,105,2026-08-21,11,150.69,SC,15,92,13863.48,3244.05,10022,2026-08-22,Y,2026-08-21,MOCKLOAD,2026-09-12 23:05:02
1002,502,100203012,2026-08-22,100203,104,2026-08-22,12,321.25,SC,15,14,4497.5,1052.41,10022,2026-08-22,Y,2026-08-22,MOCKLOAD,2026-09-12 23:05:02
1002,502,100203013,2026-08-23,100203,102,2026-08-23,13,468.78,SC,23,40,18751.2,4387.78,10023,2026-08-28,Y,2026-08-23,MOCKLOAD,2026-09-12 23:05:02
1002,502,100203014,2026-08-24,100203,117,2026-08-24,14,177.44,SC,26,26,4613.44,1079.54,10023,2026-08-28,Y,2026-08-24,MOCKLOAD,2026-09-12 23:05:02
1002,502,100203015,2026-08-25,100203,115,2026-08-25,15,417.74,SC,14,74,30912.76,7233.59,10023,2026-08-28,Y,2026-08-25,MOCKLOAD,2026-09-12 23:05:02
1002,502,100203016,2026-08-26,100203,103,2026-08-26,16,112.45,SC,19,32,3598.4,842.03,10023,2026-08-28,Y,2026-08-26,MOCKLOAD,2026-09-12 23:05:02
1002,502,100203017,2026-08-27,100203,101,2026-08-27,17,253.67,SC,28,83,21054.61,4926.78,10023,2026-08-28,Y,2026-08-27,MOCKLOAD,2026-09-12 23:05:02
1002,502,100203018,2026-08-28,100203,104,2026-08-28,18,76.27,SC,18,52,3966.04,928.05,10023,2026-08-28,Y,2026-08-28,MOCKLOAD,2026-09-12 23:05:02
1002,502,100203019,2026-08-29,100203,103,2026-08-29,19,290.07,SC,24,34,9862.38,2307.8,10024,2026-09-03,Y,2026-08-29,MOCKLOAD,2026-09-12 23:05:02
1002,502,100203020,2026-08-30,100203,108,2026-08-30,20,100.23,SC,14,83,8319.09,1946.67,10024,2026-09-03,Y,2026-08-30,MOCKLOAD,2026-09-12 23:05:02
1002,502,100203021,2026-08-31,100203,106,2026-08-31,21,187.75,SC,21,6,1126.5,263.6,10024,2026-09-03,Y,2026-08-31,MOCKLOAD,2026-09-12 23:05:02
1002,502,100203022,2026-09-01,100203,118,2026-09-01,22,422.02,SC,25,29,12238.58,2863.83,10024,2026-09-03,Y,2026-09-01,MOCKLOAD,2026-09-12 23:05:02
1002,502,100203023,2026-09-02,100203,111,2026-09-02,23,60.66,SC,26,71,4306.86,1007.81,10024,2026-09-03,Y,2026-09-02,MOCKLOAD,2026-09-12 23:05:02
1002,502,100203024,2026-09-03,100203,115,2026-09-03,24,463.48,SC,16,97,44957.56,10520.07,10024,2026-09-03,Y,2026-09-03,MOCKLOAD,2026-09-12 23:05:02
1002,502,100203025,2026-09-04,100203,111,2026-09-04,25,167.36,SC,27,66,11045.76,2584.71,10025,2026-09-09,Y,2026-09-04,MOCKLOAD,2026-09-12 23:05:02
1002,502,100203026,2026-09-05,100203,118,2026-09-05,26,111.18,SC,13,60,6670.8,1560.97,10025,2026-09-09,Y,2026-09-05,MOCKLOAD,2026-09-12 23:05:02
1002,502,100203027,2026-09-06,100203,114,2026-09-06,27,187.98,SC,20,52,9774.96,2287.34,10025,2026-09-09,Y,2026-09-06,MOCKLOAD,2026-09-12 23:05:02
1002,502,100203028,2026-09-07,100203,107,2026-09-07,28,256.1,SC,21,96,24585.6,5753.03,10025,2026-09-09,Y,2026-09-07,MOCKLOAD,2026-09-12 23:05:02
1002,502,100203029,2026-09-08,100203,109,2026-09-08,29,66.2,SC,22,44,2912.8,681.6,10025,2026-09-09,Y,2026-09-08,MOCKLOAD,2026-09-12 23:05:02
1002,502,100203030,2026-09-09,100203,113,2026-09-09,30,261.42,SC,27,91,23789.22,5566.68,10025,2026-09-09,Y,2026-09-09,MOCKLOAD,2026-09-12 23:05:02
1002,502,100204001,2026-08-11,100204,115,2026-08-11,1,25.23,SC,16,78,1967.94,460.5,10021,2026-08-16,Y,2026-08-11,MOCKLOAD,2026-09-12 23:05:02
1002,502,100204002,2026-08-12,100204,105,2026-08-12,2,227.68,SC,18,3,683.04,159.83,10021,2026-08-16,Y,2026-08-12,MOCKLOAD,2026-09-12 23:05:02
1002,502,100204003,2026-08-13,100204,106,2026-08-13,3,57.28,SC,28,88,5040.64,1179.51,10021,2026-08-16,Y,2026-08-13,MOCKLOAD,2026-09-12 23:05:02
1002,502,100204004,2026-08-14,100204,114,2026-08-14,4,32.55,SC,14,17,553.35,129.48,10021,2026-08-16,Y,2026-08-14,MOCKLOAD,2026-09-12 23:05:02
1002,502,100204005,2026-08-15,100204,101,2026-08-15,5,450.23,SC,14,70,31516.1,7374.77,10021,2026-08-16,Y,2026-08-15,MOCKLOAD,2026-09-12 23:05:02
1002,502,100204006,2026-08-16,100204,113,2026-08-16,6,301.82,SC,21,19,5734.58,1341.89,10021,2026-08-16,Y,2026-08-16,MOCKLOAD,2026-09-12 23:05:02
1002,502,100204007,2026-08-17,100204,101,2026-08-17,7,307.46,SC,27,49,15065.54,3525.34,10022,2026-08-22,Y,2026-08-17,MOCKLOAD,2026-09-12 23:05:02
1002,502,100204008,2026-08-18,100204,118,2026-08-18,8,280.59,SC,14,3,841.77,196.97,10022,2026-08-22,Y,2026-08-18,MOCKLOAD,2026-09-12 23:05:02
1002,502,100204009,2026-08-19,100204,106,2026-08-19,9,100.64,SC,14,16,1610.24,376.8,10022,2026-08-22,Y,2026-08-19,MOCKLOAD,2026-09-12 23:05:02
1002,502,100204010,2026-08-20,100204,117,2026-08-20,10,115.04,SC,28,84,9663.36,2261.23,10022,2026-08-22,Y,2026-08-20,MOCKLOAD,2026-09-12 23:05:02
1002,502,100204011,2026-08-21,100204,113,2026-08-21,11,472.52,SC,11,41,19373.32,4533.36,10022,2026-08-22,Y,2026-08-21,MOCKLOAD,2026-09-12 23:05:02
1002,502,100204012,2026-08-22,100204,116,2026-08-22,12,462.53,SC,20,80,37002.4,8658.56,10022,2026-08-22,Y,2026-08-22,MOCKLOAD,2026-09-12 23:05:02
1002,502,100204013,2026-08-23,100204,117,2026-08-23,13,300.64,SC,21,71,21345.44,4994.83,10023,2026-08-28,Y,2026-08-23,MOCKLOAD,2026-09-12 23:05:02
1002,502,100204014,2026-08-24,100204,116,2026-08-24,14,420.79,SC,16,66,27772.14,6498.68,10023,2026-08-28,Y,2026-08-24,MOCKLOAD,2026-09-12 23:05:02
1002,502,100204015,2026-08-25,100204,111,2026-08-25,15,343.22,SC,11,33,11326.26,2650.34,10023,2026-08-28,Y,2026-08-25,MOCKLOAD,2026-09-12 23:05:02
1002,502,100204016,2026-08-26,100204,114,2026-08-26,16,379.9,SC,27,95,36090.5,8445.18,10023,2026-08-28,Y,2026-08-26,MOCKLOAD,2026-09-12 23:05:02
1002,502,100204017,2026-08-27,100204,114,2026-08-27,17,119.38,SC,22,36,4297.68,1005.66,10023,2026-08-28,Y,2026-08-27,MOCKLOAD,2026-09-12 23:05:02
1002,502,100204018,2026-08-28,100204,104,2026-08-28,18,108.76,SC,25,12,1305.12,305.4,10023,2026-08-28,Y,2026-08-28,MOCKLOAD,2026-09-12 23:05:02
1002,502,100204019,2026-08-29,100204,110,2026-08-29,19,272.68,SC,29,69,18814.92,4402.69,10024,2026-09-03,Y,2026-08-29,MOCKLOAD,2026-09-12 23:05:02
1002,502,100204020,2026-08-30,100204,116,2026-08-30,20,146.99,SC,23,25,3674.75,859.89,10024,2026-09-03,Y,2026-08-30,MOCKLOAD,2026-09-12 23:05:02
1002,502,100204021,2026-08-31,100204,106,2026-08-31,21,315.07,SC,13,73,23000.11,5382.03,10024,2026-09-03,Y,2026-08-31,MOCKLOAD,2026-09-12 23:05:02
1002,502,100204022,2026-09-01,100204,108,2026-09-01,22,357.1,SC,28,61,21783.1,5097.25,10024,2026-09-03,Y,2026-09-01,MOCKLOAD,2026-09-12 23:05:02
1002,502,100204023,2026-09-02,100204,107,2026-09-02,23,308.47,SC,10,87,26836.89,6279.83,10024,2026-09-03,Y,2026-09-02,MOCKLOAD,2026-09-12 23:05:02
1002,502,100204024,2026-09-03,100204,107,2026-09-03,24,216.8,SC,21,73,15826.4,3703.38,10024,2026-09-03,Y,2026-09-03,MOCKLOAD,2026-09-12 23:05:02
1002,502,100204025,2026-09-04,100204,118,2026-09-04,25,251.7,SC,12,62,15605.4,3651.66,10025,2026-09-09,Y,2026-09-04,MOCKLOAD,2026-09-12 23:05:02
1002,502,100204026,2026-09-05,100204,110,2026-09-05,26,463.76,SC,20,87,40347.12,9441.23,10025,2026-09-09,Y,2026-09-05,MOCKLOAD,2026-09-12 23:05:02
1002,502,100204027,2026-09-06,100204,113,2026-09-06,27,399.78,SC,18,15,5996.7,1403.23,10025,2026-09-09,Y,2026-09-06,MOCKLOAD,2026-09-12 23:05:02
1002,502,100204028,2026-09-07,100204,117,2026-09-07,28,361.87,SC,22,87,31482.69,7366.95,10025,2026-09-09,Y,2026-09-07,MOCKLOAD,2026-09-12 23:05:02
1002,502,100204029,2026-09-08,100204,119,2026-09-08,29,8.09,SC,29,47,380.23,88.97,10025,2026-09-09,Y,2026-09-08,MOCKLOAD,2026-09-12 23:05:02
1002,502,100204030,2026-09-09,100204,113,2026-09-09,30,109.77,SC,21,99,10867.23,2542.93,10025,2026-09-09,Y,2026-09-09,MOCKLOAD,2026-09-12 23:05:02
1002,502,100205001,2026-08-11,100205,105,2026-08-11,1,254.58,SC,15,77,19602.66,4587.02,10021,2026-08-16,Y,2026-08-11,MOCKLOAD,2026-09-12 23:05:02
1002,502,100205002,2026-08-12,100205,118,2026-08-12,2,132.36,SC,21,73,9662.28,2260.97,10021,2026-08-16,Y,2026-08-12,MOCKLOAD,2026-09-12 23:05:02
1002,502,100205003,2026-08-13,100205,106,2026-08-13,3,287.31,SC,26,58,16663.98,3899.37,10021,2026-08-16,Y,2026-08-13,MOCKLOAD,2026-09-12 23:05:02
1002,502,100205004,2026-08-14,100205,118,2026-08-14,4,282.78,SC,26,45,12725.1,2977.67,10021,2026-08-16,Y,2026-08-14,MOCKLOAD,2026-09-12 23:05:02
1002,502,100205005,2026-08-15,100205,112,2026-08-15,5,499.06,SC,12,3,1497.18,350.34,10021,2026-08-16,Y,2026-08-15,MOCKLOAD,2026-09-12 23:05:02
1002,502,100205006,2026-08-16,100205,110,2026-08-16,6,153.5,SC,18,66,10131,2370.65,10021,2026-08-16,Y,2026-08-16,MOCKLOAD,2026-09-12 23:05:02
1002,502,100205007,2026-08-17,100205,106,2026-08-17,7,129.72,SC,28,23,2983.56,698.15,10022,2026-08-22,Y,2026-08-17,MOCKLOAD,2026-09-12 23:05:02
1002,502,100205008,2026-08-18,100205,110,2026-08-18,8,284.04,SC,16,76,21587.04,5051.37,10022,2026-08-22,Y,2026-08-18,MOCKLOAD,2026-09-12 23:05:02
1002,502,100205009,2026-08-19,100205,109,2026-08-19,9,491.99,SC,20,46,22631.54,5295.78,10022,2026-08-22,Y,2026-08-19,MOCKLOAD,2026-09-12 23:05:02
1002,502,100205010,2026-08-20,100205,105,2026-08-20,10,420.89,SC,29,68,28620.52,6697.2,10022,2026-08-22,Y,2026-08-20,MOCKLOAD,2026-09-12 23:05:02
1002,502,100205011,2026-08-21,100205,102,2026-08-21,11,161.71,SC,22,77,12451.67,2913.69,10022,2026-08-22,Y,2026-08-21,MOCKLOAD,2026-09-12 23:05:02
1002,502,100205012,2026-08-22,100205,102,2026-08-22,12,191.41,SC,24,66,12633.06,2956.14,10022,2026-08-22,Y,2026-08-22,MOCKLOAD,2026-09-12 23:05:02
1002,502,100205013,2026-08-23,100205,118,2026-08-23,13,281.94,SC,16,64,18044.16,4222.33,10023,2026-08-28,Y,2026-08-23,MOCKLOAD,2026-09-12 23:05:02
1002,502,100205014,2026-08-24,100205,114,2026-08-24,14,316.31,SC,23,42,13285.02,3108.69,10023,2026-08-28,Y,2026-08-24,MOCKLOAD,2026-09-12 23:05:02
1002,502,100205015,2026-08-25,100205,120,2026-08-25,15,184.13,SC,27,20,3682.6,861.73,10023,2026-08-28,Y,2026-08-25,MOCKLOAD,2026-09-12 23:05:02
1002,502,100205016,2026-08-26,100205,118,2026-08-26,16,123.1,SC,21,52,6401.2,1497.88,10023,2026-08-28,Y,2026-08-26,MOCKLOAD,2026-09-12 23:05:02
1002,502,100205017,2026-08-27,100205,103,2026-08-27,17,203.82,SC,21,74,15082.68,3529.35,10023,2026-08-28,Y,2026-08-27,MOCKLOAD,2026-09-12 23:05:02
1002,502,100205018,2026-08-28,100205,101,2026-08-28,18,299.58,SC,25,16,4793.28,1121.63,10023,2026-08-28,Y,2026-08-28,MOCKLOAD,2026-09-12 23:05:02
1002,502,100205019,2026-08-29,100205,118,2026-08-29,19,362.36,SC,23,42,15219.12,3561.27,10024,2026-09-03,Y,2026-08-29,MOCKLOAD,2026-09-12 23:05:02
1002,502,100205020,2026-08-30,100205,105,2026-08-30,20,304.09,SC,29,92,27976.28,6546.45,10024,2026-09-03,Y,2026-08-30,MOCKLOAD,2026-09-12 23:05:02
1002,502,100205021,2026-08-31,100205,102,2026-08-31,21,274.14,SC,19,80,21931.2,5131.9,10024,2026-09-03,Y,2026-08-31,MOCKLOAD,2026-09-12 23:05:02
1002,502,100205022,2026-09-01,100205,111,2026-09-01,22,306.95,SC,16,40,12278,2873.05,10024,2026-09-03,Y,2026-09-01,MOCKLOAD,2026-09-12 23:05:02
1002,502,100205023,2026-09-02,100205,104,2026-09-02,23,112.5,SC,14,85,9562.5,2237.62,10024,2026-09-03,Y,2026-09-02,MOCKLOAD,2026-09-12 23:05:02
1002,502,100205024,2026-09-03,100205,104,2026-09-03,24,382.72,SC,29,96,36741.12,8597.42,10024,2026-09-03,Y,2026-09-03,MOCKLOAD,2026-09-12 23:05:02
1002,502,100205025,2026-09-04,100205,101,2026-09-04,25,130.62,SC,14,62,8098.44,1895.03,10025,2026-09-09,Y,2026-09-04,MOCKLOAD,2026-09-12 23:05:02
1002,502,100205026,2026-09-05,100205,108,2026-09-05,26,32.57,SC,14,72,2345.04,548.74,10025,2026-09-09,Y,2026-09-05,MOCKLOAD,2026-09-12 23:05:02
1002,502,100205027,2026-09-06,100205,103,2026-09-06,27,369.88,SC,25,98,36248.24,8482.09,10025,2026-09-09,Y,2026-09-06,MOCKLOAD,2026-09-12 23:05:02
1002,502,100205028,2026-09-07,100205,118,2026-09-07,28,82.77,SC,16,44,3641.88,852.2,10025,2026-09-09,Y,2026-09-07,MOCKLOAD,2026-09-12 23:05:02
1002,502,100205029,2026-09-08,100205,106,2026-09-08,29,137.49,SC,26,11,1512.39,353.9,10025,2026-09-09,Y,2026-09-08,MOCKLOAD,2026-09-12 23:05:02
1002,502,100205030,2026-09-09,100205,107,2026-09-09,30,313.45,SC,11,74,23195.3,5427.7,10025,2026-09-09,Y,2026-09-09,MOCKLOAD,2026-09-12 23:05:02
1002,502,100206001,2026-08-11,100206,111,2026-08-11,1,69.23,SC,10,90,6230.7,1457.98,10021,2026-08-16,Y,2026-08-11,MOCKLOAD,2026-09-12 23:05:02
1002,502,100206002,2026-08-12,100206,111,2026-08-12,2,16.56,SC,18,44,728.64,170.5,10021,2026-08-16,Y,2026-08-12,MOCKLOAD,2026-09-12 23:05:02
1002,502,100206003,2026-08-13,100206,105,2026-08-13,3,206.88,SC,12,50,10344,2420.5,10021,2026-08-16,Y,2026-08-13,MOCKLOAD,2026-09-12 23:05:02
1002,502,100206004,2026-08-14,100206,104,2026-08-14,4,137.55,SC,29,34,4676.7,1094.35,10021,2026-08-16,Y,2026-08-14,MOCKLOAD,2026-09-12 23:05:02
1002,502,100206005,2026-08-15,100206,108,2026-08-15,5,492.14,SC,18,87,42816.18,10018.99,10021,2026-08-16,Y,2026-08-15,MOCKLOAD,2026-09-12 23:05:02
1002,502,100206006,2026-08-16,100206,106,2026-08-16,6,18.46,SC,11,76,1402.96,328.29,10021,2026-08-16,Y,2026-08-16,MOCKLOAD,2026-09-12 23:05:02
1002,502,100206007,2026-08-17,100206,118,2026-08-17,7,461.64,SC,26,46,21235.44,4969.09,10022,2026-08-22,Y,2026-08-17,MOCKLOAD,2026-09-12 23:05:02
1002,502,100206008,2026-08-18,100206,106,2026-08-18,8,250.98,SC,14,22,5521.56,1292.05,10022,2026-08-22,Y,2026-08-18,MOCKLOAD,2026-09-12 23:05:02
1002,502,100206009,2026-08-19,100206,109,2026-08-19,9,205.8,SC,15,96,19756.8,4623.09,10022,2026-08-22,Y,2026-08-19,MOCKLOAD,2026-09-12 23:05:02
1002,502,100206010,2026-08-20,100206,106,2026-08-20,10,379.68,SC,23,23,8732.64,2043.44,10022,2026-08-22,Y,2026-08-20,MOCKLOAD,2026-09-12 23:05:02
1002,502,100206011,2026-08-21,100206,110,2026-08-21,11,246.21,SC,24,52,12802.92,2995.88,10022,2026-08-22,Y,2026-08-21,MOCKLOAD,2026-09-12 23:05:02
1002,502,100206012,2026-08-22,100206,118,2026-08-22,12,101.21,SC,24,37,3744.77,876.28,10022,2026-08-22,Y,2026-08-22,MOCKLOAD,2026-09-12 23:05:02
1002,502,100206013,2026-08-23,100206,106,2026-08-23,13,344.33,SC,25,97,33400.01,7815.6,10023,2026-08-28,Y,2026-08-23,MOCKLOAD,2026-09-12 23:05:02
1002,502,100206014,2026-08-24,100206,109,2026-08-24,14,145.29,SC,17,96,13947.84,3263.79,10023,2026-08-28,Y,2026-08-24,MOCKLOAD,2026-09-12 23:05:02
1002,502,100206015,2026-08-25,100206,110,2026-08-25,15,225.52,SC,19,66,14884.32,3482.93,10023,2026-08-28,Y,2026-08-25,MOCKLOAD,2026-09-12 23:05:02
1002,502,100206016,2026-08-26,100206,118,2026-08-26,16,244.03,SC,24,59,14397.77,3369.08,10023,2026-08-28,Y,2026-08-26,MOCKLOAD,2026-09-12 23:05:02
1002,502,100206017,2026-08-27,100206,119,2026-08-27,17,413.8,SC,22,90,37242,8714.63,10023,2026-08-28,Y,2026-08-27,MOCKLOAD,2026-09-12 23:05:02
1002,502,100206018,2026-08-28,100206,105,2026-08-28,18,197.53,SC,23,80,15802.4,3697.76,10023,2026-08-28,Y,2026-08-28,MOCKLOAD,2026-09-12 23:05:02
1002,502,100206019,2026-08-29,100206,118,2026-08-29,19,70.06,SC,29,37,2592.22,606.58,10024,2026-09-03,Y,2026-08-29,MOCKLOAD,2026-09-12 23:05:02
1002,502,100206020,2026-08-30,100206,107,2026-08-30,20,221.07,SC,11,87,19233.09,4500.54,10024,2026-09-03,Y,2026-08-30,MOCKLOAD,2026-09-12 23:05:02
1002,502,100206021,2026-08-31,100206,105,2026-08-31,21,433.3,SC,16,14,6066.2,1419.49,10024,2026-09-03,Y,2026-08-31,MOCKLOAD,2026-09-12 23:05:02
1002,502,100206022,2026-09-01,100206,108,2026-09-01,22,495.26,SC,10,33,16343.58,3824.4,10024,2026-09-03,Y,2026-09-01,MOCKLOAD,2026-09-12 23:05:02
1002,502,100206023,2026-09-02,100206,115,2026-09-02,23,312.69,SC,16,78,24389.82,5707.22,10024,2026-09-03,Y,2026-09-02,MOCKLOAD,2026-09-12 23:05:02
1002,502,100206024,2026-09-03,100206,117,2026-09-03,24,47.51,SC,10,99,4703.49,1100.62,10024,2026-09-03,Y,2026-09-03,MOCKLOAD,2026-09-12 23:05:02
1002,502,100206025,2026-09-04,100206,101,2026-09-04,25,223.75,SC,13,22,4922.5,1151.87,10025,2026-09-09,Y,2026-09-04,MOCKLOAD,2026-09-12 23:05:02
1002,502,100206026,2026-09-05,100206,115,2026-09-05,26,10.76,SC,16,90,968.4,226.61,10025,2026-09-09,Y,2026-09-05,MOCKLOAD,2026-09-12 23:05:02
1002,502,100206027,2026-09-06,100206,107,2026-09-06,27,163.05,SC,22,85,13859.25,3243.06,10025,2026-09-09,Y,2026-09-06,MOCKLOAD,2026-09-12 23:05:02
1002,502,100206028,2026-09-07,100206,109,2026-09-07,28,39.74,SC,20,61,2424.14,567.25,10025,2026-09-09,Y,2026-09-07,MOCKLOAD,2026-09-12 23:05:02
1002,502,100206029,2026-09-08,100206,111,2026-09-08,29,427.53,SC,11,32,13680.96,3201.34,10025,2026-09-09,Y,2026-09-08,MOCKLOAD,2026-09-12 23:05:02
1002,502,100206030,2026-09-09,100206,107,2026-09-09,30,69.12,SC,10,21,1451.52,339.66,10025,2026-09-09,Y,2026-09-09,MOCKLOAD,2026-09-12 23:05:02
1002,502,100207001,2026-08-11,100207,114,2026-08-11,1,49.13,SC,29,92,4519.96,1057.67,10021,2026-08-16,Y,2026-08-11,MOCKLOAD,2026-09-12 23:05:02
1002,502,100207002,2026-08-12,100207,116,2026-08-12,2,289.79,SC,15,68,19705.72,4611.14,10021,2026-08-16,Y,2026-08-12,MOCKLOAD,2026-09-12 23:05:02
1002,502,100207003,2026-08-13,100207,102,2026-08-13,3,442.09,SC,11,93,41114.37,9620.76,10021,2026-08-16,Y,2026-08-13,MOCKLOAD,2026-09-12 23:05:02
1002,502,100207004,2026-08-14,100207,102,2026-08-14,4,56.51,SC,14,34,1921.34,449.59,10021,2026-08-16,Y,2026-08-14,MOCKLOAD,2026-09-12 23:05:02
1002,502,100207005,2026-08-15,100207,110,2026-08-15,5,223.5,SC,28,68,15198,3556.33,10021,2026-08-16,Y,2026-08-15,MOCKLOAD,2026-09-12 23:05:02
1002,502,100207006,2026-08-16,100207,116,2026-08-16,6,153.41,SC,16,32,4909.12,1148.73,10021,2026-08-16,Y,2026-08-16,MOCKLOAD,2026-09-12 23:05:02
1002,502,100207007,2026-08-17,100207,107,2026-08-17,7,271.88,SC,11,43,11690.84,2735.66,10022,2026-08-22,Y,2026-08-17,MOCKLOAD,2026-09-12 23:05:02
1002,502,100207008,2026-08-18,100207,119,2026-08-18,8,53.7,SC,23,27,1449.9,339.28,10022,2026-08-22,Y,2026-08-18,MOCKLOAD,2026-09-12 23:05:02
1002,502,100207009,2026-08-19,100207,102,2026-08-19,9,465.88,SC,22,29,13510.52,3161.46,10022,2026-08-22,Y,2026-08-19,MOCKLOAD,2026-09-12 23:05:02
1002,502,100207010,2026-08-20,100207,102,2026-08-20,10,226.45,SC,20,54,12228.3,2861.42,10022,2026-08-22,Y,2026-08-20,MOCKLOAD,2026-09-12 23:05:02
1002,502,100207011,2026-08-21,100207,113,2026-08-21,11,220.85,SC,14,78,17226.3,4030.95,10022,2026-08-22,Y,2026-08-21,MOCKLOAD,2026-09-12 23:05:02
1002,502,100207012,2026-08-22,100207,118,2026-08-22,12,63.82,SC,14,52,3318.64,776.56,10022,2026-08-22,Y,2026-08-22,MOCKLOAD,2026-09-12 23:05:02
1002,502,100207013,2026-08-23,100207,107,2026-08-23,13,103.19,SC,12,67,6913.73,1617.81,10023,2026-08-28,Y,2026-08-23,MOCKLOAD,2026-09-12 23:05:02
1002,502,100207014,2026-08-24,100207,105,2026-08-24,14,196.39,SC,13,65,12765.35,2987.09,10023,2026-08-28,Y,2026-08-24,MOCKLOAD,2026-09-12 23:05:02
1002,502,100207015,2026-08-25,100207,111,2026-08-25,15,477.02,SC,29,19,9063.38,2120.83,10023,2026-08-28,Y,2026-08-25,MOCKLOAD,2026-09-12 23:05:02
1002,502,100207016,2026-08-26,100207,103,2026-08-26,16,65.21,SC,14,31,2021.51,473.03,10023,2026-08-28,Y,2026-08-26,MOCKLOAD,2026-09-12 23:05:02
1002,502,100207017,2026-08-27,100207,102,2026-08-27,17,48.41,SC,16,18,871.38,203.9,10023,2026-08-28,Y,2026-08-27,MOCKLOAD,2026-09-12 23:05:02
1002,502,100207018,2026-08-28,100207,116,2026-08-28,18,383.8,SC,28,84,32239.2,7543.97,10023,2026-08-28,Y,2026-08-28,MOCKLOAD,2026-09-12 23:05:02
1002,502,100207019,2026-08-29,100207,104,2026-08-29,19,346.46,SC,18,89,30834.94,7215.38,10024,2026-09-03,Y,2026-08-29,MOCKLOAD,2026-09-12 23:05:02
1002,502,100207020,2026-08-30,100207,101,2026-08-30,20,29.65,SC,25,97,2876.05,673,10024,2026-09-03,Y,2026-08-30,MOCKLOAD,2026-09-12 23:05:02
1002,502,100207021,2026-08-31,100207,109,2026-08-31,21,387.03,SC,21,51,19738.53,4618.82,10024,2026-09-03,Y,2026-08-31,MOCKLOAD,2026-09-12 23:05:02
1002,502,100207022,2026-09-01,100207,118,2026-09-01,22,163.03,SC,16,87,14183.61,3318.96,10024,2026-09-03,Y,2026-09-01,MOCKLOAD,2026-09-12 23:05:02
1002,502,100207023,2026-09-02,100207,102,2026-09-02,23,155.41,SC,23,75,11655.75,2727.45,10024,2026-09-03,Y,2026-09-02,MOCKLOAD,2026-09-12 23:05:02
1002,502,100207024,2026-09-03,100207,105,2026-09-03,24,337.89,SC,18,58,19597.62,4585.84,10024,2026-09-03,Y,2026-09-03,MOCKLOAD,2026-09-12 23:05:02
1002,502,100207025,2026-09-04,100207,114,2026-09-04,25,109.77,SC,22,40,4390.8,1027.45,10025,2026-09-09,Y,2026-09-04,MOCKLOAD,2026-09-12 23:05:02
1002,502,100207026,2026-09-05,100207,117,2026-09-05,26,32.65,SC,10,27,881.55,206.28,10025,2026-09-09,Y,2026-09-05,MOCKLOAD,2026-09-12 23:05:02
1002,502,100207027,2026-09-06,100207,119,2026-09-06,27,288.08,SC,20,10,2880.8,674.11,10025,2026-09-09,Y,2026-09-06,MOCKLOAD,2026-09-12 23:05:02
1002,502,100207028,2026-09-07,100207,109,2026-09-07,28,421.26,SC,27,51,21484.26,5027.32,10025,2026-09-09,Y,2026-09-07,MOCKLOAD,2026-09-12 23:05:02
1002,502,100207029,2026-09-08,100207,101,2026-09-08,29,482.42,SC,18,54,26050.68,6095.86,10025,2026-09-09,Y,2026-09-08,MOCKLOAD,2026-09-12 23:05:02
1002,502,100207030,2026-09-09,100207,119,2026-09-09,30,416.39,SC,18,66,27481.74,6430.73,10025,2026-09-09,Y,2026-09-09,MOCKLOAD,2026-09-12 23:05:02
1002,502,100208001,2026-08-11,100208,116,2026-08-11,1,11.34,SC,14,75,850.5,199.02,10021,2026-08-16,Y,2026-08-11,MOCKLOAD,2026-09-12 23:05:02
1002,502,100208002,2026-08-12,100208,119,2026-08-12,2,454.43,SC,17,52,23630.36,5529.5,10021,2026-08-16,Y,2026-08-12,MOCKLOAD,2026-09-12 23:05:02
1002,502,100208003,2026-08-13,100208,101,2026-08-13,3,49.45,SC,29,76,3758.2,879.42,10021,2026-08-16,Y,2026-08-13,MOCKLOAD,2026-09-12 23:05:02
1002,502,100208004,2026-08-14,100208,115,2026-08-14,4,370.68,SC,25,25,9267,2168.48,10021,2026-08-16,Y,2026-08-14,MOCKLOAD,2026-09-12 23:05:02
1002,502,100208005,2026-08-15,100208,115,2026-08-15,5,182.92,SC,21,44,8048.48,1883.34,10021,2026-08-16,Y,2026-08-15,MOCKLOAD,2026-09-12 23:05:02
1002,502,100208006,2026-08-16,100208,107,2026-08-16,6,16.77,SC,18,28,469.56,109.88,10021,2026-08-16,Y,2026-08-16,MOCKLOAD,2026-09-12 23:05:02
1002,502,100208007,2026-08-17,100208,108,2026-08-17,7,390.92,SC,23,4,1563.68,365.9,10022,2026-08-22,Y,2026-08-17,MOCKLOAD,2026-09-12 23:05:02
1002,502,100208008,2026-08-18,100208,118,2026-08-18,8,175.4,SC,16,84,14733.6,3447.66,10022,2026-08-22,Y,2026-08-18,MOCKLOAD,2026-09-12 23:05:02
1002,502,100208009,2026-08-19,100208,111,2026-08-19,9,272.35,SC,13,99,26962.65,6309.26,10022,2026-08-22,Y,2026-08-19,MOCKLOAD,2026-09-12 23:05:02
1002,502,100208010,2026-08-20,100208,112,2026-08-20,10,281.05,SC,25,11,3091.55,723.42,10022,2026-08-22,Y,2026-08-20,MOCKLOAD,2026-09-12 23:05:02
1002,502,100208011,2026-08-21,100208,102,2026-08-21,11,119.9,SC,23,11,1318.9,308.62,10022,2026-08-22,Y,2026-08-21,MOCKLOAD,2026-09-12 23:05:02
1002,502,100208012,2026-08-22,100208,113,2026-08-22,12,369.17,SC,18,2,738.34,172.77,10022,2026-08-22,Y,2026-08-22,MOCKLOAD,2026-09-12 23:05:02
1002,502,100208013,2026-08-23,100208,117,2026-08-23,13,11.89,SC,22,59,701.51,164.15,10023,2026-08-28,Y,2026-08-23,MOCKLOAD,2026-09-12 23:05:02
1002,502,100208014,2026-08-24,100208,106,2026-08-24,14,138.43,SC,10,66,9136.38,2137.91,10023,2026-08-28,Y,2026-08-24,MOCKLOAD,2026-09-12 23:05:02
1002,502,100208015,2026-08-25,100208,103,2026-08-25,15,34.22,SC,16,28,958.16,224.21,10023,2026-08-28,Y,2026-08-25,MOCKLOAD,2026-09-12 23:05:02
1002,502,100208016,2026-08-26,100208,106,2026-08-26,16,190.42,SC,17,37,7045.54,1648.66,10023,2026-08-28,Y,2026-08-26,MOCKLOAD,2026-09-12 23:05:02
1002,502,100208017,2026-08-27,100208,107,2026-08-27,17,237.87,SC,11,18,4281.66,1001.91,10023,2026-08-28,Y,2026-08-27,MOCKLOAD,2026-09-12 23:05:02
1002,502,100208018,2026-08-28,100208,119,2026-08-28,18,239.33,SC,26,96,22975.68,5376.31,10023,2026-08-28,Y,2026-08-28,MOCKLOAD,2026-09-12 23:05:02
1002,502,100208019,2026-08-29,100208,103,2026-08-29,19,86.6,SC,11,38,3290.8,770.05,10024,2026-09-03,Y,2026-08-29,MOCKLOAD,2026-09-12 23:05:02
1002,502,100208020,2026-08-30,100208,101,2026-08-30,20,340.1,SC,28,65,22106.5,5172.92,10024,2026-09-03,Y,2026-08-30,MOCKLOAD,2026-09-12 23:05:02
1002,502,100208021,2026-08-31,100208,115,2026-08-31,21,446.3,SC,23,45,20083.5,4699.54,10024,2026-09-03,Y,2026-08-31,MOCKLOAD,2026-09-12 23:05:02
1002,502,100208022,2026-09-01,100208,104,2026-09-01,22,346.97,SC,11,45,15613.65,3653.59,10024,2026-09-03,Y,2026-09-01,MOCKLOAD,2026-09-12 23:05:02
1002,502,100208023,2026-09-02,100208,117,2026-09-02,23,161.46,SC,23,75,12109.5,2833.62,10024,2026-09-03,Y,2026-09-02,MOCKLOAD,2026-09-12 23:05:02
1002,502,100208024,2026-09-03,100208,111,2026-09-03,24,109.82,SC,19,76,8346.32,1953.04,10024,2026-09-03,Y,2026-09-03,MOCKLOAD,2026-09-12 23:05:02
1002,502,100208025,2026-09-04,100208,102,2026-09-04,25,85.16,SC,22,40,3406.4,797.1,10025,2026-09-09,Y,2026-09-04,MOCKLOAD,2026-09-12 23:05:02
1002,502,100208026,2026-09-05,100208,107,2026-09-05,26,202.72,SC,15,14,2838.08,664.11,10025,2026-09-09,Y,2026-09-05,MOCKLOAD,2026-09-12 23:05:02
1002,502,100208027,2026-09-06,100208,113,2026-09-06,27,18.59,SC,28,25,464.75,108.75,10025,2026-09-09,Y,2026-09-06,MOCKLOAD,2026-09-12 23:05:02
1002,502,100208028,2026-09-07,100208,119,2026-09-07,28,168.66,SC,17,89,15010.74,3512.51,10025,2026-09-09,Y,2026-09-07,MOCKLOAD,2026-09-12 23:05:02
1002,502,100208029,2026-09-08,100208,114,2026-09-08,29,32.11,SC,21,54,1733.94,405.74,10025,2026-09-09,Y,2026-09-08,MOCKLOAD,2026-09-12 23:05:02
1002,502,100208030,2026-09-09,100208,119,2026-09-09,30,134.77,SC,12,87,11724.99,2743.65,10025,2026-09-09,Y,2026-09-09,MOCKLOAD,2026-09-12 23:05:02
1002,502,100209001,2026-08-11,100209,113,2026-08-11,1,238.79,SC,24,59,14088.61,3296.73,10021,2026-08-16,Y,2026-08-11,MOCKLOAD,2026-09-12 23:05:02
1002,502,100209002,2026-08-12,100209,114,2026-08-12,2,228.61,SC,10,95,21717.95,5082,10021,2026-08-16,Y,2026-08-12,MOCKLOAD,2026-09-12 23:05:02
1002,502,100209003,2026-08-13,100209,113,2026-08-13,3,85.58,SC,18,27,2310.66,540.69,10021,2026-08-16,Y,2026-08-13,MOCKLOAD,2026-09-12 23:05:02
1002,502,100209004,2026-08-14,100209,119,2026-08-14,4,175.18,SC,23,48,8408.64,1967.62,10021,2026-08-16,Y,2026-08-14,MOCKLOAD,2026-09-12 23:05:02
1002,502,100209005,2026-08-15,100209,111,2026-08-15,5,480.9,SC,19,72,34624.8,8102.2,10021,2026-08-16,Y,2026-08-15,MOCKLOAD,2026-09-12 23:05:02
1002,502,100209006,2026-08-16,100209,104,2026-08-16,6,277.07,SC,24,49,13576.43,3176.88,10021,2026-08-16,Y,2026-08-16,MOCKLOAD,2026-09-12 23:05:02
1002,502,100209007,2026-08-17,100209,119,2026-08-17,7,40.11,SC,28,4,160.44,37.54,10022,2026-08-22,Y,2026-08-17,MOCKLOAD,2026-09-12 23:05:02
1002,502,100209008,2026-08-18,100209,119,2026-08-18,8,168.9,SC,25,57,9627.3,2252.79,10022,2026-08-22,Y,2026-08-18,MOCKLOAD,2026-09-12 23:05:02
1002,502,100209009,2026-08-19,100209,114,2026-08-19,9,12.14,SC,18,75,910.5,213.06,10022,2026-08-22,Y,2026-08-19,MOCKLOAD,2026-09-12 23:05:02
1002,502,100209010,2026-08-20,100209,104,2026-08-20,10,474.54,SC,21,23,10914.42,2553.97,10022,2026-08-22,Y,2026-08-20,MOCKLOAD,2026-09-12 23:05:02
1002,502,100209011,2026-08-21,100209,101,2026-08-21,11,417.54,SC,17,82,34238.28,8011.76,10022,2026-08-22,Y,2026-08-21,MOCKLOAD,2026-09-12 23:05:02
1002,502,100209012,2026-08-22,100209,118,2026-08-22,12,57.11,SC,13,54,3083.94,721.64,10022,2026-08-22,Y,2026-08-22,MOCKLOAD,2026-09-12 23:05:02
1002,502,100209013,2026-08-23,100209,116,2026-08-23,13,345.57,SC,17,25,8639.25,2021.58,10023,2026-08-28,Y,2026-08-23,MOCKLOAD,2026-09-12 23:05:02
1002,502,100209014,2026-08-24,100209,117,2026-08-24,14,111.59,SC,11,20,2231.8,522.24,10023,2026-08-28,Y,2026-08-24,MOCKLOAD,2026-09-12 23:05:02
1002,502,100209015,2026-08-25,100209,109,2026-08-25,15,100.97,SC,28,17,1716.49,401.66,10023,2026-08-28,Y,2026-08-25,MOCKLOAD,2026-09-12 23:05:02
1002,502,100209016,2026-08-26,100209,113,2026-08-26,16,442.25,SC,10,49,21670.25,5070.84,10023,2026-08-28,Y,2026-08-26,MOCKLOAD,2026-09-12 23:05:02
1002,502,100209017,2026-08-27,100209,114,2026-08-27,17,141.55,SC,27,29,4104.95,960.56,10023,2026-08-28,Y,2026-08-27,MOCKLOAD,2026-09-12 23:05:02
1002,502,100209018,2026-08-28,100209,114,2026-08-28,18,239.15,SC,11,100,23915,5596.11,10023,2026-08-28,Y,2026-08-28,MOCKLOAD,2026-09-12 23:05:02
1002,502,100209019,2026-08-29,100209,118,2026-08-29,19,279.51,SC,23,84,23478.84,5494.05,10024,2026-09-03,Y,2026-08-29,MOCKLOAD,2026-09-12 23:05:02
1002,502,100209020,2026-08-30,100209,120,2026-08-30,20,330.41,SC,21,26,8590.66,2010.21,10024,2026-09-03,Y,2026-08-30,MOCKLOAD,2026-09-12 23:05:02
1002,502,100209021,2026-08-31,100209,105,2026-08-31,21,371,SC,26,47,17437,4080.26,10024,2026-09-03,Y,2026-08-31,MOCKLOAD,2026-09-12 23:05:02
1002,502,100209022,2026-09-01,100209,116,2026-09-01,22,499.98,SC,21,85,42498.3,9944.6,10024,2026-09-03,Y,2026-09-01,MOCKLOAD,2026-09-12 23:05:02
1002,502,100209023,2026-09-02,100209,109,2026-09-02,23,384.61,SC,21,8,3076.88,719.99,10024,2026-09-03,Y,2026-09-02,MOCKLOAD,2026-09-12 23:05:02
1002,502,100209024,2026-09-03,100209,119,2026-09-03,24,212.61,SC,11,75,15945.75,3731.31,10024,2026-09-03,Y,2026-09-03,MOCKLOAD,2026-09-12 23:05:02
1002,502,100209025,2026-09-04,100209,109,2026-09-04,25,368.31,SC,28,70,25781.7,6032.92,10025,2026-09-09,Y,2026-09-04,MOCKLOAD,2026-09-12 23:05:02
1002,502,100209026,2026-09-05,100209,106,2026-09-05,26,16.86,SC,25,26,438.36,102.58,10025,2026-09-09,Y,2026-09-05,MOCKLOAD,2026-09-12 23:05:02
1002,502,100209027,2026-09-06,100209,115,2026-09-06,27,436.28,SC,20,99,43191.72,10106.86,10025,2026-09-09,Y,2026-09-06,MOCKLOAD,2026-09-12 23:05:02
1002,502,100209028,2026-09-07,100209,115,2026-09-07,28,309.82,SC,14,21,6506.22,1522.46,10025,2026-09-09,Y,2026-09-07,MOCKLOAD,2026-09-12 23:05:02
1002,502,100209029,2026-09-08,100209,106,2026-09-08,29,240.84,SC,18,68,16377.12,3832.25,10025,2026-09-09,Y,2026-09-08,MOCKLOAD,2026-09-12 23:05:02
1002,502,100209030,2026-09-09,100209,120,2026-09-09,30,178.9,SC,13,11,1967.9,460.49,10025,2026-09-09,Y,2026-09-09,MOCKLOAD,2026-09-12 23:05:02
1002,502,100210001,2026-08-11,100210,110,2026-08-11,1,149.97,SC,22,61,9148.17,2140.67,10021,2026-08-16,Y,2026-08-11,MOCKLOAD,2026-09-12 23:05:02
1002,502,100210002,2026-08-12,100210,101,2026-08-12,2,212.12,SC,14,39,8272.68,1935.81,10021,2026-08-16,Y,2026-08-12,MOCKLOAD,2026-09-12 23:05:02
1002,502,100210003,2026-08-13,100210,120,2026-08-13,3,114.27,SC,20,2,228.54,53.48,10021,2026-08-16,Y,2026-08-13,MOCKLOAD,2026-09-12 23:05:02
1002,502,100210004,2026-08-14,100210,102,2026-08-14,4,97.45,SC,10,40,3898,912.13,10021,2026-08-16,Y,2026-08-14,MOCKLOAD,2026-09-12 23:05:02
1002,502,100210005,2026-08-15,100210,110,2026-08-15,5,120.82,SC,28,27,3262.14,763.34,10021,2026-08-16,Y,2026-08-15,MOCKLOAD,2026-09-12 23:05:02
1002,502,100210006,2026-08-16,100210,101,2026-08-16,6,27.74,SC,15,52,1442.48,337.54,10021,2026-08-16,Y,2026-08-16,MOCKLOAD,2026-09-12 23:05:02
1002,502,100210007,2026-08-17,100210,111,2026-08-17,7,107.59,SC,28,9,968.31,226.58,10022,2026-08-22,Y,2026-08-17,MOCKLOAD,2026-09-12 23:05:02
1002,502,100210008,2026-08-18,100210,118,2026-08-18,8,47.3,SC,27,44,2081.2,487,10022,2026-08-22,Y,2026-08-18,MOCKLOAD,2026-09-12 23:05:02
1002,502,100210009,2026-08-19,100210,105,2026-08-19,9,220.95,SC,22,83,18338.85,4291.29,10022,2026-08-22,Y,2026-08-19,MOCKLOAD,2026-09-12 23:05:02
1002,502,100210010,2026-08-20,100210,109,2026-08-20,10,270.55,SC,15,78,21102.9,4938.08,10022,2026-08-22,Y,2026-08-20,MOCKLOAD,2026-09-12 23:05:02
1002,502,100210011,2026-08-21,100210,110,2026-08-21,11,488.26,SC,17,26,12694.76,2970.57,10022,2026-08-22,Y,2026-08-21,MOCKLOAD,2026-09-12 23:05:02
1002,502,100210012,2026-08-22,100210,104,2026-08-22,12,299.77,SC,25,67,20084.59,4699.79,10022,2026-08-22,Y,2026-08-22,MOCKLOAD,2026-09-12 23:05:02
1002,502,100210013,2026-08-23,100210,109,2026-08-23,13,395.19,SC,22,57,22525.83,5271.04,10023,2026-08-28,Y,2026-08-23,MOCKLOAD,2026-09-12 23:05:02
1002,502,100210014,2026-08-24,100210,106,2026-08-24,14,369.28,SC,24,79,29173.12,6826.51,10023,2026-08-28,Y,2026-08-24,MOCKLOAD,2026-09-12 23:05:02
1002,502,100210015,2026-08-25,100210,114,2026-08-25,15,193.24,SC,23,67,12947.08,3029.62,10023,2026-08-28,Y,2026-08-25,MOCKLOAD,2026-09-12 23:05:02
1002,502,100210016,2026-08-26,100210,118,2026-08-26,16,37.74,SC,11,34,1283.16,300.26,10023,2026-08-28,Y,2026-08-26,MOCKLOAD,2026-09-12 23:05:02
1002,502,100210017,2026-08-27,100210,103,2026-08-27,17,469.99,SC,25,90,42299.1,9897.99,10023,2026-08-28,Y,2026-08-27,MOCKLOAD,2026-09-12 23:05:02
1002,502,100210018,2026-08-28,100210,104,2026-08-28,18,8,SC,10,52,416,97.34,10023,2026-08-28,Y,2026-08-28,MOCKLOAD,2026-09-12 23:05:02
1002,502,100210019,2026-08-29,100210,118,2026-08-29,19,475.61,SC,16,29,13792.69,3227.49,10024,2026-09-03,Y,2026-08-29,MOCKLOAD,2026-09-12 23:05:02
1002,502,100210020,2026-08-30,100210,102,2026-08-30,20,100.21,SC,15,48,4810.08,1125.56,10024,2026-09-03,Y,2026-08-30,MOCKLOAD,2026-09-12 23:05:02
1002,502,100210021,2026-08-31,100210,117,2026-08-31,21,241.36,SC,17,9,2172.24,508.3,10024,2026-09-03,Y,2026-08-31,MOCKLOAD,2026-09-12 23:05:02
1002,502,100210022,2026-09-01,100210,109,2026-09-01,22,284.6,SC,27,96,27321.6,6393.25,10024,2026-09-03,Y,2026-09-01,MOCKLOAD,2026-09-12 23:05:02
1002,502,100210023,2026-09-02,100210,105,2026-09-02,23,23.81,SC,16,94,2238.14,523.72,10024,2026-09-03,Y,2026-09-02,MOCKLOAD,2026-09-12 23:05:02
1002,502,100210024,2026-09-03,100210,102,2026-09-03,24,128.7,SC,22,94,12097.8,2830.89,10024,2026-09-03,Y,2026-09-03,MOCKLOAD,2026-09-12 23:05:02
1002,502,100210025,2026-09-04,100210,115,2026-09-04,25,156.64,SC,29,4,626.56,146.62,10025,2026-09-09,Y,2026-09-04,MOCKLOAD,2026-09-12 23:05:02
1002,502,100210026,2026-09-05,100210,103,2026-09-05,26,395.1,SC,19,19,7506.9,1756.61,10025,2026-09-09,Y,2026-09-05,MOCKLOAD,2026-09-12 23:05:02
1002,502,100210027,2026-09-06,100210,107,2026-09-06,27,172.14,SC,24,1,172.14,40.28,10025,2026-09-09,Y,2026-09-06,MOCKLOAD,2026-09-12 23:05:02
1002,502,100210028,2026-09-07,100210,106,2026-09-07,28,450.71,SC,22,97,43718.87,10230.22,10025,2026-09-09,Y,2026-09-07,MOCKLOAD,2026-09-12 23:05:02
1002,502,100210029,2026-09-08,100210,101,2026-09-08,29,475.4,SC,15,81,38507.4,9010.73,10025,2026-09-09,Y,2026-09-08,MOCKLOAD,2026-09-12 23:05:02
1002,502,100210030,2026-09-09,100210,113,2026-09-09,30,6.92,SC,15,29,200.68,46.96,10025,2026-09-09,Y,2026-09-09,MOCKLOAD,2026-09-12 23:05:02
1003,503,100301001,2026-08-11,100301,116,2026-08-11,1,285.56,OI,17,77,21988.12,1402.84,10031,2026-08-16,Y,2026-08-11,MOCKLOAD,2026-09-12 23:05:02
1003,503,100301002,2026-08-12,100301,110,2026-08-12,2,159.36,OI,10,78,12430.08,793.04,10031,2026-08-16,Y,2026-08-12,MOCKLOAD,2026-09-12 23:05:02
1003,503,100301003,2026-08-13,100301,109,2026-08-13,3,499.41,OI,11,21,10487.61,669.11,10031,2026-08-16,Y,2026-08-13,MOCKLOAD,2026-09-12 23:05:02
1003,503,100301004,2026-08-14,100301,118,2026-08-14,4,112.76,OI,25,88,9922.88,633.08,10031,2026-08-16,Y,2026-08-14,MOCKLOAD,2026-09-12 23:05:02
1003,503,100301005,2026-08-15,100301,101,2026-08-15,5,256.25,OI,26,15,3843.75,245.23,10031,2026-08-16,Y,2026-08-15,MOCKLOAD,2026-09-12 23:05:02
1003,503,100301006,2026-08-16,100301,116,2026-08-16,6,223.08,OI,19,24,5353.92,341.58,10031,2026-08-16,Y,2026-08-16,MOCKLOAD,2026-09-12 23:05:02
1003,503,100301007,2026-08-17,100301,117,2026-08-17,7,254.81,OI,28,1,254.81,16.26,10032,2026-08-22,Y,2026-08-17,MOCKLOAD,2026-09-12 23:05:02
1003,503,100301008,2026-08-18,100301,110,2026-08-18,8,67.94,OI,18,17,1154.98,73.69,10032,2026-08-22,Y,2026-08-18,MOCKLOAD,2026-09-12 23:05:02
1003,503,100301009,2026-08-19,100301,110,2026-08-19,9,308.1,OI,16,35,10783.5,687.99,10032,2026-08-22,Y,2026-08-19,MOCKLOAD,2026-09-12 23:05:02
1003,503,100301010,2026-08-20,100301,114,2026-08-20,10,114.05,OI,13,42,4790.1,305.61,10032,2026-08-22,Y,2026-08-20,MOCKLOAD,2026-09-12 23:05:02
1003,503,100301011,2026-08-21,100301,107,2026-08-21,11,179.64,OI,24,26,4670.64,297.99,10032,2026-08-22,Y,2026-08-21,MOCKLOAD,2026-09-12 23:05:02
1003,503,100301012,2026-08-22,100301,117,2026-08-22,12,338.92,OI,25,81,27452.52,1751.47,10032,2026-08-22,Y,2026-08-22,MOCKLOAD,2026-09-12 23:05:02
1003,503,100301013,2026-08-23,100301,104,2026-08-23,13,198.11,OI,23,76,15056.36,960.6,10033,2026-08-28,Y,2026-08-23,MOCKLOAD,2026-09-12 23:05:02
1003,503,100301014,2026-08-24,100301,116,2026-08-24,14,236.65,OI,26,8,1893.2,120.79,10033,2026-08-28,Y,2026-08-24,MOCKLOAD,2026-09-12 23:05:02
1003,503,100301015,2026-08-25,100301,112,2026-08-25,15,291.55,OI,26,46,13411.3,855.64,10033,2026-08-28,Y,2026-08-25,MOCKLOAD,2026-09-12 23:05:02
1003,503,100301016,2026-08-26,100301,102,2026-08-26,16,37.77,OI,25,25,944.25,60.24,10033,2026-08-28,Y,2026-08-26,MOCKLOAD,2026-09-12 23:05:02
1003,503,100301017,2026-08-27,100301,107,2026-08-27,17,84.99,OI,19,81,6884.19,439.21,10033,2026-08-28,Y,2026-08-27,MOCKLOAD,2026-09-12 23:05:02
1003,503,100301018,2026-08-28,100301,116,2026-08-28,18,267.99,OI,12,93,24923.07,1590.09,10033,2026-08-28,Y,2026-08-28,MOCKLOAD,2026-09-12 23:05:02
1003,503,100301019,2026-08-29,100301,102,2026-08-29,19,242.91,OI,22,60,14574.6,929.86,10034,2026-09-03,Y,2026-08-29,MOCKLOAD,2026-09-12 23:05:02
1003,503,100301020,2026-08-30,100301,107,2026-08-30,20,230.83,OI,12,86,19851.38,1266.52,10034,2026-09-03,Y,2026-08-30,MOCKLOAD,2026-09-12 23:05:02
1003,503,100301021,2026-08-31,100301,115,2026-08-31,21,490.77,OI,21,27,13250.79,845.4,10034,2026-09-03,Y,2026-08-31,MOCKLOAD,2026-09-12 23:05:02
1003,503,100301022,2026-09-01,100301,120,2026-09-01,22,47.89,OI,10,31,1484.59,94.72,10034,2026-09-03,Y,2026-09-01,MOCKLOAD,2026-09-12 23:05:02
1003,503,100301023,2026-09-02,100301,117,2026-09-02,23,273.85,OI,17,72,19717.2,1257.96,10034,2026-09-03,Y,2026-09-02,MOCKLOAD,2026-09-12 23:05:02
1003,503,100301024,2026-09-03,100301,110,2026-09-03,24,119.83,OI,15,9,1078.47,68.81,10034,2026-09-03,Y,2026-09-03,MOCKLOAD,2026-09-12 23:05:02
1003,503,100301025,2026-09-04,100301,103,2026-09-04,25,176.41,OI,22,67,11819.47,754.08,10035,2026-09-09,Y,2026-09-04,MOCKLOAD,2026-09-12 23:05:02
1003,503,100301026,2026-09-05,100301,105,2026-09-05,26,291.72,OI,18,11,3208.92,204.73,10035,2026-09-09,Y,2026-09-05,MOCKLOAD,2026-09-12 23:05:02
1003,503,100301027,2026-09-06,100301,117,2026-09-06,27,62.93,OI,17,92,5789.56,369.37,10035,2026-09-09,Y,2026-09-06,MOCKLOAD,2026-09-12 23:05:02
1003,503,100301028,2026-09-07,100301,109,2026-09-07,28,248.93,OI,18,81,20163.33,1286.42,10035,2026-09-09,Y,2026-09-07,MOCKLOAD,2026-09-12 23:05:02
1003,503,100301029,2026-09-08,100301,103,2026-09-08,29,135.5,OI,18,77,10433.5,665.66,10035,2026-09-09,Y,2026-09-08,MOCKLOAD,2026-09-12 23:05:02
1003,503,100301030,2026-09-09,100301,119,2026-09-09,30,440.73,OI,21,47,20714.31,1321.57,10035,2026-09-09,Y,2026-09-09,MOCKLOAD,2026-09-12 23:05:02
1003,503,100302001,2026-08-11,100302,106,2026-08-11,1,296.75,OI,12,100,29675,1893.26,10031,2026-08-16,Y,2026-08-11,MOCKLOAD,2026-09-12 23:05:02
1003,503,100302002,2026-08-12,100302,114,2026-08-12,2,223.61,OI,29,38,8497.18,542.12,10031,2026-08-16,Y,2026-08-12,MOCKLOAD,2026-09-12 23:05:02
1003,503,100302003,2026-08-13,100302,109,2026-08-13,3,326.08,OI,20,40,13043.2,832.16,10031,2026-08-16,Y,2026-08-13,MOCKLOAD,2026-09-12 23:05:02
1003,503,100302004,2026-08-14,100302,101,2026-08-14,4,210.52,OI,22,84,17683.68,1128.22,10031,2026-08-16,Y,2026-08-14,MOCKLOAD,2026-09-12 23:05:02
1003,503,100302005,2026-08-15,100302,102,2026-08-15,5,447.39,OI,15,90,40265.1,2568.91,10031,2026-08-16,Y,2026-08-15,MOCKLOAD,2026-09-12 23:05:02
1003,503,100302006,2026-08-16,100302,108,2026-08-16,6,176.67,OI,19,9,1590.03,101.44,10031,2026-08-16,Y,2026-08-16,MOCKLOAD,2026-09-12 23:05:02
1003,503,100302007,2026-08-17,100302,112,2026-08-17,7,198.81,OI,19,23,4572.63,291.73,10032,2026-08-22,Y,2026-08-17,MOCKLOAD,2026-09-12 23:05:02
1003,503,100302008,2026-08-18,100302,115,2026-08-18,8,101.5,OI,18,88,8932,569.86,10032,2026-08-22,Y,2026-08-18,MOCKLOAD,2026-09-12 23:05:02
1003,503,100302009,2026-08-19,100302,108,2026-08-19,9,462.38,OI,13,64,29592.32,1887.99,10032,2026-08-22,Y,2026-08-19,MOCKLOAD,2026-09-12 23:05:02
1003,503,100302010,2026-08-20,100302,101,2026-08-20,10,414.8,OI,16,11,4562.8,291.11,10032,2026-08-22,Y,2026-08-20,MOCKLOAD,2026-09-12 23:05:02
1003,503,100302011,2026-08-21,100302,103,2026-08-21,11,232.94,OI,24,30,6988.2,445.85,10032,2026-08-22,Y,2026-08-21,MOCKLOAD,2026-09-12 23:05:02
1003,503,100302012,2026-08-22,100302,101,2026-08-22,12,354.54,OI,28,13,4609.02,294.06,10032,2026-08-22,Y,2026-08-22,MOCKLOAD,2026-09-12 23:05:02
1003,503,100302013,2026-08-23,100302,103,2026-08-23,13,282.84,OI,19,21,5939.64,378.95,10033,2026-08-28,Y,2026-08-23,MOCKLOAD,2026-09-12 23:05:02
1003,503,100302014,2026-08-24,100302,108,2026-08-24,14,175.26,OI,23,75,13144.5,838.62,10033,2026-08-28,Y,2026-08-24,MOCKLOAD,2026-09-12 23:05:02
1003,503,100302015,2026-08-25,100302,120,2026-08-25,15,76.65,OI,11,74,5672.1,361.88,10033,2026-08-28,Y,2026-08-25,MOCKLOAD,2026-09-12 23:05:02
1003,503,100302016,2026-08-26,100302,108,2026-08-26,16,11.04,OI,22,17,187.68,11.97,10033,2026-08-28,Y,2026-08-26,MOCKLOAD,2026-09-12 23:05:02
1003,503,100302017,2026-08-27,100302,115,2026-08-27,17,209.34,OI,25,81,16956.54,1081.83,10033,2026-08-28,Y,2026-08-27,MOCKLOAD,2026-09-12 23:05:02
1003,503,100302018,2026-08-28,100302,105,2026-08-28,18,295.12,OI,23,24,7082.88,451.89,10033,2026-08-28,Y,2026-08-28,MOCKLOAD,2026-09-12 23:05:02
1003,503,100302019,2026-08-29,100302,114,2026-08-29,19,138.59,OI,28,48,6652.32,424.42,10034,2026-09-03,Y,2026-08-29,MOCKLOAD,2026-09-12 23:05:02
1003,503,100302020,2026-08-30,100302,109,2026-08-30,20,177.36,OI,14,47,8335.92,531.83,10034,2026-09-03,Y,2026-08-30,MOCKLOAD,2026-09-12 23:05:02
1003,503,100302021,2026-08-31,100302,107,2026-08-31,21,205.54,OI,12,7,1438.78,91.79,10034,2026-09-03,Y,2026-08-31,MOCKLOAD,2026-09-12 23:05:02
1003,503,100302022,2026-09-01,100302,102,2026-09-01,22,100.06,OI,28,83,8304.98,529.86,10034,2026-09-03,Y,2026-09-01,MOCKLOAD,2026-09-12 23:05:02
1003,503,100302023,2026-09-02,100302,109,2026-09-02,23,69.39,OI,25,67,4649.13,296.61,10034,2026-09-03,Y,2026-09-02,MOCKLOAD,2026-09-12 23:05:02
1003,503,100302024,2026-09-03,100302,118,2026-09-03,24,259.4,OI,19,93,24124.2,1539.12,10034,2026-09-03,Y,2026-09-03,MOCKLOAD,2026-09-12 23:05:02
1003,503,100302025,2026-09-04,100302,102,2026-09-04,25,251.09,OI,21,18,4519.62,288.35,10035,2026-09-09,Y,2026-09-04,MOCKLOAD,2026-09-12 23:05:02
1003,503,100302026,2026-09-05,100302,113,2026-09-05,26,409,OI,13,63,25767,1643.93,10035,2026-09-09,Y,2026-09-05,MOCKLOAD,2026-09-12 23:05:02
1003,503,100302027,2026-09-06,100302,114,2026-09-06,27,303.5,OI,14,95,28832.5,1839.51,10035,2026-09-09,Y,2026-09-06,MOCKLOAD,2026-09-12 23:05:02
1003,503,100302028,2026-09-07,100302,117,2026-09-07,28,54.78,OI,12,67,3670.26,234.16,10035,2026-09-09,Y,2026-09-07,MOCKLOAD,2026-09-12 23:05:02
1003,503,100302029,2026-09-08,100302,101,2026-09-08,29,73.17,OI,13,85,6219.45,396.8,10035,2026-09-09,Y,2026-09-08,MOCKLOAD,2026-09-12 23:05:02
1003,503,100302030,2026-09-09,100302,111,2026-09-09,30,363.7,OI,23,97,35278.9,2250.79,10035,2026-09-09,Y,2026-09-09,MOCKLOAD,2026-09-12 23:05:02
1003,503,100303001,2026-08-11,100303,111,2026-08-11,1,442.79,OI,12,20,8855.8,565,10031,2026-08-16,Y,2026-08-11,MOCKLOAD,2026-09-12 23:05:02
1003,503,100303002,2026-08-12,100303,111,2026-08-12,2,258.76,OI,21,35,9056.6,577.81,10031,2026-08-16,Y,2026-08-12,MOCKLOAD,2026-09-12 23:05:02
1003,503,100303003,2026-08-13,100303,104,2026-08-13,3,316.23,OI,11,98,30990.54,1977.2,10031,2026-08-16,Y,2026-08-13,MOCKLOAD,2026-09-12 23:05:02
1003,503,100303004,2026-08-14,100303,113,2026-08-14,4,135.26,OI,15,62,8386.12,535.03,10031,2026-08-16,Y,2026-08-14,MOCKLOAD,2026-09-12 23:05:02
1003,503,100303005,2026-08-15,100303,104,2026-08-15,5,53.24,OI,24,37,1969.88,125.68,10031,2026-08-16,Y,2026-08-15,MOCKLOAD,2026-09-12 23:05:02
1003,503,100303006,2026-08-16,100303,118,2026-08-16,6,357.45,OI,15,98,35030.1,2234.92,10031,2026-08-16,Y,2026-08-16,MOCKLOAD,2026-09-12 23:05:02
1003,503,100303007,2026-08-17,100303,106,2026-08-17,7,411.66,OI,18,92,37872.72,2416.28,10032,2026-08-22,Y,2026-08-17,MOCKLOAD,2026-09-12 23:05:02
1003,503,100303008,2026-08-18,100303,113,2026-08-18,8,194.93,OI,13,30,5847.9,373.1,10032,2026-08-22,Y,2026-08-18,MOCKLOAD,2026-09-12 23:05:02
1003,503,100303009,2026-08-19,100303,109,2026-08-19,9,470.16,OI,25,39,18336.24,1169.85,10032,2026-08-22,Y,2026-08-19,MOCKLOAD,2026-09-12 23:05:02
1003,503,100303010,2026-08-20,100303,114,2026-08-20,10,366.06,OI,18,57,20865.42,1331.21,10032,2026-08-22,Y,2026-08-20,MOCKLOAD,2026-09-12 23:05:02
1003,503,100303011,2026-08-21,100303,109,2026-08-21,11,406.47,OI,20,19,7722.93,492.72,10032,2026-08-22,Y,2026-08-21,MOCKLOAD,2026-09-12 23:05:02
1003,503,100303012,2026-08-22,100303,107,2026-08-22,12,359.44,OI,28,81,29114.64,1857.51,10032,2026-08-22,Y,2026-08-22,MOCKLOAD,2026-09-12 23:05:02
1003,503,100303013,2026-08-23,100303,111,2026-08-23,13,255.65,OI,27,85,21730.25,1386.39,10033,2026-08-28,Y,2026-08-23,MOCKLOAD,2026-09-12 23:05:02
1003,503,100303014,2026-08-24,100303,120,2026-08-24,14,417.23,OI,15,62,25868.26,1650.39,10033,2026-08-28,Y,2026-08-24,MOCKLOAD,2026-09-12 23:05:02
1003,503,100303015,2026-08-25,100303,117,2026-08-25,15,416.98,OI,24,73,30439.54,1942.04,10033,2026-08-28,Y,2026-08-25,MOCKLOAD,2026-09-12 23:05:02
1003,503,100303016,2026-08-26,100303,102,2026-08-26,16,296.46,OI,26,82,24309.72,1550.96,10033,2026-08-28,Y,2026-08-26,MOCKLOAD,2026-09-12 23:05:02
1003,503,100303017,2026-08-27,100303,118,2026-08-27,17,307.15,OI,28,2,614.3,39.19,10033,2026-08-28,Y,2026-08-27,MOCKLOAD,2026-09-12 23:05:02
1003,503,100303018,2026-08-28,100303,120,2026-08-28,18,101.71,OI,22,63,6407.73,408.81,10033,2026-08-28,Y,2026-08-28,MOCKLOAD,2026-09-12 23:05:02
1003,503,100303019,2026-08-29,100303,105,2026-08-29,19,230.52,OI,14,39,8990.28,573.58,10034,2026-09-03,Y,2026-08-29,MOCKLOAD,2026-09-12 23:05:02
1003,503,100303020,2026-08-30,100303,117,2026-08-30,20,185.1,OI,23,31,5738.1,366.09,10034,2026-09-03,Y,2026-08-30,MOCKLOAD,2026-09-12 23:05:02
1003,503,100303021,2026-08-31,100303,119,2026-08-31,21,157.02,OI,17,40,6280.8,400.72,10034,2026-09-03,Y,2026-08-31,MOCKLOAD,2026-09-12 23:05:02
1003,503,100303022,2026-09-01,100303,108,2026-09-01,22,228.74,OI,22,39,8920.86,569.15,10034,2026-09-03,Y,2026-09-01,MOCKLOAD,2026-09-12 23:05:02
1003,503,100303023,2026-09-02,100303,105,2026-09-02,23,457.87,OI,14,84,38461.08,2453.82,10034,2026-09-03,Y,2026-09-02,MOCKLOAD,2026-09-12 23:05:02
1003,503,100303024,2026-09-03,100303,106,2026-09-03,24,236.42,OI,25,62,14658.04,935.18,10034,2026-09-03,Y,2026-09-03,MOCKLOAD,2026-09-12 23:05:02
1003,503,100303025,2026-09-04,100303,105,2026-09-04,25,168.55,OI,20,30,5056.5,322.6,10035,2026-09-09,Y,2026-09-04,MOCKLOAD,2026-09-12 23:05:02
1003,503,100303026,2026-09-05,100303,105,2026-09-05,26,419.62,OI,21,78,32730.36,2088.2,10035,2026-09-09,Y,2026-09-05,MOCKLOAD,2026-09-12 23:05:02
1003,503,100303027,2026-09-06,100303,117,2026-09-06,27,19.34,OI,21,45,870.3,55.53,10035,2026-09-09,Y,2026-09-06,MOCKLOAD,2026-09-12 23:05:02
1003,503,100303028,2026-09-07,100303,104,2026-09-07,28,123.64,OI,18,4,494.56,31.55,10035,2026-09-09,Y,2026-09-07,MOCKLOAD,2026-09-12 23:05:02
1003,503,100303029,2026-09-08,100303,108,2026-09-08,29,266.83,OI,19,35,9339.05,595.83,10035,2026-09-09,Y,2026-09-08,MOCKLOAD,2026-09-12 23:05:02
1003,503,100303030,2026-09-09,100303,117,2026-09-09,30,222.37,OI,24,18,4002.66,255.37,10035,2026-09-09,Y,2026-09-09,MOCKLOAD,2026-09-12 23:05:02
1003,503,100304001,2026-08-11,100304,118,2026-08-11,1,93.32,OI,19,96,8958.72,571.57,10031,2026-08-16,Y,2026-08-11,MOCKLOAD,2026-09-12 23:05:02
1003,503,100304002,2026-08-12,100304,120,2026-08-12,2,173.46,OI,12,100,17346,1106.67,10031,2026-08-16,Y,2026-08-12,MOCKLOAD,2026-09-12 23:05:02
1003,503,100304003,2026-08-13,100304,102,2026-08-13,3,270.87,OI,18,67,18148.29,1157.86,10031,2026-08-16,Y,2026-08-13,MOCKLOAD,2026-09-12 23:05:02
1003,503,100304004,2026-08-14,100304,107,2026-08-14,4,178.51,OI,16,62,11067.62,706.11,10031,2026-08-16,Y,2026-08-14,MOCKLOAD,2026-09-12 23:05:02
1003,503,100304005,2026-08-15,100304,109,2026-08-15,5,99.77,OI,17,37,3691.49,235.52,10031,2026-08-16,Y,2026-08-15,MOCKLOAD,2026-09-12 23:05:02
1003,503,100304006,2026-08-16,100304,107,2026-08-16,6,293.83,OI,12,55,16160.65,1031.05,10031,2026-08-16,Y,2026-08-16,MOCKLOAD,2026-09-12 23:05:02
1003,503,100304007,2026-08-17,100304,110,2026-08-17,7,193.06,OI,10,53,10232.18,652.81,10032,2026-08-22,Y,2026-08-17,MOCKLOAD,2026-09-12 23:05:02
1003,503,100304008,2026-08-18,100304,103,2026-08-18,8,97.03,OI,26,57,5530.71,352.86,10032,2026-08-22,Y,2026-08-18,MOCKLOAD,2026-09-12 23:05:02
1003,503,100304009,2026-08-19,100304,109,2026-08-19,9,446.42,OI,17,53,23660.26,1509.52,10032,2026-08-22,Y,2026-08-19,MOCKLOAD,2026-09-12 23:05:02
1003,503,100304010,2026-08-20,100304,119,2026-08-20,10,184.24,OI,20,26,4790.24,305.62,10032,2026-08-22,Y,2026-08-20,MOCKLOAD,2026-09-12 23:05:02
1003,503,100304011,2026-08-21,100304,114,2026-08-21,11,257.07,OI,23,45,11568.15,738.05,10032,2026-08-22,Y,2026-08-21,MOCKLOAD,2026-09-12 23:05:02
1003,503,100304012,2026-08-22,100304,107,2026-08-22,12,154.3,OI,16,7,1080.1,68.91,10032,2026-08-22,Y,2026-08-22,MOCKLOAD,2026-09-12 23:05:02
1003,503,100304013,2026-08-23,100304,108,2026-08-23,13,381.58,OI,14,14,5342.12,340.83,10033,2026-08-28,Y,2026-08-23,MOCKLOAD,2026-09-12 23:05:02
1003,503,100304014,2026-08-24,100304,108,2026-08-24,14,488.13,OI,26,57,27823.41,1775.13,10033,2026-08-28,Y,2026-08-24,MOCKLOAD,2026-09-12 23:05:02
1003,503,100304015,2026-08-25,100304,111,2026-08-25,15,46.75,OI,10,70,3272.5,208.79,10033,2026-08-28,Y,2026-08-25,MOCKLOAD,2026-09-12 23:05:02
1003,503,100304016,2026-08-26,100304,114,2026-08-26,16,43.7,OI,28,14,611.8,39.03,10033,2026-08-28,Y,2026-08-26,MOCKLOAD,2026-09-12 23:05:02
1003,503,100304017,2026-08-27,100304,104,2026-08-27,17,365.46,OI,20,20,7309.2,466.33,10033,2026-08-28,Y,2026-08-27,MOCKLOAD,2026-09-12 23:05:02
1003,503,100304018,2026-08-28,100304,112,2026-08-28,18,311.62,OI,16,86,26799.32,1709.8,10033,2026-08-28,Y,2026-08-28,MOCKLOAD,2026-09-12 23:05:02
1003,503,100304019,2026-08-29,100304,112,2026-08-29,19,179.24,OI,14,36,6452.64,411.68,10034,2026-09-03,Y,2026-08-29,MOCKLOAD,2026-09-12 23:05:02
1003,503,100304020,2026-08-30,100304,111,2026-08-30,20,271.72,OI,25,22,5977.84,381.39,10034,2026-09-03,Y,2026-08-30,MOCKLOAD,2026-09-12 23:05:02
1003,503,100304021,2026-08-31,100304,105,2026-08-31,21,293.73,OI,25,7,2056.11,131.18,10034,2026-09-03,Y,2026-08-31,MOCKLOAD,2026-09-12 23:05:02
1003,503,100304022,2026-09-01,100304,101,2026-09-01,22,29.29,OI,10,73,2138.17,136.42,10034,2026-09-03,Y,2026-09-01,MOCKLOAD,2026-09-12 23:05:02
1003,503,100304023,2026-09-02,100304,118,2026-09-02,23,342.24,OI,12,93,31828.32,2030.65,10034,2026-09-03,Y,2026-09-02,MOCKLOAD,2026-09-12 23:05:02
1003,503,100304024,2026-09-03,100304,111,2026-09-03,24,418.59,OI,22,35,14650.65,934.71,10034,2026-09-03,Y,2026-09-03,MOCKLOAD,2026-09-12 23:05:02
1003,503,100304025,2026-09-04,100304,118,2026-09-04,25,196.13,OI,17,99,19416.87,1238.8,10035,2026-09-09,Y,2026-09-04,MOCKLOAD,2026-09-12 23:05:02
1003,503,100304026,2026-09-05,100304,111,2026-09-05,26,499.97,OI,13,96,47997.12,3062.22,10035,2026-09-09,Y,2026-09-05,MOCKLOAD,2026-09-12 23:05:02
1003,503,100304027,2026-09-06,100304,106,2026-09-06,27,239.05,OI,29,68,16255.4,1037.09,10035,2026-09-09,Y,2026-09-06,MOCKLOAD,2026-09-12 23:05:02
1003,503,100304028,2026-09-07,100304,114,2026-09-07,28,92.09,OI,12,62,5709.58,364.27,10035,2026-09-09,Y,2026-09-07,MOCKLOAD,2026-09-12 23:05:02
1003,503,100304029,2026-09-08,100304,106,2026-09-08,29,345.08,OI,19,39,13458.12,858.63,10035,2026-09-09,Y,2026-09-08,MOCKLOAD,2026-09-12 23:05:02
1003,503,100304030,2026-09-09,100304,117,2026-09-09,30,88.88,OI,15,2,177.76,11.34,10035,2026-09-09,Y,2026-09-09,MOCKLOAD,2026-09-12 23:05:02
1003,503,100305001,2026-08-11,100305,116,2026-08-11,1,436.25,OI,22,40,17450,1113.31,10031,2026-08-16,Y,2026-08-11,MOCKLOAD,2026-09-12 23:05:02
1003,503,100305002,2026-08-12,100305,102,2026-08-12,2,322.64,OI,12,29,9356.56,596.95,10031,2026-08-16,Y,2026-08-12,MOCKLOAD,2026-09-12 23:05:02
1003,503,100305003,2026-08-13,100305,116,2026-08-13,3,188.75,OI,13,28,5285,337.18,10031,2026-08-16,Y,2026-08-13,MOCKLOAD,2026-09-12 23:05:02
1003,503,100305004,2026-08-14,100305,119,2026-08-14,4,146.11,OI,16,75,10958.25,699.14,10031,2026-08-16,Y,2026-08-14,MOCKLOAD,2026-09-12 23:05:02
1003,503,100305005,2026-08-15,100305,113,2026-08-15,5,214.58,OI,16,77,16522.66,1054.15,10031,2026-08-16,Y,2026-08-15,MOCKLOAD,2026-09-12 23:05:02
1003,503,100305006,2026-08-16,100305,110,2026-08-16,6,59.53,OI,28,30,1785.9,113.94,10031,2026-08-16,Y,2026-08-16,MOCKLOAD,2026-09-12 23:05:02
1003,503,100305007,2026-08-17,100305,115,2026-08-17,7,256.94,OI,16,31,7965.14,508.18,10032,2026-08-22,Y,2026-08-17,MOCKLOAD,2026-09-12 23:05:02
1003,503,100305008,2026-08-18,100305,113,2026-08-18,8,485.46,OI,18,47,22816.62,1455.7,10032,2026-08-22,Y,2026-08-18,MOCKLOAD,2026-09-12 23:05:02
1003,503,100305009,2026-08-19,100305,116,2026-08-19,9,225.7,OI,19,48,10833.6,691.18,10032,2026-08-22,Y,2026-08-19,MOCKLOAD,2026-09-12 23:05:02
1003,503,100305010,2026-08-20,100305,110,2026-08-20,10,303.74,OI,22,27,8200.98,523.22,10032,2026-08-22,Y,2026-08-20,MOCKLOAD,2026-09-12 23:05:02
1003,503,100305011,2026-08-21,100305,106,2026-08-21,11,446.24,OI,10,41,18295.84,1167.27,10032,2026-08-22,Y,2026-08-21,MOCKLOAD,2026-09-12 23:05:02
1003,503,100305012,2026-08-22,100305,118,2026-08-22,12,100.89,OI,21,84,8474.76,540.69,10032,2026-08-22,Y,2026-08-22,MOCKLOAD,2026-09-12 23:05:02
1003,503,100305013,2026-08-23,100305,110,2026-08-23,13,21.18,OI,11,40,847.2,54.05,10033,2026-08-28,Y,2026-08-23,MOCKLOAD,2026-09-12 23:05:02
1003,503,100305014,2026-08-24,100305,116,2026-08-24,14,192.22,OI,16,49,9418.78,600.92,10033,2026-08-28,Y,2026-08-24,MOCKLOAD,2026-09-12 23:05:02
1003,503,100305015,2026-08-25,100305,111,2026-08-25,15,299.94,OI,13,91,27294.54,1741.39,10033,2026-08-28,Y,2026-08-25,MOCKLOAD,2026-09-12 23:05:02
1003,503,100305016,2026-08-26,100305,114,2026-08-26,16,85.82,OI,25,82,7037.24,448.98,10033,2026-08-28,Y,2026-08-26,MOCKLOAD,2026-09-12 23:05:02
1003,503,100305017,2026-08-27,100305,112,2026-08-27,17,462.87,OI,12,47,21754.89,1387.96,10033,2026-08-28,Y,2026-08-27,MOCKLOAD,2026-09-12 23:05:02
1003,503,100305018,2026-08-28,100305,105,2026-08-28,18,91.65,OI,10,22,2016.3,128.64,10033,2026-08-28,Y,2026-08-28,MOCKLOAD,2026-09-12 23:05:02
1003,503,100305019,2026-08-29,100305,106,2026-08-29,19,382.54,OI,14,53,20274.62,1293.52,10034,2026-09-03,Y,2026-08-29,MOCKLOAD,2026-09-12 23:05:02
1003,503,100305020,2026-08-30,100305,116,2026-08-30,20,220.21,OI,29,59,12992.39,828.91,10034,2026-09-03,Y,2026-08-30,MOCKLOAD,2026-09-12 23:05:02
1003,503,100305021,2026-08-31,100305,111,2026-08-31,21,34.6,OI,16,56,1937.6,123.62,10034,2026-09-03,Y,2026-08-31,MOCKLOAD,2026-09-12 23:05:02
1003,503,100305022,2026-09-01,100305,105,2026-09-01,22,38.71,OI,19,86,3329.06,212.39,10034,2026-09-03,Y,2026-09-01,MOCKLOAD,2026-09-12 23:05:02
1003,503,100305023,2026-09-02,100305,110,2026-09-02,23,202.46,OI,11,21,4251.66,271.26,10034,2026-09-03,Y,2026-09-02,MOCKLOAD,2026-09-12 23:05:02
1003,503,100305024,2026-09-03,100305,102,2026-09-03,24,285.05,OI,20,92,26224.6,1673.13,10034,2026-09-03,Y,2026-09-03,MOCKLOAD,2026-09-12 23:05:02
1003,503,100305025,2026-09-04,100305,109,2026-09-04,25,346.84,OI,28,53,18382.52,1172.8,10035,2026-09-09,Y,2026-09-04,MOCKLOAD,2026-09-12 23:05:02
1003,503,100305026,2026-09-05,100305,102,2026-09-05,26,212.35,OI,22,11,2335.85,149.03,10035,2026-09-09,Y,2026-09-05,MOCKLOAD,2026-09-12 23:05:02
1003,503,100305027,2026-09-06,100305,103,2026-09-06,27,308.09,OI,18,17,5237.53,334.15,10035,2026-09-09,Y,2026-09-06,MOCKLOAD,2026-09-12 23:05:02
1003,503,100305028,2026-09-07,100305,103,2026-09-07,28,301.1,OI,17,72,21679.2,1383.13,10035,2026-09-09,Y,2026-09-07,MOCKLOAD,2026-09-12 23:05:02
1003,503,100305029,2026-09-08,100305,102,2026-09-08,29,250.96,OI,21,54,13551.84,864.61,10035,2026-09-09,Y,2026-09-08,MOCKLOAD,2026-09-12 23:05:02
1003,503,100305030,2026-09-09,100305,110,2026-09-09,30,158.36,OI,27,28,4434.08,282.89,10035,2026-09-09,Y,2026-09-09,MOCKLOAD,2026-09-12 23:05:02
1003,503,100306001,2026-08-11,100306,118,2026-08-11,1,493.8,OI,19,68,33578.4,2142.3,10031,2026-08-16,Y,2026-08-11,MOCKLOAD,2026-09-12 23:05:02
1003,503,100306002,2026-08-12,100306,104,2026-08-12,2,253.72,OI,14,70,17760.4,1133.11,10031,2026-08-16,Y,2026-08-12,MOCKLOAD,2026-09-12 23:05:02
1003,503,100306003,2026-08-13,100306,103,2026-08-13,3,78.29,OI,29,4,313.16,19.98,10031,2026-08-16,Y,2026-08-13,MOCKLOAD,2026-09-12 23:05:02
1003,503,100306004,2026-08-14,100306,101,2026-08-14,4,77.01,OI,18,18,1386.18,88.44,10031,2026-08-16,Y,2026-08-14,MOCKLOAD,2026-09-12 23:05:02
1003,503,100306005,2026-08-15,100306,102,2026-08-15,5,235.15,OI,16,17,3997.55,255.04,10031,2026-08-16,Y,2026-08-15,MOCKLOAD,2026-09-12 23:05:02
1003,503,100306006,2026-08-16,100306,107,2026-08-16,6,469.58,OI,15,16,7513.28,479.35,10031,2026-08-16,Y,2026-08-16,MOCKLOAD,2026-09-12 23:05:02
1003,503,100306007,2026-08-17,100306,118,2026-08-17,7,95.7,OI,22,61,5837.7,372.45,10032,2026-08-22,Y,2026-08-17,MOCKLOAD,2026-09-12 23:05:02
1003,503,100306008,2026-08-18,100306,119,2026-08-18,8,66.62,OI,21,67,4463.54,284.77,10032,2026-08-22,Y,2026-08-18,MOCKLOAD,2026-09-12 23:05:02
1003,503,100306009,2026-08-19,100306,110,2026-08-19,9,203.94,OI,10,25,5098.5,325.28,10032,2026-08-22,Y,2026-08-19,MOCKLOAD,2026-09-12 23:05:02
1003,503,100306010,2026-08-20,100306,103,2026-08-20,10,305.42,OI,14,27,8246.34,526.12,10032,2026-08-22,Y,2026-08-20,MOCKLOAD,2026-09-12 23:05:02
1003,503,100306011,2026-08-21,100306,110,2026-08-21,11,238.17,OI,21,61,14528.37,926.91,10032,2026-08-22,Y,2026-08-21,MOCKLOAD,2026-09-12 23:05:02
1003,503,100306012,2026-08-22,100306,104,2026-08-22,12,96.57,OI,22,67,6470.19,412.8,10032,2026-08-22,Y,2026-08-22,MOCKLOAD,2026-09-12 23:05:02
1003,503,100306013,2026-08-23,100306,115,2026-08-23,13,83.89,OI,14,60,5033.4,321.13,10033,2026-08-28,Y,2026-08-23,MOCKLOAD,2026-09-12 23:05:02
1003,503,100306014,2026-08-24,100306,107,2026-08-24,14,209.76,OI,19,76,15941.76,1017.08,10033,2026-08-28,Y,2026-08-24,MOCKLOAD,2026-09-12 23:05:02
1003,503,100306015,2026-08-25,100306,119,2026-08-25,15,166.4,OI,23,60,9984,636.98,10033,2026-08-28,Y,2026-08-25,MOCKLOAD,2026-09-12 23:05:02
1003,503,100306016,2026-08-26,100306,120,2026-08-26,16,359.67,OI,25,40,14386.8,917.88,10033,2026-08-28,Y,2026-08-26,MOCKLOAD,2026-09-12 23:05:02
1003,503,100306017,2026-08-27,100306,102,2026-08-27,17,57.59,OI,23,81,4664.79,297.61,10033,2026-08-28,Y,2026-08-27,MOCKLOAD,2026-09-12 23:05:02
1003,503,100306018,2026-08-28,100306,109,2026-08-28,18,388.5,OI,20,85,33022.5,2106.84,10033,2026-08-28,Y,2026-08-28,MOCKLOAD,2026-09-12 23:05:02
1003,503,100306019,2026-08-29,100306,119,2026-08-29,19,300.33,OI,10,97,29132.01,1858.62,10034,2026-09-03,Y,2026-08-29,MOCKLOAD,2026-09-12 23:05:02
1003,503,100306020,2026-08-30,100306,118,2026-08-30,20,177.22,OI,13,59,10455.98,667.09,10034,2026-09-03,Y,2026-08-30,MOCKLOAD,2026-09-12 23:05:02
1003,503,100306021,2026-08-31,100306,105,2026-08-31,21,489.93,OI,22,59,28905.87,1844.19,10034,2026-09-03,Y,2026-08-31,MOCKLOAD,2026-09-12 23:05:02
1003,503,100306022,2026-09-01,100306,113,2026-09-01,22,141.29,OI,15,39,5510.31,351.56,10034,2026-09-03,Y,2026-09-01,MOCKLOAD,2026-09-12 23:05:02
1003,503,100306023,2026-09-02,100306,108,2026-09-02,23,473.21,OI,10,95,44954.95,2868.13,10034,2026-09-03,Y,2026-09-02,MOCKLOAD,2026-09-12 23:05:02
1003,503,100306024,2026-09-03,100306,115,2026-09-03,24,41.1,OI,29,18,739.8,47.2,10034,2026-09-03,Y,2026-09-03,MOCKLOAD,2026-09-12 23:05:02
1003,503,100306025,2026-09-04,100306,111,2026-09-04,25,39.67,OI,15,3,119.01,7.59,10035,2026-09-09,Y,2026-09-04,MOCKLOAD,2026-09-12 23:05:02
1003,503,100306026,2026-09-05,100306,110,2026-09-05,26,486.75,OI,26,53,25797.75,1645.9,10035,2026-09-09,Y,2026-09-05,MOCKLOAD,2026-09-12 23:05:02
1003,503,100306027,2026-09-06,100306,102,2026-09-06,27,419.39,OI,13,25,10484.75,668.93,10035,2026-09-09,Y,2026-09-06,MOCKLOAD,2026-09-12 23:05:02
1003,503,100306028,2026-09-07,100306,107,2026-09-07,28,40.05,OI,25,24,961.2,61.32,10035,2026-09-09,Y,2026-09-07,MOCKLOAD,2026-09-12 23:05:02
1003,503,100306029,2026-09-08,100306,110,2026-09-08,29,95.15,OI,10,84,7992.6,509.93,10035,2026-09-09,Y,2026-09-08,MOCKLOAD,2026-09-12 23:05:02
1003,503,100306030,2026-09-09,100306,117,2026-09-09,30,395.93,OI,25,97,38405.21,2450.25,10035,2026-09-09,Y,2026-09-09,MOCKLOAD,2026-09-12 23:05:02
1003,503,100307001,2026-08-11,100307,118,2026-08-11,1,130.23,OI,14,33,4297.59,274.19,10031,2026-08-16,Y,2026-08-11,MOCKLOAD,2026-09-12 23:05:02
1003,503,100307002,2026-08-12,100307,109,2026-08-12,2,260.33,OI,28,95,24731.35,1577.86,10031,2026-08-16,Y,2026-08-12,MOCKLOAD,2026-09-12 23:05:02
1003,503,100307003,2026-08-13,100307,106,2026-08-13,3,427.83,OI,12,10,4278.3,272.96,10031,2026-08-16,Y,2026-08-13,MOCKLOAD,2026-09-12 23:05:02
1003,503,100307004,2026-08-14,100307,108,2026-08-14,4,256.86,OI,22,63,16182.18,1032.42,10031,2026-08-16,Y,2026-08-14,MOCKLOAD,2026-09-12 23:05:02
1003,503,100307005,2026-08-15,100307,107,2026-08-15,5,103.01,OI,14,4,412.04,26.29,10031,2026-08-16,Y,2026-08-15,MOCKLOAD,2026-09-12 23:05:02
1003,503,100307006,2026-08-16,100307,103,2026-08-16,6,224.76,OI,25,78,17531.28,1118.5,10031,2026-08-16,Y,2026-08-16,MOCKLOAD,2026-09-12 23:05:02
1003,503,100307007,2026-08-17,100307,118,2026-08-17,7,32.4,OI,27,23,745.2,47.54,10032,2026-08-22,Y,2026-08-17,MOCKLOAD,2026-09-12 23:05:02
1003,503,100307008,2026-08-18,100307,116,2026-08-18,8,320.45,OI,25,48,15381.6,981.35,10032,2026-08-22,Y,2026-08-18,MOCKLOAD,2026-09-12 23:05:02
1003,503,100307009,2026-08-19,100307,107,2026-08-19,9,169.28,OI,28,54,9141.12,583.2,10032,2026-08-22,Y,2026-08-19,MOCKLOAD,2026-09-12 23:05:02
1003,503,100307010,2026-08-20,100307,118,2026-08-20,10,395.79,OI,17,17,6728.43,429.27,10032,2026-08-22,Y,2026-08-20,MOCKLOAD,2026-09-12 23:05:02
1003,503,100307011,2026-08-21,100307,107,2026-08-21,11,121.43,OI,13,1,121.43,7.75,10032,2026-08-22,Y,2026-08-21,MOCKLOAD,2026-09-12 23:05:02
1003,503,100307012,2026-08-22,100307,112,2026-08-22,12,277.68,OI,13,32,8885.76,566.91,10032,2026-08-22,Y,2026-08-22,MOCKLOAD,2026-09-12 23:05:02
1003,503,100307013,2026-08-23,100307,103,2026-08-23,13,399.81,OI,17,3,1199.43,76.52,10033,2026-08-28,Y,2026-08-23,MOCKLOAD,2026-09-12 23:05:02
1003,503,100307014,2026-08-24,100307,113,2026-08-24,14,217.72,OI,21,53,11539.16,736.2,10033,2026-08-28,Y,2026-08-24,MOCKLOAD,2026-09-12 23:05:02
1003,503,100307015,2026-08-25,100307,120,2026-08-25,15,72.62,OI,15,1,72.62,4.63,10033,2026-08-28,Y,2026-08-25,MOCKLOAD,2026-09-12 23:05:02
1003,503,100307016,2026-08-26,100307,116,2026-08-26,16,355.38,OI,27,29,10306.02,657.52,10033,2026-08-28,Y,2026-08-26,MOCKLOAD,2026-09-12 23:05:02
1003,503,100307017,2026-08-27,100307,119,2026-08-27,17,292.6,OI,25,84,24578.4,1568.1,10033,2026-08-28,Y,2026-08-27,MOCKLOAD,2026-09-12 23:05:02
1003,503,100307018,2026-08-28,100307,104,2026-08-28,18,444.18,OI,26,85,37755.3,2408.79,10033,2026-08-28,Y,2026-08-28,MOCKLOAD,2026-09-12 23:05:02
1003,503,100307019,2026-08-29,100307,106,2026-08-29,19,45.07,OI,28,46,2073.22,132.27,10034,2026-09-03,Y,2026-08-29,MOCKLOAD,2026-09-12 23:05:02
1003,503,100307020,2026-08-30,100307,116,2026-08-30,20,345.2,OI,27,5,1726,110.12,10034,2026-09-03,Y,2026-08-30,MOCKLOAD,2026-09-12 23:05:02
1003,503,100307021,2026-08-31,100307,102,2026-08-31,21,282.36,OI,21,26,7341.36,468.38,10034,2026-09-03,Y,2026-08-31,MOCKLOAD,2026-09-12 23:05:02
1003,503,100307022,2026-09-01,100307,106,2026-09-01,22,329.48,OI,19,26,8566.48,546.54,10034,2026-09-03,Y,2026-09-01,MOCKLOAD,2026-09-12 23:05:02
1003,503,100307023,2026-09-02,100307,115,2026-09-02,23,366.22,OI,15,4,1464.88,93.46,10034,2026-09-03,Y,2026-09-02,MOCKLOAD,2026-09-12 23:05:02
1003,503,100307024,2026-09-03,100307,111,2026-09-03,24,14.25,OI,25,41,584.25,37.28,10034,2026-09-03,Y,2026-09-03,MOCKLOAD,2026-09-12 23:05:02
1003,503,100307025,2026-09-04,100307,103,2026-09-04,25,238.77,OI,16,91,21728.07,1386.25,10035,2026-09-09,Y,2026-09-04,MOCKLOAD,2026-09-12 23:05:02
1003,503,100307026,2026-09-05,100307,102,2026-09-05,26,404.29,OI,28,14,5660.06,361.11,10035,2026-09-09,Y,2026-09-05,MOCKLOAD,2026-09-12 23:05:02
1003,503,100307027,2026-09-06,100307,116,2026-09-06,27,302.62,OI,17,13,3934.06,250.99,10035,2026-09-09,Y,2026-09-06,MOCKLOAD,2026-09-12 23:05:02
1003,503,100307028,2026-09-07,100307,116,2026-09-07,28,277.87,OI,14,99,27509.13,1755.08,10035,2026-09-09,Y,2026-09-07,MOCKLOAD,2026-09-12 23:05:02
1003,503,100307029,2026-09-08,100307,112,2026-09-08,29,37.6,OI,15,68,2556.8,163.12,10035,2026-09-09,Y,2026-09-08,MOCKLOAD,2026-09-12 23:05:02
1003,503,100307030,2026-09-09,100307,104,2026-09-09,30,101.85,OI,23,87,8860.95,565.33,10035,2026-09-09,Y,2026-09-09,MOCKLOAD,2026-09-12 23:05:02
1003,503,100308001,2026-08-11,100308,118,2026-08-11,1,244.98,OI,14,25,6124.5,390.74,10031,2026-08-16,Y,2026-08-11,MOCKLOAD,2026-09-12 23:05:02
1003,503,100308002,2026-08-12,100308,119,2026-08-12,2,356.52,OI,22,85,30304.2,1933.41,10031,2026-08-16,Y,2026-08-12,MOCKLOAD,2026-09-12 23:05:02
1003,503,100308003,2026-08-13,100308,113,2026-08-13,3,409.74,OI,13,62,25403.88,1620.77,10031,2026-08-16,Y,2026-08-13,MOCKLOAD,2026-09-12 23:05:02
1003,503,100308004,2026-08-14,100308,103,2026-08-14,4,43.62,OI,19,96,4187.52,267.16,10031,2026-08-16,Y,2026-08-14,MOCKLOAD,2026-09-12 23:05:02
1003,503,100308005,2026-08-15,100308,116,2026-08-15,5,27.6,OI,19,87,2401.2,153.2,10031,2026-08-16,Y,2026-08-15,MOCKLOAD,2026-09-12 23:05:02
1003,503,100308006,2026-08-16,100308,109,2026-08-16,6,54.54,OI,29,85,4635.9,295.77,10031,2026-08-16,Y,2026-08-16,MOCKLOAD,2026-09-12 23:05:02
1003,503,100308007,2026-08-17,100308,119,2026-08-17,7,259.1,OI,19,43,11141.3,710.81,10032,2026-08-22,Y,2026-08-17,MOCKLOAD,2026-09-12 23:05:02
1003,503,100308008,2026-08-18,100308,115,2026-08-18,8,308.07,OI,29,57,17559.99,1120.33,10032,2026-08-22,Y,2026-08-18,MOCKLOAD,2026-09-12 23:05:02
1003,503,100308009,2026-08-19,100308,102,2026-08-19,9,305.26,OI,27,67,20452.42,1304.86,10032,2026-08-22,Y,2026-08-19,MOCKLOAD,2026-09-12 23:05:02
1003,503,100308010,2026-08-20,100308,101,2026-08-20,10,86.49,OI,18,28,2421.72,154.51,10032,2026-08-22,Y,2026-08-20,MOCKLOAD,2026-09-12 23:05:02
1003,503,100308011,2026-08-21,100308,106,2026-08-21,11,197.92,OI,27,82,16229.44,1035.44,10032,2026-08-22,Y,2026-08-21,MOCKLOAD,2026-09-12 23:05:02
1003,503,100308012,2026-08-22,100308,101,2026-08-22,12,284.68,OI,23,59,16796.12,1071.59,10032,2026-08-22,Y,2026-08-22,MOCKLOAD,2026-09-12 23:05:02
1003,503,100308013,2026-08-23,100308,104,2026-08-23,13,145.85,OI,24,20,2917,186.1,10033,2026-08-28,Y,2026-08-23,MOCKLOAD,2026-09-12 23:05:02
1003,503,100308014,2026-08-24,100308,110,2026-08-24,14,55.28,OI,13,63,3482.64,222.19,10033,2026-08-28,Y,2026-08-24,MOCKLOAD,2026-09-12 23:05:02
1003,503,100308015,2026-08-25,100308,103,2026-08-25,15,346.94,OI,20,36,12489.84,796.85,10033,2026-08-28,Y,2026-08-25,MOCKLOAD,2026-09-12 23:05:02
1003,503,100308016,2026-08-26,100308,112,2026-08-26,16,149.15,OI,13,58,8650.7,551.91,10033,2026-08-28,Y,2026-08-26,MOCKLOAD,2026-09-12 23:05:02
1003,503,100308017,2026-08-27,100308,108,2026-08-27,17,441.94,OI,10,97,42868.18,2734.99,10033,2026-08-28,Y,2026-08-27,MOCKLOAD,2026-09-12 23:05:02
1003,503,100308018,2026-08-28,100308,111,2026-08-28,18,444.44,OI,14,22,9777.68,623.82,10033,2026-08-28,Y,2026-08-28,MOCKLOAD,2026-09-12 23:05:02
1003,503,100308019,2026-08-29,100308,107,2026-08-29,19,59.83,OI,19,57,3410.31,217.58,10034,2026-09-03,Y,2026-08-29,MOCKLOAD,2026-09-12 23:05:02
1003,503,100308020,2026-08-30,100308,111,2026-08-30,20,175.93,OI,11,39,6861.27,437.75,10034,2026-09-03,Y,2026-08-30,MOCKLOAD,2026-09-12 23:05:02
1003,503,100308021,2026-08-31,100308,102,2026-08-31,21,316.78,OI,24,4,1267.12,80.84,10034,2026-09-03,Y,2026-08-31,MOCKLOAD,2026-09-12 23:05:02
1003,503,100308022,2026-09-01,100308,107,2026-09-01,22,234.1,OI,18,95,22239.5,1418.88,10034,2026-09-03,Y,2026-09-01,MOCKLOAD,2026-09-12 23:05:02
1003,503,100308023,2026-09-02,100308,101,2026-09-02,23,210.49,OI,22,18,3788.82,241.73,10034,2026-09-03,Y,2026-09-02,MOCKLOAD,2026-09-12 23:05:02
1003,503,100308024,2026-09-03,100308,116,2026-09-03,24,435.07,OI,24,52,22623.64,1443.39,10034,2026-09-03,Y,2026-09-03,MOCKLOAD,2026-09-12 23:05:02
1003,503,100308025,2026-09-04,100308,104,2026-09-04,25,101.7,OI,25,90,9153,583.96,10035,2026-09-09,Y,2026-09-04,MOCKLOAD,2026-09-12 23:05:02
1003,503,100308026,2026-09-05,100308,112,2026-09-05,26,271.78,OI,28,46,12501.88,797.62,10035,2026-09-09,Y,2026-09-05,MOCKLOAD,2026-09-12 23:05:02
1003,503,100308027,2026-09-06,100308,108,2026-09-06,27,267.41,OI,10,60,16044.6,1023.65,10035,2026-09-09,Y,2026-09-06,MOCKLOAD,2026-09-12 23:05:02
1003,503,100308028,2026-09-07,100308,109,2026-09-07,28,91.4,OI,20,68,6215.2,396.53,10035,2026-09-09,Y,2026-09-07,MOCKLOAD,2026-09-12 23:05:02
1003,503,100308029,2026-09-08,100308,113,2026-09-08,29,271.34,OI,13,85,23063.9,1471.48,10035,2026-09-09,Y,2026-09-08,MOCKLOAD,2026-09-12 23:05:02
1003,503,100308030,2026-09-09,100308,111,2026-09-09,30,42.32,OI,18,50,2116,135,10035,2026-09-09,Y,2026-09-09,MOCKLOAD,2026-09-12 23:05:02
1003,503,100309001,2026-08-11,100309,114,2026-08-11,1,273.05,OI,14,44,12014.2,766.51,10031,2026-08-16,Y,2026-08-11,MOCKLOAD,2026-09-12 23:05:02
1003,503,100309002,2026-08-12,100309,104,2026-08-12,2,20.57,OI,18,15,308.55,19.69,10031,2026-08-16,Y,2026-08-12,MOCKLOAD,2026-09-12 23:05:02
1003,503,100309003,2026-08-13,100309,109,2026-08-13,3,395.26,OI,24,2,790.52,50.44,10031,2026-08-16,Y,2026-08-13,MOCKLOAD,2026-09-12 23:05:02
1003,503,100309004,2026-08-14,100309,103,2026-08-14,4,466.05,OI,25,4,1864.2,118.94,10031,2026-08-16,Y,2026-08-14,MOCKLOAD,2026-09-12 23:05:02
1003,503,100309005,2026-08-15,100309,113,2026-08-15,5,382.97,OI,18,9,3446.73,219.9,10031,2026-08-16,Y,2026-08-15,MOCKLOAD,2026-09-12 23:05:02
1003,503,100309006,2026-08-16,100309,116,2026-08-16,6,277.23,OI,14,67,18574.41,1185.05,10031,2026-08-16,Y,2026-08-16,MOCKLOAD,2026-09-12 23:05:02
1003,503,100309007,2026-08-17,100309,114,2026-08-17,7,329.32,OI,12,36,11855.52,756.38,10032,2026-08-22,Y,2026-08-17,MOCKLOAD,2026-09-12 23:05:02
1003,503,100309008,2026-08-18,100309,108,2026-08-18,8,117.92,OI,26,48,5660.16,361.12,10032,2026-08-22,Y,2026-08-18,MOCKLOAD,2026-09-12 23:05:02
1003,503,100309009,2026-08-19,100309,101,2026-08-19,9,412.63,OI,24,31,12791.53,816.1,10032,2026-08-22,Y,2026-08-19,MOCKLOAD,2026-09-12 23:05:02
1003,503,100309010,2026-08-20,100309,105,2026-08-20,10,207.09,OI,18,89,18431.01,1175.9,10032,2026-08-22,Y,2026-08-20,MOCKLOAD,2026-09-12 23:05:02
1003,503,100309011,2026-08-21,100309,109,2026-08-21,11,26.21,OI,28,97,2542.37,162.2,10032,2026-08-22,Y,2026-08-21,MOCKLOAD,2026-09-12 23:05:02
1003,503,100309012,2026-08-22,100309,108,2026-08-22,12,478.78,OI,20,27,12927.06,824.75,10032,2026-08-22,Y,2026-08-22,MOCKLOAD,2026-09-12 23:05:02
1003,503,100309013,2026-08-23,100309,108,2026-08-23,13,344.86,OI,19,43,14828.98,946.09,10033,2026-08-28,Y,2026-08-23,MOCKLOAD,2026-09-12 23:05:02
1003,503,100309014,2026-08-24,100309,109,2026-08-24,14,392.9,OI,21,58,22788.2,1453.89,10033,2026-08-28,Y,2026-08-24,MOCKLOAD,2026-09-12 23:05:02
1003,503,100309015,2026-08-25,100309,108,2026-08-25,15,166.37,OI,22,12,1996.44,127.37,10033,2026-08-28,Y,2026-08-25,MOCKLOAD,2026-09-12 23:05:02
1003,503,100309016,2026-08-26,100309,116,2026-08-26,16,87.48,OI,11,42,3674.16,234.41,10033,2026-08-28,Y,2026-08-26,MOCKLOAD,2026-09-12 23:05:02
1003,503,100309017,2026-08-27,100309,107,2026-08-27,17,20.64,OI,17,89,1836.96,117.2,10033,2026-08-28,Y,2026-08-27,MOCKLOAD,2026-09-12 23:05:02
1003,503,100309018,2026-08-28,100309,106,2026-08-28,18,489.13,OI,19,10,4891.3,312.06,10033,2026-08-28,Y,2026-08-28,MOCKLOAD,2026-09-12 23:05:02
1003,503,100309019,2026-08-29,100309,109,2026-08-29,19,279.01,OI,12,97,27063.97,1726.68,10034,2026-09-03,Y,2026-08-29,MOCKLOAD,2026-09-12 23:05:02
1003,503,100309020,2026-08-30,100309,110,2026-08-30,20,5.57,OI,10,52,289.64,18.48,10034,2026-09-03,Y,2026-08-30,MOCKLOAD,2026-09-12 23:05:02
1003,503,100309021,2026-08-31,100309,114,2026-08-31,21,400.94,OI,25,93,37287.42,2378.94,10034,2026-09-03,Y,2026-08-31,MOCKLOAD,2026-09-12 23:05:02
1003,503,100309022,2026-09-01,100309,113,2026-09-01,22,57.49,OI,22,36,2069.64,132.04,10034,2026-09-03,Y,2026-09-01,MOCKLOAD,2026-09-12 23:05:02
1003,503,100309023,2026-09-02,100309,101,2026-09-02,23,92.66,OI,12,45,4169.7,266.03,10034,2026-09-03,Y,2026-09-02,MOCKLOAD,2026-09-12 23:05:02
1003,503,100309024,2026-09-03,100309,113,2026-09-03,24,198.26,OI,23,55,10904.3,695.69,10034,2026-09-03,Y,2026-09-03,MOCKLOAD,2026-09-12 23:05:02
1003,503,100309025,2026-09-04,100309,114,2026-09-04,25,229.47,OI,26,45,10326.15,658.81,10035,2026-09-09,Y,2026-09-04,MOCKLOAD,2026-09-12 23:05:02
1003,503,100309026,2026-09-05,100309,119,2026-09-05,26,107.18,OI,14,60,6430.8,410.29,10035,2026-09-09,Y,2026-09-05,MOCKLOAD,2026-09-12 23:05:02
1003,503,100309027,2026-09-06,100309,106,2026-09-06,27,413.83,OI,28,89,36830.87,2349.81,10035,2026-09-09,Y,2026-09-06,MOCKLOAD,2026-09-12 23:05:02
1003,503,100309028,2026-09-07,100309,119,2026-09-07,28,323.04,OI,13,86,27781.44,1772.46,10035,2026-09-09,Y,2026-09-07,MOCKLOAD,2026-09-12 23:05:02
1003,503,100309029,2026-09-08,100309,109,2026-09-08,29,231.38,OI,17,94,21749.72,1387.63,10035,2026-09-09,Y,2026-09-08,MOCKLOAD,2026-09-12 23:05:02
1003,503,100309030,2026-09-09,100309,116,2026-09-09,30,143.75,OI,21,19,2731.25,174.25,10035,2026-09-09,Y,2026-09-09,MOCKLOAD,2026-09-12 23:05:02
1003,503,100310001,2026-08-11,100310,106,2026-08-11,1,276.79,OI,14,60,16607.4,1059.55,10031,2026-08-16,Y,2026-08-11,MOCKLOAD,2026-09-12 23:05:02
1003,503,100310002,2026-08-12,100310,120,2026-08-12,2,429.43,OI,14,86,36930.98,2356.2,10031,2026-08-16,Y,2026-08-12,MOCKLOAD,2026-09-12 23:05:02
1003,503,100310003,2026-08-13,100310,109,2026-08-13,3,231.57,OI,11,76,17599.32,1122.84,10031,2026-08-16,Y,2026-08-13,MOCKLOAD,2026-09-12 23:05:02
1003,503,100310004,2026-08-14,100310,111,2026-08-14,4,331.71,OI,21,95,31512.45,2010.49,10031,2026-08-16,Y,2026-08-14,MOCKLOAD,2026-09-12 23:05:02
1003,503,100310005,2026-08-15,100310,112,2026-08-15,5,445.52,OI,29,95,42324.4,2700.3,10031,2026-08-16,Y,2026-08-15,MOCKLOAD,2026-09-12 23:05:02
1003,503,100310006,2026-08-16,100310,114,2026-08-16,6,182.24,OI,25,21,3827.04,244.17,10031,2026-08-16,Y,2026-08-16,MOCKLOAD,2026-09-12 23:05:02
1003,503,100310007,2026-08-17,100310,110,2026-08-17,7,338.34,OI,19,95,32142.3,2050.68,10032,2026-08-22,Y,2026-08-17,MOCKLOAD,2026-09-12 23:05:02
1003,503,100310008,2026-08-18,100310,118,2026-08-18,8,156.37,OI,25,64,10007.68,638.49,10032,2026-08-22,Y,2026-08-18,MOCKLOAD,2026-09-12 23:05:02
1003,503,100310009,2026-08-19,100310,105,2026-08-19,9,147.34,OI,17,13,1915.42,122.2,10032,2026-08-22,Y,2026-08-19,MOCKLOAD,2026-09-12 23:05:02
1003,503,100310010,2026-08-20,100310,105,2026-08-20,10,133.58,OI,13,81,10819.98,690.31,10032,2026-08-22,Y,2026-08-20,MOCKLOAD,2026-09-12 23:05:02
1003,503,100310011,2026-08-21,100310,103,2026-08-21,11,362.1,OI,29,9,3258.9,207.92,10032,2026-08-22,Y,2026-08-21,MOCKLOAD,2026-09-12 23:05:02
1003,503,100310012,2026-08-22,100310,104,2026-08-22,12,27.1,OI,22,31,840.1,53.6,10032,2026-08-22,Y,2026-08-22,MOCKLOAD,2026-09-12 23:05:02
1003,503,100310013,2026-08-23,100310,116,2026-08-23,13,119.18,OI,16,52,6197.36,395.39,10033,2026-08-28,Y,2026-08-23,MOCKLOAD,2026-09-12 23:05:02
1003,503,100310014,2026-08-24,100310,112,2026-08-24,14,270.22,OI,19,95,25670.9,1637.8,10033,2026-08-28,Y,2026-08-24,MOCKLOAD,2026-09-12 23:05:02
1003,503,100310015,2026-08-25,100310,110,2026-08-25,15,136.65,OI,15,10,1366.5,87.18,10033,2026-08-28,Y,2026-08-25,MOCKLOAD,2026-09-12 23:05:02
1003,503,100310016,2026-08-26,100310,103,2026-08-26,16,139.97,OI,23,40,5598.8,357.2,10033,2026-08-28,Y,2026-08-26,MOCKLOAD,2026-09-12 23:05:02
1003,503,100310017,2026-08-27,100310,104,2026-08-27,17,495.12,OI,21,91,45055.92,2874.57,10033,2026-08-28,Y,2026-08-27,MOCKLOAD,2026-09-12 23:05:02
1003,503,100310018,2026-08-28,100310,113,2026-08-28,18,156.75,OI,26,81,12696.75,810.05,10033,2026-08-28,Y,2026-08-28,MOCKLOAD,2026-09-12 23:05:02
1003,503,100310019,2026-08-29,100310,115,2026-08-29,19,243.83,OI,20,13,3169.79,202.23,10034,2026-09-03,Y,2026-08-29,MOCKLOAD,2026-09-12 23:05:02
1003,503,100310020,2026-08-30,100310,106,2026-08-30,20,175.96,OI,10,65,11437.4,729.71,10034,2026-09-03,Y,2026-08-30,MOCKLOAD,2026-09-12 23:05:02
1003,503,100310021,2026-08-31,100310,102,2026-08-31,21,451.27,OI,12,42,18953.34,1209.22,10034,2026-09-03,Y,2026-08-31,MOCKLOAD,2026-09-12 23:05:02
1003,503,100310022,2026-09-01,100310,107,2026-09-01,22,48.99,OI,18,77,3772.23,240.67,10034,2026-09-03,Y,2026-09-01,MOCKLOAD,2026-09-12 23:05:02
1003,503,100310023,2026-09-02,100310,103,2026-09-02,23,16.07,OI,16,79,1269.53,81,10034,2026-09-03,Y,2026-09-02,MOCKLOAD,2026-09-12 23:05:02
1003,503,100310024,2026-09-03,100310,111,2026-09-03,24,389.62,OI,20,70,27273.4,1740.04,10034,2026-09-03,Y,2026-09-03,MOCKLOAD,2026-09-12 23:05:02
1003,503,100310025,2026-09-04,100310,118,2026-09-04,25,47.09,OI,23,94,4426.46,282.41,10035,2026-09-09,Y,2026-09-04,MOCKLOAD,2026-09-12 23:05:02
1003,503,100310026,2026-09-05,100310,119,2026-09-05,26,371.47,OI,11,41,15230.27,971.69,10035,2026-09-09,Y,2026-09-05,MOCKLOAD,2026-09-12 23:05:02
1003,503,100310027,2026-09-06,100310,117,2026-09-06,27,368.98,OI,24,60,22138.8,1412.46,10035,2026-09-09,Y,2026-09-06,MOCKLOAD,2026-09-12 23:05:02
1003,503,100310028,2026-09-07,100310,108,2026-09-07,28,332.51,OI,21,39,12967.89,827.35,10035,2026-09-09,Y,2026-09-07,MOCKLOAD,2026-09-12 23:05:02
1003,503,100310029,2026-09-08,100310,116,2026-09-08,29,288.69,OI,23,68,19630.92,1252.45,10035,2026-09-09,Y,2026-09-08,MOCKLOAD,2026-09-12 23:05:02
1003,503,100310030,2026-09-09,100310,103,2026-09-09,30,7.76,OI,24,7,54.32,3.47,10035,2026-09-09,Y,2026-09-09,MOCKLOAD,2026-09-12 23:05:02
1004,504,100401001,2026-08-11,100401,115,2026-08-11,1,412.28,SC,15,41,16903.48,2234.64,10041,2026-08-16,Y,2026-08-11,MOCKLOAD,2026-09-12 23:05:02
1004,504,100401002,2026-08-12,100401,111,2026-08-12,2,115.64,SC,18,9,1040.76,137.59,10041,2026-08-16,Y,2026-08-12,MOCKLOAD,2026-09-12 23:05:02
1004,504,100401003,2026-08-13,100401,116,2026-08-13,3,122.45,SC,12,16,1959.2,259.01,10041,2026-08-16,Y,2026-08-13,MOCKLOAD,2026-09-12 23:05:02
1004,504,100401004,2026-08-14,100401,106,2026-08-14,4,86.26,SC,27,90,7763.4,1026.32,10041,2026-08-16,Y,2026-08-14,MOCKLOAD,2026-09-12 23:05:02
1004,504,100401005,2026-08-15,100401,115,2026-08-15,5,287.93,SC,24,11,3167.23,418.71,10041,2026-08-16,Y,2026-08-15,MOCKLOAD,2026-09-12 23:05:02
1004,504,100401006,2026-08-16,100401,107,2026-08-16,6,124.13,SC,11,35,4344.55,574.35,10041,2026-08-16,Y,2026-08-16,MOCKLOAD,2026-09-12 23:05:02
1004,504,100401007,2026-08-17,100401,114,2026-08-17,7,248.34,SC,28,80,19867.2,2626.44,10042,2026-08-22,Y,2026-08-17,MOCKLOAD,2026-09-12 23:05:02
1004,504,100401008,2026-08-18,100401,105,2026-08-18,8,410.85,SC,11,84,34511.4,4562.41,10042,2026-08-22,Y,2026-08-18,MOCKLOAD,2026-09-12 23:05:02
1004,504,100401009,2026-08-19,100401,112,2026-08-19,9,317.08,SC,25,79,25049.32,3311.52,10042,2026-08-22,Y,2026-08-19,MOCKLOAD,2026-09-12 23:05:02
1004,504,100401010,2026-08-20,100401,112,2026-08-20,10,126.4,SC,23,42,5308.8,701.82,10042,2026-08-22,Y,2026-08-20,MOCKLOAD,2026-09-12 23:05:02
1004,504,100401011,2026-08-21,100401,120,2026-08-21,11,373.1,SC,15,81,30221.1,3995.23,10042,2026-08-22,Y,2026-08-21,MOCKLOAD,2026-09-12 23:05:02
1004,504,100401012,2026-08-22,100401,115,2026-08-22,12,353.85,SC,20,89,31492.65,4163.33,10042,2026-08-22,Y,2026-08-22,MOCKLOAD,2026-09-12 23:05:02
1004,504,100401013,2026-08-23,100401,102,2026-08-23,13,358.07,SC,13,63,22558.41,2982.22,10043,2026-08-28,Y,2026-08-23,MOCKLOAD,2026-09-12 23:05:02
1004,504,100401014,2026-08-24,100401,120,2026-08-24,14,320.46,SC,23,85,27239.1,3601.01,10043,2026-08-28,Y,2026-08-24,MOCKLOAD,2026-09-12 23:05:02
1004,504,100401015,2026-08-25,100401,120,2026-08-25,15,343.44,SC,19,43,14767.92,1952.32,10043,2026-08-28,Y,2026-08-25,MOCKLOAD,2026-09-12 23:05:02
1004,504,100401016,2026-08-26,100401,104,2026-08-26,16,79.27,SC,23,87,6896.49,911.72,10043,2026-08-28,Y,2026-08-26,MOCKLOAD,2026-09-12 23:05:02
1004,504,100401017,2026-08-27,100401,105,2026-08-27,17,374.39,SC,11,59,22089.01,2920.17,10043,2026-08-28,Y,2026-08-27,MOCKLOAD,2026-09-12 23:05:02
1004,504,100401018,2026-08-28,100401,107,2026-08-28,18,297.3,SC,20,92,27351.6,3615.88,10043,2026-08-28,Y,2026-08-28,MOCKLOAD,2026-09-12 23:05:02
1004,504,100401019,2026-08-29,100401,113,2026-08-29,19,106.89,SC,13,2,213.78,28.26,10044,2026-09-03,Y,2026-08-29,MOCKLOAD,2026-09-12 23:05:02
1004,504,100401020,2026-08-30,100401,108,2026-08-30,20,369.19,SC,17,94,34703.86,4587.85,10044,2026-09-03,Y,2026-08-30,MOCKLOAD,2026-09-12 23:05:02
1004,504,100401021,2026-08-31,100401,107,2026-08-31,21,303.25,SC,29,79,23956.75,3167.08,10044,2026-09-03,Y,2026-08-31,MOCKLOAD,2026-09-12 23:05:02
1004,504,100401022,2026-09-01,100401,120,2026-09-01,22,120.29,SC,28,81,9743.49,1288.09,10044,2026-09-03,Y,2026-09-01,MOCKLOAD,2026-09-12 23:05:02
1004,504,100401023,2026-09-02,100401,109,2026-09-02,23,208.85,SC,12,74,15454.9,2043.14,10044,2026-09-03,Y,2026-09-02,MOCKLOAD,2026-09-12 23:05:02
1004,504,100401024,2026-09-03,100401,104,2026-09-03,24,127.41,SC,29,83,10575.03,1398.02,10044,2026-09-03,Y,2026-09-03,MOCKLOAD,2026-09-12 23:05:02
1004,504,100401025,2026-09-04,100401,107,2026-09-04,25,457.21,SC,21,27,12344.67,1631.97,10045,2026-09-09,Y,2026-09-04,MOCKLOAD,2026-09-12 23:05:02
1004,504,100401026,2026-09-05,100401,111,2026-09-05,26,265.98,SC,16,73,19416.54,2566.87,10045,2026-09-09,Y,2026-09-05,MOCKLOAD,2026-09-12 23:05:02
1004,504,100401027,2026-09-06,100401,102,2026-09-06,27,175.67,SC,17,3,527.01,69.67,10045,2026-09-09,Y,2026-09-06,MOCKLOAD,2026-09-12 23:05:02
1004,504,100401028,2026-09-07,100401,114,2026-09-07,28,419.84,SC,21,41,17213.44,2275.62,10045,2026-09-09,Y,2026-09-07,MOCKLOAD,2026-09-12 23:05:02
1004,504,100401029,2026-09-08,100401,118,2026-09-08,29,499.68,SC,10,65,32479.2,4293.75,10045,2026-09-09,Y,2026-09-08,MOCKLOAD,2026-09-12 23:05:02
1004,504,100401030,2026-09-09,100401,111,2026-09-09,30,21.25,SC,23,32,680,89.9,10045,2026-09-09,Y,2026-09-09,MOCKLOAD,2026-09-12 23:05:02
1004,504,100402001,2026-08-11,100402,115,2026-08-11,1,255.18,SC,27,9,2296.62,303.61,10041,2026-08-16,Y,2026-08-11,MOCKLOAD,2026-09-12 23:05:02
1004,504,100402002,2026-08-12,100402,108,2026-08-12,2,170.15,SC,10,35,5955.25,787.28,10041,2026-08-16,Y,2026-08-12,MOCKLOAD,2026-09-12 23:05:02
1004,504,100402003,2026-08-13,100402,102,2026-08-13,3,159.75,SC,19,30,4792.5,633.57,10041,2026-08-16,Y,2026-08-13,MOCKLOAD,2026-09-12 23:05:02
1004,504,100402004,2026-08-14,100402,119,2026-08-14,4,435.49,SC,14,21,9145.29,1209.01,10041,2026-08-16,Y,2026-08-14,MOCKLOAD,2026-09-12 23:05:02
1004,504,100402005,2026-08-15,100402,109,2026-08-15,5,439.49,SC,24,41,18019.09,2382.12,10041,2026-08-16,Y,2026-08-15,MOCKLOAD,2026-09-12 23:05:02
1004,504,100402006,2026-08-16,100402,118,2026-08-16,6,415.5,SC,19,93,38641.5,5108.41,10041,2026-08-16,Y,2026-08-16,MOCKLOAD,2026-09-12 23:05:02
1004,504,100402007,2026-08-17,100402,120,2026-08-17,7,113.58,SC,25,70,7950.6,1051.07,10042,2026-08-22,Y,2026-08-17,MOCKLOAD,2026-09-12 23:05:02
1004,504,100402008,2026-08-18,100402,111,2026-08-18,8,96.29,SC,15,99,9532.71,1260.22,10042,2026-08-22,Y,2026-08-18,MOCKLOAD,2026-09-12 23:05:02
1004,504,100402009,2026-08-19,100402,118,2026-08-19,9,264.49,SC,28,19,5025.31,664.35,10042,2026-08-22,Y,2026-08-19,MOCKLOAD,2026-09-12 23:05:02
1004,504,100402010,2026-08-20,100402,105,2026-08-20,10,408.4,SC,19,93,37981.2,5021.11,10042,2026-08-22,Y,2026-08-20,MOCKLOAD,2026-09-12 23:05:02
1004,504,100402011,2026-08-21,100402,102,2026-08-21,11,288.53,SC,14,85,24525.05,3242.21,10042,2026-08-22,Y,2026-08-21,MOCKLOAD,2026-09-12 23:05:02
1004,504,100402012,2026-08-22,100402,105,2026-08-22,12,468.41,SC,26,98,45904.18,6068.53,10042,2026-08-22,Y,2026-08-22,MOCKLOAD,2026-09-12 23:05:02
1004,504,100402013,2026-08-23,100402,116,2026-08-23,13,32.87,SC,29,14,460.18,60.84,10043,2026-08-28,Y,2026-08-23,MOCKLOAD,2026-09-12 23:05:02
1004,504,100402014,2026-08-24,100402,102,2026-08-24,14,325.73,SC,26,82,26709.86,3531.04,10043,2026-08-28,Y,2026-08-24,MOCKLOAD,2026-09-12 23:05:02
1004,504,100402015,2026-08-25,100402,119,2026-08-25,15,141.44,SC,12,15,2121.6,280.48,10043,2026-08-28,Y,2026-08-25,MOCKLOAD,2026-09-12 23:05:02
1004,504,100402016,2026-08-26,100402,105,2026-08-26,16,200.25,SC,22,5,1001.25,132.37,10043,2026-08-28,Y,2026-08-26,MOCKLOAD,2026-09-12 23:05:02
1004,504,100402017,2026-08-27,100402,110,2026-08-27,17,97.04,SC,23,59,5725.36,756.89,10043,2026-08-28,Y,2026-08-27,MOCKLOAD,2026-09-12 23:05:02
1004,504,100402018,2026-08-28,100402,117,2026-08-28,18,437.17,SC,28,74,32350.58,4276.75,10043,2026-08-28,Y,2026-08-28,MOCKLOAD,2026-09-12 23:05:02
1004,504,100402019,2026-08-29,100402,106,2026-08-29,19,363.45,SC,23,66,23987.7,3171.17,10044,2026-09-03,Y,2026-08-29,MOCKLOAD,2026-09-12 23:05:02
1004,504,100402020,2026-08-30,100402,105,2026-08-30,20,368.82,SC,26,10,3688.2,487.58,10044,2026-09-03,Y,2026-08-30,MOCKLOAD,2026-09-12 23:05:02
1004,504,100402021,2026-08-31,100402,103,2026-08-31,21,104.03,SC,11,27,2808.81,371.32,10044,2026-09-03,Y,2026-08-31,MOCKLOAD,2026-09-12 23:05:02
1004,504,100402022,2026-09-01,100402,116,2026-09-01,22,431,SC,21,6,2586,341.87,10044,2026-09-03,Y,2026-09-01,MOCKLOAD,2026-09-12 23:05:02
1004,504,100402023,2026-09-02,100402,119,2026-09-02,23,325.05,SC,17,71,23078.55,3050.98,10044,2026-09-03,Y,2026-09-02,MOCKLOAD,2026-09-12 23:05:02
1004,504,100402024,2026-09-03,100402,105,2026-09-03,24,286.22,SC,15,65,18604.3,2459.49,10044,2026-09-03,Y,2026-09-03,MOCKLOAD,2026-09-12 23:05:02
1004,504,100402025,2026-09-04,100402,119,2026-09-04,25,405.26,SC,21,36,14589.36,1928.71,10045,2026-09-09,Y,2026-09-04,MOCKLOAD,2026-09-12 23:05:02
1004,504,100402026,2026-09-05,100402,106,2026-09-05,26,109.09,SC,28,16,1745.44,230.75,10045,2026-09-09,Y,2026-09-05,MOCKLOAD,2026-09-12 23:05:02
1004,504,100402027,2026-09-06,100402,120,2026-09-06,27,157.56,SC,25,88,13865.28,1832.99,10045,2026-09-09,Y,2026-09-06,MOCKLOAD,2026-09-12 23:05:02
1004,504,100402028,2026-09-07,100402,114,2026-09-07,28,285.16,SC,12,28,7984.48,1055.55,10045,2026-09-09,Y,2026-09-07,MOCKLOAD,2026-09-12 23:05:02
1004,504,100402029,2026-09-08,100402,106,2026-09-08,29,377.7,SC,12,53,20018.1,2646.39,10045,2026-09-09,Y,2026-09-08,MOCKLOAD,2026-09-12 23:05:02
1004,504,100402030,2026-09-09,100402,110,2026-09-09,30,316.95,SC,24,81,25672.95,3393.96,10045,2026-09-09,Y,2026-09-09,MOCKLOAD,2026-09-12 23:05:02
1004,504,100403001,2026-08-11,100403,107,2026-08-11,1,230.74,SC,29,29,6691.46,884.61,10041,2026-08-16,Y,2026-08-11,MOCKLOAD,2026-09-12 23:05:02
1004,504,100403002,2026-08-12,100403,104,2026-08-12,2,401.3,SC,20,26,10433.8,1379.35,10041,2026-08-16,Y,2026-08-12,MOCKLOAD,2026-09-12 23:05:02
1004,504,100403003,2026-08-13,100403,113,2026-08-13,3,168.82,SC,23,46,7765.72,1026.63,10041,2026-08-16,Y,2026-08-13,MOCKLOAD,2026-09-12 23:05:02
1004,504,100403004,2026-08-14,100403,108,2026-08-14,4,225.86,SC,11,43,9711.98,1283.92,10041,2026-08-16,Y,2026-08-14,MOCKLOAD,2026-09-12 23:05:02
1004,504,100403005,2026-08-15,100403,106,2026-08-15,5,289.28,SC,13,25,7232,956.07,10041,2026-08-16,Y,2026-08-15,MOCKLOAD,2026-09-12 23:05:02
1004,504,100403006,2026-08-16,100403,106,2026-08-16,6,397.37,SC,28,82,32584.34,4307.65,10041,2026-08-16,Y,2026-08-16,MOCKLOAD,2026-09-12 23:05:02
1004,504,100403007,2026-08-17,100403,109,2026-08-17,7,481.8,SC,17,77,37098.6,4904.43,10042,2026-08-22,Y,2026-08-17,MOCKLOAD,2026-09-12 23:05:02
1004,504,100403008,2026-08-18,100403,118,2026-08-18,8,275.46,SC,17,41,11293.86,1493.05,10042,2026-08-22,Y,2026-08-18,MOCKLOAD,2026-09-12 23:05:02
1004,504,100403009,2026-08-19,100403,120,2026-08-19,9,361.41,SC,21,53,19154.73,2532.26,10042,2026-08-22,Y,2026-08-19,MOCKLOAD,2026-09-12 23:05:02
1004,504,100403010,2026-08-20,100403,113,2026-08-20,10,206.89,SC,13,37,7654.93,1011.98,10042,2026-08-22,Y,2026-08-20,MOCKLOAD,2026-09-12 23:05:02
1004,504,100403011,2026-08-21,100403,103,2026-08-21,11,201.8,SC,27,41,8273.8,1093.8,10042,2026-08-22,Y,2026-08-21,MOCKLOAD,2026-09-12 23:05:02
1004,504,100403012,2026-08-22,100403,107,2026-08-22,12,438.14,SC,15,44,19278.16,2548.57,10042,2026-08-22,Y,2026-08-22,MOCKLOAD,2026-09-12 23:05:02
1004,504,100403013,2026-08-23,100403,103,2026-08-23,13,387.58,SC,28,65,25192.7,3330.47,10043,2026-08-28,Y,2026-08-23,MOCKLOAD,2026-09-12 23:05:02
1004,504,100403014,2026-08-24,100403,118,2026-08-24,14,74.02,SC,27,83,6143.66,812.19,10043,2026-08-28,Y,2026-08-24,MOCKLOAD,2026-09-12 23:05:02
1004,504,100403015,2026-08-25,100403,112,2026-08-25,15,133.64,SC,20,45,6013.8,795.02,10043,2026-08-28,Y,2026-08-25,MOCKLOAD,2026-09-12 23:05:02
1004,504,100403016,2026-08-26,100403,118,2026-08-26,16,476.52,SC,11,63,30020.76,3968.74,10043,2026-08-28,Y,2026-08-26,MOCKLOAD,2026-09-12 23:05:02
1004,504,100403017,2026-08-27,100403,108,2026-08-27,17,194.58,SC,26,85,16539.3,2186.5,10043,2026-08-28,Y,2026-08-27,MOCKLOAD,2026-09-12 23:05:02
1004,504,100403018,2026-08-28,100403,108,2026-08-28,18,17.11,SC,16,44,752.84,99.53,10043,2026-08-28,Y,2026-08-28,MOCKLOAD,2026-09-12 23:05:02
1004,504,100403019,2026-08-29,100403,114,2026-08-29,19,498.84,SC,19,32,15962.88,2110.29,10044,2026-09-03,Y,2026-08-29,MOCKLOAD,2026-09-12 23:05:02
1004,504,100403020,2026-08-30,100403,117,2026-08-30,20,195.38,SC,26,70,13676.6,1808.05,10044,2026-09-03,Y,2026-08-30,MOCKLOAD,2026-09-12 23:05:02
1004,504,100403021,2026-08-31,100403,116,2026-08-31,21,487.03,SC,15,67,32631.01,4313.82,10044,2026-09-03,Y,2026-08-31,MOCKLOAD,2026-09-12 23:05:02
1004,504,100403022,2026-09-01,100403,110,2026-09-01,22,275.81,SC,15,59,16272.79,2151.26,10044,2026-09-03,Y,2026-09-01,MOCKLOAD,2026-09-12 23:05:02
1004,504,100403023,2026-09-02,100403,109,2026-09-02,23,248.53,SC,21,59,14663.27,1938.48,10044,2026-09-03,Y,2026-09-02,MOCKLOAD,2026-09-12 23:05:02
1004,504,100403024,2026-09-03,100403,109,2026-09-03,24,39.59,SC,17,93,3681.87,486.74,10044,2026-09-03,Y,2026-09-03,MOCKLOAD,2026-09-12 23:05:02
1004,504,100403025,2026-09-04,100403,115,2026-09-04,25,291.03,SC,14,32,9312.96,1231.17,10045,2026-09-09,Y,2026-09-04,MOCKLOAD,2026-09-12 23:05:02
1004,504,100403026,2026-09-05,100403,106,2026-09-05,26,193.19,SC,13,20,3863.8,510.79,10045,2026-09-09,Y,2026-09-05,MOCKLOAD,2026-09-12 23:05:02
1004,504,100403027,2026-09-06,100403,120,2026-09-06,27,297.8,SC,13,33,9827.4,1299.18,10045,2026-09-09,Y,2026-09-06,MOCKLOAD,2026-09-12 23:05:02
1004,504,100403028,2026-09-07,100403,117,2026-09-07,28,406.12,SC,10,82,33301.84,4402.5,10045,2026-09-09,Y,2026-09-07,MOCKLOAD,2026-09-12 23:05:02
1004,504,100403029,2026-09-08,100403,118,2026-09-08,29,443.79,SC,22,5,2218.95,293.35,10045,2026-09-09,Y,2026-09-08,MOCKLOAD,2026-09-12 23:05:02
1004,504,100403030,2026-09-09,100403,109,2026-09-09,30,338.15,SC,16,11,3719.65,491.74,10045,2026-09-09,Y,2026-09-09,MOCKLOAD,2026-09-12 23:05:02
1004,504,100404001,2026-08-11,100404,103,2026-08-11,1,164.86,SC,18,76,12529.36,1656.38,10041,2026-08-16,Y,2026-08-11,MOCKLOAD,2026-09-12 23:05:02
1004,504,100404002,2026-08-12,100404,105,2026-08-12,2,79.59,SC,11,23,1830.57,242,10041,2026-08-16,Y,2026-08-12,MOCKLOAD,2026-09-12 23:05:02
1004,504,100404003,2026-08-13,100404,117,2026-08-13,3,457,SC,19,36,16452,2174.95,10041,2026-08-16,Y,2026-08-13,MOCKLOAD,2026-09-12 23:05:02
1004,504,100404004,2026-08-14,100404,115,2026-08-14,4,342.92,SC,13,3,1028.76,136,10041,2026-08-16,Y,2026-08-14,MOCKLOAD,2026-09-12 23:05:02
1004,504,100404005,2026-08-15,100404,113,2026-08-15,5,175.62,SC,23,69,12117.78,1601.97,10041,2026-08-16,Y,2026-08-15,MOCKLOAD,2026-09-12 23:05:02
1004,504,100404006,2026-08-16,100404,109,2026-08-16,6,493.77,SC,12,100,49377,6527.64,10041,2026-08-16,Y,2026-08-16,MOCKLOAD,2026-09-12 23:05:02
1004,504,100404007,2026-08-17,100404,109,2026-08-17,7,349.93,SC,29,16,5598.88,740.17,10042,2026-08-22,Y,2026-08-17,MOCKLOAD,2026-09-12 23:05:02
1004,504,100404008,2026-08-18,100404,108,2026-08-18,8,447.62,SC,25,53,23723.86,3136.29,10042,2026-08-22,Y,2026-08-18,MOCKLOAD,2026-09-12 23:05:02
1004,504,100404009,2026-08-19,100404,114,2026-08-19,9,151.95,SC,20,41,6229.95,823.6,10042,2026-08-22,Y,2026-08-19,MOCKLOAD,2026-09-12 23:05:02
1004,504,100404010,2026-08-20,100404,102,2026-08-20,10,492.6,SC,11,33,16255.8,2149.02,10042,2026-08-22,Y,2026-08-20,MOCKLOAD,2026-09-12 23:05:02
1004,504,100404011,2026-08-21,100404,110,2026-08-21,11,33.04,SC,27,87,2874.48,380.01,10042,2026-08-22,Y,2026-08-21,MOCKLOAD,2026-09-12 23:05:02
1004,504,100404012,2026-08-22,100404,102,2026-08-22,12,382.86,SC,12,100,38286,5061.41,10042,2026-08-22,Y,2026-08-22,MOCKLOAD,2026-09-12 23:05:02
1004,504,100404013,2026-08-23,100404,111,2026-08-23,13,283.88,SC,23,50,14194,1876.45,10043,2026-08-28,Y,2026-08-23,MOCKLOAD,2026-09-12 23:05:02
1004,504,100404014,2026-08-24,100404,110,2026-08-24,14,114.68,SC,13,41,4701.88,621.59,10043,2026-08-28,Y,2026-08-24,MOCKLOAD,2026-09-12 23:05:02
1004,504,100404015,2026-08-25,100404,111,2026-08-25,15,44.55,SC,29,68,3029.4,400.49,10043,2026-08-28,Y,2026-08-25,MOCKLOAD,2026-09-12 23:05:02
1004,504,100404016,2026-08-26,100404,105,2026-08-26,16,479.06,SC,27,82,39282.92,5193.2,10043,2026-08-28,Y,2026-08-26,MOCKLOAD,2026-09-12 23:05:02
1004,504,100404017,2026-08-27,100404,111,2026-08-27,17,93.01,SC,18,58,5394.58,713.16,10043,2026-08-28,Y,2026-08-27,MOCKLOAD,2026-09-12 23:05:02
1004,504,100404018,2026-08-28,100404,103,2026-08-28,18,186.88,SC,11,92,17192.96,2272.91,10043,2026-08-28,Y,2026-08-28,MOCKLOAD,2026-09-12 23:05:02
1004,504,100404019,2026-08-29,100404,115,2026-08-29,19,90.1,SC,26,49,4414.9,583.65,10044,2026-09-03,Y,2026-08-29,MOCKLOAD,2026-09-12 23:05:02
1004,504,100404020,2026-08-30,100404,110,2026-08-30,20,225.24,SC,12,17,3829.08,506.2,10044,2026-09-03,Y,2026-08-30,MOCKLOAD,2026-09-12 23:05:02
1004,504,100404021,2026-08-31,100404,105,2026-08-31,21,85.19,SC,25,85,7241.15,957.28,10044,2026-09-03,Y,2026-08-31,MOCKLOAD,2026-09-12 23:05:02
1004,504,100404022,2026-09-01,100404,117,2026-09-01,22,263.86,SC,17,63,16623.18,2197.58,10044,2026-09-03,Y,2026-09-01,MOCKLOAD,2026-09-12 23:05:02
1004,504,100404023,2026-09-02,100404,103,2026-09-02,23,214.96,SC,29,19,4084.24,539.94,10044,2026-09-03,Y,2026-09-02,MOCKLOAD,2026-09-12 23:05:02
1004,504,100404024,2026-09-03,100404,108,2026-09-03,24,448.06,SC,28,87,38981.22,5153.32,10044,2026-09-03,Y,2026-09-03,MOCKLOAD,2026-09-12 23:05:02
1004,504,100404025,2026-09-04,100404,115,2026-09-04,25,459.26,SC,19,20,9185.2,1214.28,10045,2026-09-09,Y,2026-09-04,MOCKLOAD,2026-09-12 23:05:02
1004,504,100404026,2026-09-05,100404,107,2026-09-05,26,26.47,SC,21,81,2144.07,283.45,10045,2026-09-09,Y,2026-09-05,MOCKLOAD,2026-09-12 23:05:02
1004,504,100404027,2026-09-06,100404,118,2026-09-06,27,251.64,SC,25,30,7549.2,998,10045,2026-09-09,Y,2026-09-06,MOCKLOAD,2026-09-12 23:05:02
1004,504,100404028,2026-09-07,100404,117,2026-09-07,28,36.37,SC,22,63,2291.31,302.91,10045,2026-09-09,Y,2026-09-07,MOCKLOAD,2026-09-12 23:05:02
1004,504,100404029,2026-09-08,100404,102,2026-09-08,29,434.19,SC,24,93,40379.67,5338.19,10045,2026-09-09,Y,2026-09-08,MOCKLOAD,2026-09-12 23:05:02
1004,504,100404030,2026-09-09,100404,103,2026-09-09,30,201.98,SC,10,11,2221.78,293.72,10045,2026-09-09,Y,2026-09-09,MOCKLOAD,2026-09-12 23:05:02
1004,504,100405001,2026-08-11,100405,114,2026-08-11,1,377.89,SC,22,67,25318.63,3347.12,10041,2026-08-16,Y,2026-08-11,MOCKLOAD,2026-09-12 23:05:02
1004,504,100405002,2026-08-12,100405,109,2026-08-12,2,54.97,SC,14,35,1923.95,254.35,10041,2026-08-16,Y,2026-08-12,MOCKLOAD,2026-09-12 23:05:02
1004,504,100405003,2026-08-13,100405,115,2026-08-13,3,445.57,SC,26,14,6237.98,824.66,10041,2026-08-16,Y,2026-08-13,MOCKLOAD,2026-09-12 23:05:02
1004,504,100405004,2026-08-14,100405,120,2026-08-14,4,40.06,SC,20,37,1482.22,195.95,10041,2026-08-16,Y,2026-08-14,MOCKLOAD,2026-09-12 23:05:02
1004,504,100405005,2026-08-15,100405,119,2026-08-15,5,206.56,SC,26,2,413.12,54.61,10041,2026-08-16,Y,2026-08-15,MOCKLOAD,2026-09-12 23:05:02
1004,504,100405006,2026-08-16,100405,101,2026-08-16,6,104.48,SC,25,18,1880.64,248.62,10041,2026-08-16,Y,2026-08-16,MOCKLOAD,2026-09-12 23:05:02
1004,504,100405007,2026-08-17,100405,104,2026-08-17,7,360.94,SC,25,74,26709.56,3531,10042,2026-08-22,Y,2026-08-17,MOCKLOAD,2026-09-12 23:05:02
1004,504,100405008,2026-08-18,100405,113,2026-08-18,8,318.93,SC,29,24,7654.32,1011.9,10042,2026-08-22,Y,2026-08-18,MOCKLOAD,2026-09-12 23:05:02
1004,504,100405009,2026-08-19,100405,108,2026-08-19,9,473.09,SC,15,78,36901.02,4878.31,10042,2026-08-22,Y,2026-08-19,MOCKLOAD,2026-09-12 23:05:02
1004,504,100405010,2026-08-20,100405,120,2026-08-20,10,55.94,SC,14,97,5426.18,717.34,10042,2026-08-22,Y,2026-08-20,MOCKLOAD,2026-09-12 23:05:02
1004,504,100405011,2026-08-21,100405,106,2026-08-21,11,335.11,SC,10,67,22452.37,2968.2,10042,2026-08-22,Y,2026-08-21,MOCKLOAD,2026-09-12 23:05:02
1004,504,100405012,2026-08-22,100405,101,2026-08-22,12,495.47,SC,16,36,17836.92,2358.04,10042,2026-08-22,Y,2026-08-22,MOCKLOAD,2026-09-12 23:05:02
1004,504,100405013,2026-08-23,100405,104,2026-08-23,13,137.1,SC,10,83,11379.3,1504.34,10043,2026-08-28,Y,2026-08-23,MOCKLOAD,2026-09-12 23:05:02
1004,504,100405014,2026-08-24,100405,114,2026-08-24,14,54.11,SC,27,65,3517.15,464.97,10043,2026-08-28,Y,2026-08-24,MOCKLOAD,2026-09-12 23:05:02
1004,504,100405015,2026-08-25,100405,104,2026-08-25,15,66.37,SC,12,30,1991.1,263.22,10043,2026-08-28,Y,2026-08-25,MOCKLOAD,2026-09-12 23:05:02
1004,504,100405016,2026-08-26,100405,119,2026-08-26,16,394.09,SC,29,17,6699.53,885.68,10043,2026-08-28,Y,2026-08-26,MOCKLOAD,2026-09-12 23:05:02
1004,504,100405017,2026-08-27,100405,103,2026-08-27,17,411.48,SC,23,65,26746.2,3535.85,10043,2026-08-28,Y,2026-08-27,MOCKLOAD,2026-09-12 23:05:02
1004,504,100405018,2026-08-28,100405,110,2026-08-28,18,157.51,SC,17,92,14490.92,1915.7,10043,2026-08-28,Y,2026-08-28,MOCKLOAD,2026-09-12 23:05:02
1004,504,100405019,2026-08-29,100405,110,2026-08-29,19,106.34,SC,15,5,531.7,70.29,10044,2026-09-03,Y,2026-08-29,MOCKLOAD,2026-09-12 23:05:02
1004,504,100405020,2026-08-30,100405,110,2026-08-30,20,312.59,SC,10,13,4063.67,537.22,10044,2026-09-03,Y,2026-08-30,MOCKLOAD,2026-09-12 23:05:02
1004,504,100405021,2026-08-31,100405,110,2026-08-31,21,446.19,SC,24,31,13831.89,1828.58,10044,2026-09-03,Y,2026-08-31,MOCKLOAD,2026-09-12 23:05:02
1004,504,100405022,2026-09-01,100405,103,2026-09-01,22,25.74,SC,20,81,2084.94,275.63,10044,2026-09-03,Y,2026-09-01,MOCKLOAD,2026-09-12 23:05:02
1004,504,100405023,2026-09-02,100405,103,2026-09-02,23,31.3,SC,21,24,751.2,99.31,10044,2026-09-03,Y,2026-09-02,MOCKLOAD,2026-09-12 23:05:02
1004,504,100405024,2026-09-03,100405,119,2026-09-03,24,430.85,SC,15,27,11632.95,1537.88,10044,2026-09-03,Y,2026-09-03,MOCKLOAD,2026-09-12 23:05:02
1004,504,100405025,2026-09-04,100405,116,2026-09-04,25,210.3,SC,18,19,3995.7,528.23,10045,2026-09-09,Y,2026-09-04,MOCKLOAD,2026-09-12 23:05:02
1004,504,100405026,2026-09-05,100405,109,2026-09-05,26,292.02,SC,18,89,25989.78,3435.85,10045,2026-09-09,Y,2026-09-05,MOCKLOAD,2026-09-12 23:05:02
1004,504,100405027,2026-09-06,100405,108,2026-09-06,27,336.96,SC,16,12,4043.52,534.55,10045,2026-09-09,Y,2026-09-06,MOCKLOAD,2026-09-12 23:05:02
1004,504,100405028,2026-09-07,100405,120,2026-09-07,28,424.53,SC,23,40,16981.2,2244.91,10045,2026-09-09,Y,2026-09-07,MOCKLOAD,2026-09-12 23:05:02
1004,504,100405029,2026-09-08,100405,103,2026-09-08,29,15.08,SC,28,56,844.48,111.64,10045,2026-09-09,Y,2026-09-08,MOCKLOAD,2026-09-12 23:05:02
1004,504,100405030,2026-09-09,100405,112,2026-09-09,30,383.93,SC,26,40,15357.2,2030.22,10045,2026-09-09,Y,2026-09-09,MOCKLOAD,2026-09-12 23:05:02
1004,504,100406001,2026-08-11,100406,101,2026-08-11,1,233.99,SC,24,77,18017.23,2381.88,10041,2026-08-16,Y,2026-08-11,MOCKLOAD,2026-09-12 23:05:02
1004,504,100406002,2026-08-12,100406,119,2026-08-12,2,36.81,SC,26,39,1435.59,189.78,10041,2026-08-16,Y,2026-08-12,MOCKLOAD,2026-09-12 23:05:02
1004,504,100406003,2026-08-13,100406,109,2026-08-13,3,207.97,SC,21,75,15597.75,2062.02,10041,2026-08-16,Y,2026-08-13,MOCKLOAD,2026-09-12 23:05:02
1004,504,100406004,2026-08-14,100406,106,2026-08-14,4,84.1,SC,28,41,3448.1,455.84,10041,2026-08-16,Y,2026-08-14,MOCKLOAD,2026-09-12 23:05:02
1004,504,100406005,2026-08-15,100406,120,2026-08-15,5,467.69,SC,18,94,43962.86,5811.89,10041,2026-08-16,Y,2026-08-15,MOCKLOAD,2026-09-12 23:05:02
1004,504,100406006,2026-08-16,100406,112,2026-08-16,6,376.44,SC,27,61,22962.84,3035.69,10041,2026-08-16,Y,2026-08-16,MOCKLOAD,2026-09-12 23:05:02
1004,504,100406007,2026-08-17,100406,117,2026-08-17,7,205.46,SC,15,93,19107.78,2526.05,10042,2026-08-22,Y,2026-08-17,MOCKLOAD,2026-09-12 23:05:02
1004,504,100406008,2026-08-18,100406,119,2026-08-18,8,464.98,SC,28,37,17204.26,2274.4,10042,2026-08-22,Y,2026-08-18,MOCKLOAD,2026-09-12 23:05:02
1004,504,100406009,2026-08-19,100406,119,2026-08-19,9,215.99,SC,18,42,9071.58,1199.26,10042,2026-08-22,Y,2026-08-19,MOCKLOAD,2026-09-12 23:05:02
1004,504,100406010,2026-08-20,100406,115,2026-08-20,10,222.9,SC,19,88,19615.2,2593.13,10042,2026-08-22,Y,2026-08-20,MOCKLOAD,2026-09-12 23:05:02
1004,504,100406011,2026-08-21,100406,103,2026-08-21,11,102.73,SC,22,61,6266.53,828.44,10042,2026-08-22,Y,2026-08-21,MOCKLOAD,2026-09-12 23:05:02
1004,504,100406012,2026-08-22,100406,112,2026-08-22,12,36.25,SC,23,58,2102.5,277.95,10042,2026-08-22,Y,2026-08-22,MOCKLOAD,2026-09-12 23:05:02
1004,504,100406013,2026-08-23,100406,109,2026-08-23,13,473.62,SC,13,58,27469.96,3631.53,10043,2026-08-28,Y,2026-08-23,MOCKLOAD,2026-09-12 23:05:02
1004,504,100406014,2026-08-24,100406,101,2026-08-24,14,477.26,SC,17,47,22431.22,2965.41,10043,2026-08-28,Y,2026-08-24,MOCKLOAD,2026-09-12 23:05:02
1004,504,100406015,2026-08-25,100406,101,2026-08-25,15,334.07,SC,18,9,3006.63,397.48,10043,2026-08-28,Y,2026-08-25,MOCKLOAD,2026-09-12 23:05:02
1004,504,100406016,2026-08-26,100406,115,2026-08-26,16,35.41,SC,14,2,70.82,9.36,10043,2026-08-28,Y,2026-08-26,MOCKLOAD,2026-09-12 23:05:02
1004,504,100406017,2026-08-27,100406,110,2026-08-27,17,211.84,SC,29,36,7626.24,1008.19,10043,2026-08-28,Y,2026-08-27,MOCKLOAD,2026-09-12 23:05:02
1004,504,100406018,2026-08-28,100406,103,2026-08-28,18,259.83,SC,14,11,2858.13,377.84,10043,2026-08-28,Y,2026-08-28,MOCKLOAD,2026-09-12 23:05:02
1004,504,100406019,2026-08-29,100406,108,2026-08-29,19,426.01,SC,18,59,25134.59,3322.79,10044,2026-09-03,Y,2026-08-29,MOCKLOAD,2026-09-12 23:05:02
1004,504,100406020,2026-08-30,100406,119,2026-08-30,20,227.94,SC,15,83,18919.02,2501.09,10044,2026-09-03,Y,2026-08-30,MOCKLOAD,2026-09-12 23:05:02
1004,504,100406021,2026-08-31,100406,105,2026-08-31,21,354.29,SC,29,60,21257.4,2810.23,10044,2026-09-03,Y,2026-08-31,MOCKLOAD,2026-09-12 23:05:02
1004,504,100406022,2026-09-01,100406,109,2026-09-01,22,208.55,SC,24,77,16058.35,2122.91,10044,2026-09-03,Y,2026-09-01,MOCKLOAD,2026-09-12 23:05:02
1004,504,100406023,2026-09-02,100406,109,2026-09-02,23,460.84,SC,12,57,26267.88,3472.61,10044,2026-09-03,Y,2026-09-02,MOCKLOAD,2026-09-12 23:05:02
1004,504,100406024,2026-09-03,100406,101,2026-09-03,24,319.32,SC,28,74,23629.68,3123.84,10044,2026-09-03,Y,2026-09-03,MOCKLOAD,2026-09-12 23:05:02
1004,504,100406025,2026-09-04,100406,102,2026-09-04,25,299.04,SC,15,26,7775.04,1027.86,10045,2026-09-09,Y,2026-09-04,MOCKLOAD,2026-09-12 23:05:02
1004,504,100406026,2026-09-05,100406,117,2026-09-05,26,279.59,SC,21,61,17054.99,2254.67,10045,2026-09-09,Y,2026-09-05,MOCKLOAD,2026-09-12 23:05:02
1004,504,100406027,2026-09-06,100406,107,2026-09-06,27,201.77,SC,13,82,16545.14,2187.27,10045,2026-09-09,Y,2026-09-06,MOCKLOAD,2026-09-12 23:05:02
1004,504,100406028,2026-09-07,100406,119,2026-09-07,28,72.1,SC,25,45,3244.5,428.92,10045,2026-09-09,Y,2026-09-07,MOCKLOAD,2026-09-12 23:05:02
1004,504,100406029,2026-09-08,100406,104,2026-09-08,29,408.2,SC,17,9,3673.8,485.68,10045,2026-09-09,Y,2026-09-08,MOCKLOAD,2026-09-12 23:05:02
1004,504,100406030,2026-09-09,100406,109,2026-09-09,30,55.79,SC,18,1,55.79,7.38,10045,2026-09-09,Y,2026-09-09,MOCKLOAD,2026-09-12 23:05:02
1004,504,100407001,2026-08-11,100407,105,2026-08-11,1,184.33,SC,15,98,18064.34,2388.11,10041,2026-08-16,Y,2026-08-11,MOCKLOAD,2026-09-12 23:05:02
1004,504,100407002,2026-08-12,100407,109,2026-08-12,2,7,SC,25,67,469,62,10041,2026-08-16,Y,2026-08-12,MOCKLOAD,2026-09-12 23:05:02
1004,504,100407003,2026-08-13,100407,115,2026-08-13,3,236.23,SC,20,81,19134.63,2529.6,10041,2026-08-16,Y,2026-08-13,MOCKLOAD,2026-09-12 23:05:02
1004,504,100407004,2026-08-14,100407,114,2026-08-14,4,183.8,SC,16,92,16909.6,2235.45,10041,2026-08-16,Y,2026-08-14,MOCKLOAD,2026-09-12 23:05:02
1004,504,100407005,2026-08-15,100407,119,2026-08-15,5,358.71,SC,28,70,25109.7,3319.5,10041,2026-08-16,Y,2026-08-15,MOCKLOAD,2026-09-12 23:05:02
1004,504,100407006,2026-08-16,100407,104,2026-08-16,6,494.34,SC,11,98,48445.32,6404.47,10041,2026-08-16,Y,2026-08-16,MOCKLOAD,2026-09-12 23:05:02
1004,504,100407007,2026-08-17,100407,102,2026-08-17,7,99.2,SC,29,80,7936,1049.14,10042,2026-08-22,Y,2026-08-17,MOCKLOAD,2026-09-12 23:05:02
1004,504,100407008,2026-08-18,100407,107,2026-08-18,8,6.3,SC,20,7,44.1,5.83,10042,2026-08-22,Y,2026-08-18,MOCKLOAD,2026-09-12 23:05:02
1004,504,100407009,2026-08-19,100407,113,2026-08-19,9,382.93,SC,18,71,27188.03,3594.26,10042,2026-08-22,Y,2026-08-19,MOCKLOAD,2026-09-12 23:05:02
1004,504,100407010,2026-08-20,100407,117,2026-08-20,10,305.34,SC,24,73,22289.82,2946.71,10042,2026-08-22,Y,2026-08-20,MOCKLOAD,2026-09-12 23:05:02
1004,504,100407011,2026-08-21,100407,102,2026-08-21,11,467.5,SC,22,60,28050,3708.21,10042,2026-08-22,Y,2026-08-21,MOCKLOAD,2026-09-12 23:05:02
1004,504,100407012,2026-08-22,100407,120,2026-08-22,12,15.88,SC,12,61,968.68,128.06,10042,2026-08-22,Y,2026-08-22,MOCKLOAD,2026-09-12 23:05:02
1004,504,100407013,2026-08-23,100407,104,2026-08-23,13,499.04,SC,29,92,45911.68,6069.52,10043,2026-08-28,Y,2026-08-23,MOCKLOAD,2026-09-12 23:05:02
1004,504,100407014,2026-08-24,100407,103,2026-08-24,14,168.58,SC,13,74,12474.92,1649.18,10043,2026-08-28,Y,2026-08-24,MOCKLOAD,2026-09-12 23:05:02
1004,504,100407015,2026-08-25,100407,111,2026-08-25,15,141.44,SC,19,86,12163.84,1608.06,10043,2026-08-28,Y,2026-08-25,MOCKLOAD,2026-09-12 23:05:02
1004,504,100407016,2026-08-26,100407,118,2026-08-26,16,359.51,SC,17,21,7549.71,998.07,10043,2026-08-28,Y,2026-08-26,MOCKLOAD,2026-09-12 23:05:02
1004,504,100407017,2026-08-27,100407,109,2026-08-27,17,415.87,SC,27,25,10396.75,1374.45,10043,2026-08-28,Y,2026-08-27,MOCKLOAD,2026-09-12 23:05:02
1004,504,100407018,2026-08-28,100407,111,2026-08-28,18,28.7,SC,21,44,1262.8,166.94,10043,2026-08-28,Y,2026-08-28,MOCKLOAD,2026-09-12 23:05:02
1004,504,100407019,2026-08-29,100407,111,2026-08-29,19,182.79,SC,11,59,10784.61,1425.73,10044,2026-09-03,Y,2026-08-29,MOCKLOAD,2026-09-12 23:05:02
1004,504,100407020,2026-08-30,100407,116,2026-08-30,20,383.91,SC,16,77,29561.07,3907.97,10044,2026-09-03,Y,2026-08-30,MOCKLOAD,2026-09-12 23:05:02
1004,504,100407021,2026-08-31,100407,106,2026-08-31,21,185.64,SC,14,31,5754.84,760.79,10044,2026-09-03,Y,2026-08-31,MOCKLOAD,2026-09-12 23:05:02
1004,504,100407022,2026-09-01,100407,111,2026-09-01,22,299.02,SC,21,15,4485.3,592.96,10044,2026-09-03,Y,2026-09-01,MOCKLOAD,2026-09-12 23:05:02
1004,504,100407023,2026-09-02,100407,104,2026-09-02,23,386.85,SC,16,2,773.7,102.28,10044,2026-09-03,Y,2026-09-02,MOCKLOAD,2026-09-12 23:05:02
1004,504,100407024,2026-09-03,100407,117,2026-09-03,24,125.1,SC,18,25,3127.5,413.46,10044,2026-09-03,Y,2026-09-03,MOCKLOAD,2026-09-12 23:05:02
1004,504,100407025,2026-09-04,100407,105,2026-09-04,25,483.19,SC,27,90,43487.1,5748.99,10045,2026-09-09,Y,2026-09-04,MOCKLOAD,2026-09-12 23:05:02
1004,504,100407026,2026-09-05,100407,111,2026-09-05,26,15.82,SC,11,87,1376.34,181.95,10045,2026-09-09,Y,2026-09-05,MOCKLOAD,2026-09-12 23:05:02
1004,504,100407027,2026-09-06,100407,117,2026-09-06,27,431.64,SC,24,19,8201.16,1084.19,10045,2026-09-09,Y,2026-09-06,MOCKLOAD,2026-09-12 23:05:02
1004,504,100407028,2026-09-07,100407,102,2026-09-07,28,64.71,SC,23,37,2394.27,316.52,10045,2026-09-09,Y,2026-09-07,MOCKLOAD,2026-09-12 23:05:02
1004,504,100407029,2026-09-08,100407,120,2026-09-08,29,242.32,SC,29,14,3392.48,448.49,10045,2026-09-09,Y,2026-09-08,MOCKLOAD,2026-09-12 23:05:02
1004,504,100407030,2026-09-09,100407,107,2026-09-09,30,262.34,SC,14,66,17314.44,2288.97,10045,2026-09-09,Y,2026-09-09,MOCKLOAD,2026-09-12 23:05:02
1004,504,100408001,2026-08-11,100408,102,2026-08-11,1,11.92,SC,17,38,452.96,59.88,10041,2026-08-16,Y,2026-08-11,MOCKLOAD,2026-09-12 23:05:02
1004,504,100408002,2026-08-12,100408,114,2026-08-12,2,486.63,SC,12,96,46716.48,6175.92,10041,2026-08-16,Y,2026-08-12,MOCKLOAD,2026-09-12 23:05:02
1004,504,100408003,2026-08-13,100408,103,2026-08-13,3,361.62,SC,21,45,16272.9,2151.28,10041,2026-08-16,Y,2026-08-13,MOCKLOAD,2026-09-12 23:05:02
1004,504,100408004,2026-08-14,100408,118,2026-08-14,4,44.79,SC,11,18,806.22,106.58,10041,2026-08-16,Y,2026-08-14,MOCKLOAD,2026-09-12 23:05:02
1004,504,100408005,2026-08-15,100408,113,2026-08-15,5,130.75,SC,12,88,11506,1521.09,10041,2026-08-16,Y,2026-08-15,MOCKLOAD,2026-09-12 23:05:02
1004,504,100408006,2026-08-16,100408,112,2026-08-16,6,421.3,SC,18,38,16009.4,2116.44,10041,2026-08-16,Y,2026-08-16,MOCKLOAD,2026-09-12 23:05:02
1004,504,100408007,2026-08-17,100408,112,2026-08-17,7,279.37,SC,10,21,5866.77,775.59,10042,2026-08-22,Y,2026-08-17,MOCKLOAD,2026-09-12 23:05:02
1004,504,100408008,2026-08-18,100408,114,2026-08-18,8,492.15,SC,21,28,13780.2,1821.74,10042,2026-08-22,Y,2026-08-18,MOCKLOAD,2026-09-12 23:05:02
1004,504,100408009,2026-08-19,100408,106,2026-08-19,9,163.66,SC,28,62,10146.92,1341.42,10042,2026-08-22,Y,2026-08-19,MOCKLOAD,2026-09-12 23:05:02
1004,504,100408010,2026-08-20,100408,113,2026-08-20,10,363.21,SC,20,16,5811.36,768.26,10042,2026-08-22,Y,2026-08-20,MOCKLOAD,2026-09-12 23:05:02
1004,504,100408011,2026-08-21,100408,106,2026-08-21,11,88.21,SC,29,79,6968.59,921.25,10042,2026-08-22,Y,2026-08-21,MOCKLOAD,2026-09-12 23:05:02
1004,504,100408012,2026-08-22,100408,115,2026-08-22,12,20.21,SC,14,17,343.57,45.42,10042,2026-08-22,Y,2026-08-22,MOCKLOAD,2026-09-12 23:05:02
1004,504,100408013,2026-08-23,100408,101,2026-08-23,13,175.16,SC,17,7,1226.12,162.09,10043,2026-08-28,Y,2026-08-23,MOCKLOAD,2026-09-12 23:05:02
1004,504,100408014,2026-08-24,100408,106,2026-08-24,14,388.46,SC,27,7,2719.22,359.48,10043,2026-08-28,Y,2026-08-24,MOCKLOAD,2026-09-12 23:05:02
1004,504,100408015,2026-08-25,100408,117,2026-08-25,15,488.18,SC,28,31,15133.58,2000.66,10043,2026-08-28,Y,2026-08-25,MOCKLOAD,2026-09-12 23:05:02
1004,504,100408016,2026-08-26,100408,108,2026-08-26,16,132.66,SC,15,71,9418.86,1245.17,10043,2026-08-28,Y,2026-08-26,MOCKLOAD,2026-09-12 23:05:02
1004,504,100408017,2026-08-27,100408,103,2026-08-27,17,335.71,SC,27,49,16449.79,2174.66,10043,2026-08-28,Y,2026-08-27,MOCKLOAD,2026-09-12 23:05:02
1004,504,100408018,2026-08-28,100408,114,2026-08-28,18,259.74,SC,16,8,2077.92,274.7,10043,2026-08-28,Y,2026-08-28,MOCKLOAD,2026-09-12 23:05:02
1004,504,100408019,2026-08-29,100408,113,2026-08-29,19,6.93,SC,28,84,582.12,76.96,10044,2026-09-03,Y,2026-08-29,MOCKLOAD,2026-09-12 23:05:02
1004,504,100408020,2026-08-30,100408,104,2026-08-30,20,39.28,SC,11,13,510.64,67.51,10044,2026-09-03,Y,2026-08-30,MOCKLOAD,2026-09-12 23:05:02
1004,504,100408021,2026-08-31,100408,102,2026-08-31,21,428.87,SC,14,74,31736.38,4195.55,10044,2026-09-03,Y,2026-08-31,MOCKLOAD,2026-09-12 23:05:02
1004,504,100408022,2026-09-01,100408,113,2026-09-01,22,343.67,SC,23,24,8248.08,1090.4,10044,2026-09-03,Y,2026-09-01,MOCKLOAD,2026-09-12 23:05:02
1004,504,100408023,2026-09-02,100408,103,2026-09-02,23,194.27,SC,24,18,3496.86,462.28,10044,2026-09-03,Y,2026-09-02,MOCKLOAD,2026-09-12 23:05:02
1004,504,100408024,2026-09-03,100408,111,2026-09-03,24,228.22,SC,20,57,13008.54,1719.73,10044,2026-09-03,Y,2026-09-03,MOCKLOAD,2026-09-12 23:05:02
1004,504,100408025,2026-09-04,100408,104,2026-09-04,25,79.54,SC,10,65,5170.1,683.49,10045,2026-09-09,Y,2026-09-04,MOCKLOAD,2026-09-12 23:05:02
1004,504,100408026,2026-09-05,100408,113,2026-09-05,26,73.46,SC,23,31,2277.26,301.05,10045,2026-09-09,Y,2026-09-05,MOCKLOAD,2026-09-12 23:05:02
1004,504,100408027,2026-09-06,100408,118,2026-09-06,27,67.69,SC,29,88,5956.72,787.48,10045,2026-09-09,Y,2026-09-06,MOCKLOAD,2026-09-12 23:05:02
1004,504,100408028,2026-09-07,100408,119,2026-09-07,28,437.75,SC,24,63,27578.25,3645.84,10045,2026-09-09,Y,2026-09-07,MOCKLOAD,2026-09-12 23:05:02
1004,504,100408029,2026-09-08,100408,119,2026-09-08,29,13.37,SC,12,3,40.11,5.3,10045,2026-09-09,Y,2026-09-08,MOCKLOAD,2026-09-12 23:05:02
1004,504,100408030,2026-09-09,100408,110,2026-09-09,30,238.67,SC,12,45,10740.15,1419.85,10045,2026-09-09,Y,2026-09-09,MOCKLOAD,2026-09-12 23:05:02
1004,504,100409001,2026-08-11,100409,112,2026-08-11,1,488.27,SC,24,65,31737.55,4195.7,10041,2026-08-16,Y,2026-08-11,MOCKLOAD,2026-09-12 23:05:02
1004,504,100409002,2026-08-12,100409,114,2026-08-12,2,289.12,SC,14,19,5493.28,726.21,10041,2026-08-16,Y,2026-08-12,MOCKLOAD,2026-09-12 23:05:02
1004,504,100409003,2026-08-13,100409,120,2026-08-13,3,200.04,SC,22,20,4000.8,528.91,10041,2026-08-16,Y,2026-08-13,MOCKLOAD,2026-09-12 23:05:02
1004,504,100409004,2026-08-14,100409,102,2026-08-14,4,394.74,SC,19,2,789.48,104.37,10041,2026-08-16,Y,2026-08-14,MOCKLOAD,2026-09-12 23:05:02
1004,504,100409005,2026-08-15,100409,107,2026-08-15,5,293.28,SC,16,18,5279.04,697.89,10041,2026-08-16,Y,2026-08-15,MOCKLOAD,2026-09-12 23:05:02
1004,504,100409006,2026-08-16,100409,107,2026-08-16,6,344.63,SC,25,61,21022.43,2779.17,10041,2026-08-16,Y,2026-08-16,MOCKLOAD,2026-09-12 23:05:02
1004,504,100409007,2026-08-17,100409,102,2026-08-17,7,146.23,SC,16,47,6872.81,908.59,10042,2026-08-22,Y,2026-08-17,MOCKLOAD,2026-09-12 23:05:02
1004,504,100409008,2026-08-18,100409,109,2026-08-18,8,158.93,SC,22,6,953.58,126.06,10042,2026-08-22,Y,2026-08-18,MOCKLOAD,2026-09-12 23:05:02
1004,504,100409009,2026-08-19,100409,118,2026-08-19,9,328.6,SC,12,76,24973.6,3301.51,10042,2026-08-22,Y,2026-08-19,MOCKLOAD,2026-09-12 23:05:02
1004,504,100409010,2026-08-20,100409,103,2026-08-20,10,445.92,SC,22,67,29876.64,3949.69,10042,2026-08-22,Y,2026-08-20,MOCKLOAD,2026-09-12 23:05:02
1004,504,100409011,2026-08-21,100409,108,2026-08-21,11,299.32,SC,29,21,6285.72,830.97,10042,2026-08-22,Y,2026-08-21,MOCKLOAD,2026-09-12 23:05:02
1004,504,100409012,2026-08-22,100409,103,2026-08-22,12,73.95,SC,16,10,739.5,97.76,10042,2026-08-22,Y,2026-08-22,MOCKLOAD,2026-09-12 23:05:02
1004,504,100409013,2026-08-23,100409,117,2026-08-23,13,26.16,SC,20,28,732.48,96.83,10043,2026-08-28,Y,2026-08-23,MOCKLOAD,2026-09-12 23:05:02
1004,504,100409014,2026-08-24,100409,114,2026-08-24,14,17.9,SC,27,16,286.4,37.86,10043,2026-08-28,Y,2026-08-24,MOCKLOAD,2026-09-12 23:05:02
1004,504,100409015,2026-08-25,100409,109,2026-08-25,15,162.01,SC,21,36,5832.36,771.04,10043,2026-08-28,Y,2026-08-25,MOCKLOAD,2026-09-12 23:05:02
1004,504,100409016,2026-08-26,100409,113,2026-08-26,16,201.71,SC,25,36,7261.56,959.98,10043,2026-08-28,Y,2026-08-26,MOCKLOAD,2026-09-12 23:05:02
1004,504,100409017,2026-08-27,100409,116,2026-08-27,17,47.52,SC,19,2,95.04,12.56,10043,2026-08-28,Y,2026-08-27,MOCKLOAD,2026-09-12 23:05:02
1004,504,100409018,2026-08-28,100409,112,2026-08-28,18,199.72,SC,22,71,14180.12,1874.61,10043,2026-08-28,Y,2026-08-28,MOCKLOAD,2026-09-12 23:05:02
1004,504,100409019,2026-08-29,100409,115,2026-08-29,19,28.08,SC,26,6,168.48,22.27,10044,2026-09-03,Y,2026-08-29,MOCKLOAD,2026-09-12 23:05:02
1004,504,100409020,2026-08-30,100409,118,2026-08-30,20,95.14,SC,15,6,570.84,75.47,10044,2026-09-03,Y,2026-08-30,MOCKLOAD,2026-09-12 23:05:02
1004,504,100409021,2026-08-31,100409,105,2026-08-31,21,389.95,SC,23,63,24566.85,3247.74,10044,2026-09-03,Y,2026-08-31,MOCKLOAD,2026-09-12 23:05:02
1004,504,100409022,2026-09-01,100409,101,2026-09-01,22,214.94,SC,17,65,13971.1,1846.98,10044,2026-09-03,Y,2026-09-01,MOCKLOAD,2026-09-12 23:05:02
1004,504,100409023,2026-09-02,100409,119,2026-09-02,23,179.06,SC,25,56,10027.36,1325.62,10044,2026-09-03,Y,2026-09-02,MOCKLOAD,2026-09-12 23:05:02
1004,504,100409024,2026-09-03,100409,105,2026-09-03,24,298.42,SC,25,32,9549.44,1262.44,10044,2026-09-03,Y,2026-09-03,MOCKLOAD,2026-09-12 23:05:02
1004,504,100409025,2026-09-04,100409,113,2026-09-04,25,52.02,SC,25,87,4525.74,598.3,10045,2026-09-09,Y,2026-09-04,MOCKLOAD,2026-09-12 23:05:02
1004,504,100409026,2026-09-05,100409,111,2026-09-05,26,236.43,SC,10,94,22224.42,2938.07,10045,2026-09-09,Y,2026-09-05,MOCKLOAD,2026-09-12 23:05:02
1004,504,100409027,2026-09-06,100409,115,2026-09-06,27,278.06,SC,25,55,15293.3,2021.77,10045,2026-09-09,Y,2026-09-06,MOCKLOAD,2026-09-12 23:05:02
1004,504,100409028,2026-09-07,100409,116,2026-09-07,28,134.39,SC,17,89,11960.71,1581.21,10045,2026-09-09,Y,2026-09-07,MOCKLOAD,2026-09-12 23:05:02
1004,504,100409029,2026-09-08,100409,112,2026-09-08,29,129.73,SC,16,70,9081.1,1200.52,10045,2026-09-09,Y,2026-09-08,MOCKLOAD,2026-09-12 23:05:02
1004,504,100409030,2026-09-09,100409,113,2026-09-09,30,14.03,SC,17,60,841.8,111.29,10045,2026-09-09,Y,2026-09-09,MOCKLOAD,2026-09-12 23:05:02
1004,504,100410001,2026-08-11,100410,114,2026-08-11,1,371.46,SC,16,44,16344.24,2160.71,10041,2026-08-16,Y,2026-08-11,MOCKLOAD,2026-09-12 23:05:02
1004,504,100410002,2026-08-12,100410,114,2026-08-12,2,147.76,SC,28,92,13593.92,1797.12,10041,2026-08-16,Y,2026-08-12,MOCKLOAD,2026-09-12 23:05:02
1004,504,100410003,2026-08-13,100410,111,2026-08-13,3,399.94,SC,10,27,10798.38,1427.55,10041,2026-08-16,Y,2026-08-13,MOCKLOAD,2026-09-12 23:05:02
1004,504,100410004,2026-08-14,100410,102,2026-08-14,4,76.65,SC,13,73,5595.45,739.72,10041,2026-08-16,Y,2026-08-14,MOCKLOAD,2026-09-12 23:05:02
1004,504,100410005,2026-08-15,100410,112,2026-08-15,5,400.97,SC,10,35,14033.95,1855.29,10041,2026-08-16,Y,2026-08-15,MOCKLOAD,2026-09-12 23:05:02
1004,504,100410006,2026-08-16,100410,107,2026-08-16,6,303.32,SC,10,69,20929.08,2766.82,10041,2026-08-16,Y,2026-08-16,MOCKLOAD,2026-09-12 23:05:02
1004,504,100410007,2026-08-17,100410,106,2026-08-17,7,494.42,SC,24,62,30654.04,4052.46,10042,2026-08-22,Y,2026-08-17,MOCKLOAD,2026-09-12 23:05:02
1004,504,100410008,2026-08-18,100410,105,2026-08-18,8,358.56,SC,20,77,27609.12,3649.93,10042,2026-08-22,Y,2026-08-18,MOCKLOAD,2026-09-12 23:05:02
1004,504,100410009,2026-08-19,100410,102,2026-08-19,9,149.69,SC,24,57,8532.33,1127.97,10042,2026-08-22,Y,2026-08-19,MOCKLOAD,2026-09-12 23:05:02
1004,504,100410010,2026-08-20,100410,104,2026-08-20,10,140.81,SC,14,83,11687.23,1545.05,10042,2026-08-22,Y,2026-08-20,MOCKLOAD,2026-09-12 23:05:02
1004,504,100410011,2026-08-21,100410,113,2026-08-21,11,317.33,SC,27,12,3807.96,503.41,10042,2026-08-22,Y,2026-08-21,MOCKLOAD,2026-09-12 23:05:02
1004,504,100410012,2026-08-22,100410,109,2026-08-22,12,307.85,SC,10,22,6772.7,895.35,10042,2026-08-22,Y,2026-08-22,MOCKLOAD,2026-09-12 23:05:02
1004,504,100410013,2026-08-23,100410,105,2026-08-23,13,211.04,SC,19,95,20048.8,2650.45,10043,2026-08-28,Y,2026-08-23,MOCKLOAD,2026-09-12 23:05:02
1004,504,100410014,2026-08-24,100410,115,2026-08-24,14,295.06,SC,12,70,20654.2,2730.49,10043,2026-08-28,Y,2026-08-24,MOCKLOAD,2026-09-12 23:05:02
1004,504,100410015,2026-08-25,100410,109,2026-08-25,15,151.15,SC,28,54,8162.1,1079.03,10043,2026-08-28,Y,2026-08-25,MOCKLOAD,2026-09-12 23:05:02
1004,504,100410016,2026-08-26,100410,117,2026-08-26,16,308.17,SC,22,83,25578.11,3381.43,10043,2026-08-28,Y,2026-08-26,MOCKLOAD,2026-09-12 23:05:02
1004,504,100410017,2026-08-27,100410,106,2026-08-27,17,19.52,SC,11,73,1424.96,188.38,10043,2026-08-28,Y,2026-08-27,MOCKLOAD,2026-09-12 23:05:02
1004,504,100410018,2026-08-28,100410,105,2026-08-28,18,325.96,SC,28,35,11408.6,1508.22,10043,2026-08-28,Y,2026-08-28,MOCKLOAD,2026-09-12 23:05:02
1004,504,100410019,2026-08-29,100410,112,2026-08-29,19,451.09,SC,12,41,18494.69,2445,10044,2026-09-03,Y,2026-08-29,MOCKLOAD,2026-09-12 23:05:02
1004,504,100410020,2026-08-30,100410,114,2026-08-30,20,298.09,SC,24,83,24741.47,3270.82,10044,2026-09-03,Y,2026-08-30,MOCKLOAD,2026-09-12 23:05:02
1004,504,100410021,2026-08-31,100410,110,2026-08-31,21,67.04,SC,10,65,4357.6,576.07,10044,2026-09-03,Y,2026-08-31,MOCKLOAD,2026-09-12 23:05:02
1004,504,100410022,2026-09-01,100410,107,2026-09-01,22,73.28,SC,25,60,4396.8,581.26,10044,2026-09-03,Y,2026-09-01,MOCKLOAD,2026-09-12 23:05:02
1004,504,100410023,2026-09-02,100410,116,2026-09-02,23,119.31,SC,16,79,9425.49,1246.05,10044,2026-09-03,Y,2026-09-02,MOCKLOAD,2026-09-12 23:05:02
1004,504,100410024,2026-09-03,100410,104,2026-09-03,24,254.6,SC,14,62,15785.2,2086.8,10044,2026-09-03,Y,2026-09-03,MOCKLOAD,2026-09-12 23:05:02
1004,504,100410025,2026-09-04,100410,107,2026-09-04,25,106.35,SC,10,89,9465.15,1251.29,10045,2026-09-09,Y,2026-09-04,MOCKLOAD,2026-09-12 23:05:02
1004,504,100410026,2026-09-05,100410,104,2026-09-05,26,12.42,SC,14,14,173.88,22.99,10045,2026-09-09,Y,2026-09-05,MOCKLOAD,2026-09-12 23:05:02
1004,504,100410027,2026-09-06,100410,118,2026-09-06,27,71.26,SC,28,14,997.64,131.89,10045,2026-09-09,Y,2026-09-06,MOCKLOAD,2026-09-12 23:05:02
1004,504,100410028,2026-09-07,100410,119,2026-09-07,28,212.2,SC,18,97,20583.4,2721.13,10045,2026-09-09,Y,2026-09-07,MOCKLOAD,2026-09-12 23:05:02
1004,504,100410029,2026-09-08,100410,117,2026-09-08,29,396.59,SC,19,42,16656.78,2202.03,10045,2026-09-09,Y,2026-09-08,MOCKLOAD,2026-09-12 23:05:02
1004,504,100410030,2026-09-09,100410,103,2026-09-09,30,218.92,SC,12,22,4816.24,636.71,10045,2026-09-09,Y,2026-09-09,MOCKLOAD,2026-09-12 23:05:02
1005,505,100501001,2026-08-11,100501,107,2026-08-11,1,217.33,MK,11,23,4998.59,1087.69,10051,2026-08-16,Y,2026-08-11,MOCKLOAD,2026-09-12 23:05:02
1005,505,100501002,2026-08-12,100501,118,2026-08-12,2,321.65,MK,13,26,8362.9,1819.77,10051,2026-08-16,Y,2026-08-12,MOCKLOAD,2026-09-12 23:05:02
1005,505,100501003,2026-08-13,100501,114,2026-08-13,3,452.61,MK,24,96,43450.56,9454.84,10051,2026-08-16,Y,2026-08-13,MOCKLOAD,2026-09-12 23:05:02
1005,505,100501004,2026-08-14,100501,108,2026-08-14,4,496.48,MK,16,66,32767.68,7130.25,10051,2026-08-16,Y,2026-08-14,MOCKLOAD,2026-09-12 23:05:02
1005,505,100501005,2026-08-15,100501,107,2026-08-15,5,312.52,MK,18,38,11875.76,2584.17,10051,2026-08-16,Y,2026-08-15,MOCKLOAD,2026-09-12 23:05:02
1005,505,100501006,2026-08-16,100501,108,2026-08-16,6,34.78,MK,14,56,1947.68,423.82,10051,2026-08-16,Y,2026-08-16,MOCKLOAD,2026-09-12 23:05:02
1005,505,100501007,2026-08-17,100501,108,2026-08-17,7,91.33,MK,27,51,4657.83,1013.54,10052,2026-08-22,Y,2026-08-17,MOCKLOAD,2026-09-12 23:05:02
1005,505,100501008,2026-08-18,100501,109,2026-08-18,8,251.97,MK,17,84,21165.48,4605.61,10052,2026-08-22,Y,2026-08-18,MOCKLOAD,2026-09-12 23:05:02
1005,505,100501009,2026-08-19,100501,101,2026-08-19,9,237.86,MK,28,35,8325.1,1811.54,10052,2026-08-22,Y,2026-08-19,MOCKLOAD,2026-09-12 23:05:02
1005,505,100501010,2026-08-20,100501,112,2026-08-20,10,198.04,MK,25,73,14456.92,3145.83,10052,2026-08-22,Y,2026-08-20,MOCKLOAD,2026-09-12 23:05:02
1005,505,100501011,2026-08-21,100501,118,2026-08-21,11,226.8,MK,20,59,13381.2,2911.75,10052,2026-08-22,Y,2026-08-21,MOCKLOAD,2026-09-12 23:05:02
1005,505,100501012,2026-08-22,100501,107,2026-08-22,12,414.6,MK,18,96,39801.6,8660.83,10052,2026-08-22,Y,2026-08-22,MOCKLOAD,2026-09-12 23:05:02
1005,505,100501013,2026-08-23,100501,115,2026-08-23,13,358.87,MK,28,57,20455.59,4451.14,10053,2026-08-28,Y,2026-08-23,MOCKLOAD,2026-09-12 23:05:02
1005,505,100501014,2026-08-24,100501,115,2026-08-24,14,358.86,MK,22,3,1076.58,234.26,10053,2026-08-28,Y,2026-08-24,MOCKLOAD,2026-09-12 23:05:02
1005,505,100501015,2026-08-25,100501,107,2026-08-25,15,134.59,MK,23,12,1615.08,351.44,10053,2026-08-28,Y,2026-08-25,MOCKLOAD,2026-09-12 23:05:02
1005,505,100501016,2026-08-26,100501,113,2026-08-26,16,332.66,MK,26,3,997.98,217.16,10053,2026-08-28,Y,2026-08-26,MOCKLOAD,2026-09-12 23:05:02
1005,505,100501017,2026-08-27,100501,115,2026-08-27,17,109.36,MK,19,16,1749.76,380.75,10053,2026-08-28,Y,2026-08-27,MOCKLOAD,2026-09-12 23:05:02
1005,505,100501018,2026-08-28,100501,101,2026-08-28,18,445.06,MK,12,69,30709.14,6682.31,10053,2026-08-28,Y,2026-08-28,MOCKLOAD,2026-09-12 23:05:02
1005,505,100501019,2026-08-29,100501,117,2026-08-29,19,215.54,MK,13,61,13147.94,2860.99,10054,2026-09-03,Y,2026-08-29,MOCKLOAD,2026-09-12 23:05:02
1005,505,100501020,2026-08-30,100501,108,2026-08-30,20,357.83,MK,24,11,3936.13,856.5,10054,2026-09-03,Y,2026-08-30,MOCKLOAD,2026-09-12 23:05:02
1005,505,100501021,2026-08-31,100501,117,2026-08-31,21,107.12,MK,16,29,3106.48,675.97,10054,2026-09-03,Y,2026-08-31,MOCKLOAD,2026-09-12 23:05:02
1005,505,100501022,2026-09-01,100501,119,2026-09-01,22,139.25,MK,18,17,2367.25,515.11,10054,2026-09-03,Y,2026-09-01,MOCKLOAD,2026-09-12 23:05:02
1005,505,100501023,2026-09-02,100501,108,2026-09-02,23,308.98,MK,24,82,25336.36,5513.19,10054,2026-09-03,Y,2026-09-02,MOCKLOAD,2026-09-12 23:05:02
1005,505,100501024,2026-09-03,100501,108,2026-09-03,24,259.22,MK,18,8,2073.76,451.25,10054,2026-09-03,Y,2026-09-03,MOCKLOAD,2026-09-12 23:05:02
1005,505,100501025,2026-09-04,100501,102,2026-09-04,25,85.63,MK,19,36,3082.68,670.79,10055,2026-09-09,Y,2026-09-04,MOCKLOAD,2026-09-12 23:05:02
1005,505,100501026,2026-09-05,100501,112,2026-09-05,26,28.99,MK,16,55,1594.45,346.95,10055,2026-09-09,Y,2026-09-05,MOCKLOAD,2026-09-12 23:05:02
1005,505,100501027,2026-09-06,100501,115,2026-09-06,27,194.71,MK,27,58,11293.18,2457.4,10055,2026-09-09,Y,2026-09-06,MOCKLOAD,2026-09-12 23:05:02
1005,505,100501028,2026-09-07,100501,106,2026-09-07,28,68.26,MK,24,41,2798.66,608.99,10055,2026-09-09,Y,2026-09-07,MOCKLOAD,2026-09-12 23:05:02
1005,505,100501029,2026-09-08,100501,117,2026-09-08,29,99.22,MK,25,73,7243.06,1576.09,10055,2026-09-09,Y,2026-09-08,MOCKLOAD,2026-09-12 23:05:02
1005,505,100501030,2026-09-09,100501,109,2026-09-09,30,322.71,MK,26,52,16780.92,3651.53,10055,2026-09-09,Y,2026-09-09,MOCKLOAD,2026-09-12 23:05:02
1005,505,100502001,2026-08-11,100502,101,2026-08-11,1,75.1,MK,21,74,5557.4,1209.29,10051,2026-08-16,Y,2026-08-11,MOCKLOAD,2026-09-12 23:05:02
1005,505,100502002,2026-08-12,100502,108,2026-08-12,2,490.94,MK,14,10,4909.4,1068.29,10051,2026-08-16,Y,2026-08-12,MOCKLOAD,2026-09-12 23:05:02
1005,505,100502003,2026-08-13,100502,110,2026-08-13,3,57.68,MK,22,59,3403.12,740.52,10051,2026-08-16,Y,2026-08-13,MOCKLOAD,2026-09-12 23:05:02
1005,505,100502004,2026-08-14,100502,101,2026-08-14,4,290.82,MK,19,53,15413.46,3353.97,10051,2026-08-16,Y,2026-08-14,MOCKLOAD,2026-09-12 23:05:02
1005,505,100502005,2026-08-15,100502,110,2026-08-15,5,268.08,MK,28,66,17693.28,3850.06,10051,2026-08-16,Y,2026-08-15,MOCKLOAD,2026-09-12 23:05:02
1005,505,100502006,2026-08-16,100502,102,2026-08-16,6,444.79,MK,14,24,10674.96,2322.87,10051,2026-08-16,Y,2026-08-16,MOCKLOAD,2026-09-12 23:05:02
1005,505,100502007,2026-08-17,100502,105,2026-08-17,7,263.78,MK,15,10,2637.8,573.99,10052,2026-08-22,Y,2026-08-17,MOCKLOAD,2026-09-12 23:05:02
1005,505,100502008,2026-08-18,100502,114,2026-08-18,8,195.34,MK,15,36,7032.24,1530.22,10052,2026-08-22,Y,2026-08-18,MOCKLOAD,2026-09-12 23:05:02
1005,505,100502009,2026-08-19,100502,115,2026-08-19,9,409.43,MK,26,33,13511.19,2940.03,10052,2026-08-22,Y,2026-08-19,MOCKLOAD,2026-09-12 23:05:02
1005,505,100502010,2026-08-20,100502,120,2026-08-20,10,287.31,MK,28,55,15802.05,3438.53,10052,2026-08-22,Y,2026-08-20,MOCKLOAD,2026-09-12 23:05:02
1005,505,100502011,2026-08-21,100502,106,2026-08-21,11,498.64,MK,10,77,38395.28,8354.81,10052,2026-08-22,Y,2026-08-21,MOCKLOAD,2026-09-12 23:05:02
1005,505,100502012,2026-08-22,100502,102,2026-08-22,12,443.15,MK,12,46,20384.9,4435.75,10052,2026-08-22,Y,2026-08-22,MOCKLOAD,2026-09-12 23:05:02
1005,505,100502013,2026-08-23,100502,114,2026-08-23,13,119.45,MK,18,23,2747.35,597.82,10053,2026-08-28,Y,2026-08-23,MOCKLOAD,2026-09-12 23:05:02
1005,505,100502014,2026-08-24,100502,106,2026-08-24,14,122.12,MK,27,32,3907.84,850.35,10053,2026-08-28,Y,2026-08-24,MOCKLOAD,2026-09-12 23:05:02
1005,505,100502015,2026-08-25,100502,119,2026-08-25,15,404.59,MK,21,52,21038.68,4578.02,10053,2026-08-28,Y,2026-08-25,MOCKLOAD,2026-09-12 23:05:02
1005,505,100502016,2026-08-26,100502,115,2026-08-26,16,300.05,MK,14,39,11701.95,2546.34,10053,2026-08-28,Y,2026-08-26,MOCKLOAD,2026-09-12 23:05:02
1005,505,100502017,2026-08-27,100502,109,2026-08-27,17,292.23,MK,17,41,11981.43,2607.16,10053,2026-08-28,Y,2026-08-27,MOCKLOAD,2026-09-12 23:05:02
1005,505,100502018,2026-08-28,100502,118,2026-08-28,18,137.36,MK,20,62,8516.32,1853.15,10053,2026-08-28,Y,2026-08-28,MOCKLOAD,2026-09-12 23:05:02
1005,505,100502019,2026-08-29,100502,109,2026-08-29,19,28.38,MK,23,53,1504.14,327.3,10054,2026-09-03,Y,2026-08-29,MOCKLOAD,2026-09-12 23:05:02
1005,505,100502020,2026-08-30,100502,118,2026-08-30,20,322.64,MK,14,53,17099.92,3720.94,10054,2026-09-03,Y,2026-08-30,MOCKLOAD,2026-09-12 23:05:02
1005,505,100502021,2026-08-31,100502,116,2026-08-31,21,147.79,MK,22,6,886.74,192.95,10054,2026-09-03,Y,2026-08-31,MOCKLOAD,2026-09-12 23:05:02
1005,505,100502022,2026-09-01,100502,107,2026-09-01,22,199.41,MK,15,92,18345.72,3992.03,10054,2026-09-03,Y,2026-09-01,MOCKLOAD,2026-09-12 23:05:02
1005,505,100502023,2026-09-02,100502,118,2026-09-02,23,102.61,MK,12,75,7695.75,1674.6,10054,2026-09-03,Y,2026-09-02,MOCKLOAD,2026-09-12 23:05:02
1005,505,100502024,2026-09-03,100502,105,2026-09-03,24,270.18,MK,16,80,21614.4,4703.29,10054,2026-09-03,Y,2026-09-03,MOCKLOAD,2026-09-12 23:05:02
1005,505,100502025,2026-09-04,100502,115,2026-09-04,25,457.55,MK,28,14,6405.7,1393.88,10055,2026-09-09,Y,2026-09-04,MOCKLOAD,2026-09-12 23:05:02
1005,505,100502026,2026-09-05,100502,101,2026-09-05,26,209.4,MK,15,57,11935.8,2597.23,10055,2026-09-09,Y,2026-09-05,MOCKLOAD,2026-09-12 23:05:02
1005,505,100502027,2026-09-06,100502,115,2026-09-06,27,117.81,MK,22,67,7893.27,1717.58,10055,2026-09-09,Y,2026-09-06,MOCKLOAD,2026-09-12 23:05:02
1005,505,100502028,2026-09-07,100502,114,2026-09-07,28,265.17,MK,23,89,23600.13,5135.39,10055,2026-09-09,Y,2026-09-07,MOCKLOAD,2026-09-12 23:05:02
1005,505,100502029,2026-09-08,100502,106,2026-09-08,29,216.41,MK,15,26,5626.66,1224.36,10055,2026-09-09,Y,2026-09-08,MOCKLOAD,2026-09-12 23:05:02
1005,505,100502030,2026-09-09,100502,104,2026-09-09,30,114.05,MK,15,84,9580.2,2084.65,10055,2026-09-09,Y,2026-09-09,MOCKLOAD,2026-09-12 23:05:02
1005,505,100503001,2026-08-11,100503,112,2026-08-11,1,438.65,MK,21,51,22371.15,4867.96,10051,2026-08-16,Y,2026-08-11,MOCKLOAD,2026-09-12 23:05:02
1005,505,100503002,2026-08-12,100503,114,2026-08-12,2,162.3,MK,29,50,8115,1765.82,10051,2026-08-16,Y,2026-08-12,MOCKLOAD,2026-09-12 23:05:02
1005,505,100503003,2026-08-13,100503,119,2026-08-13,3,146.37,MK,17,25,3659.25,796.25,10051,2026-08-16,Y,2026-08-13,MOCKLOAD,2026-09-12 23:05:02
1005,505,100503004,2026-08-14,100503,103,2026-08-14,4,90.91,MK,24,47,4272.77,929.75,10051,2026-08-16,Y,2026-08-14,MOCKLOAD,2026-09-12 23:05:02
1005,505,100503005,2026-08-15,100503,110,2026-08-15,5,253.58,MK,23,67,16989.86,3696.99,10051,2026-08-16,Y,2026-08-15,MOCKLOAD,2026-09-12 23:05:02
1005,505,100503006,2026-08-16,100503,115,2026-08-16,6,67.09,MK,29,93,6239.37,1357.69,10051,2026-08-16,Y,2026-08-16,MOCKLOAD,2026-09-12 23:05:02
1005,505,100503007,2026-08-17,100503,114,2026-08-17,7,477.78,MK,23,56,26755.68,5822.04,10052,2026-08-22,Y,2026-08-17,MOCKLOAD,2026-09-12 23:05:02
1005,505,100503008,2026-08-18,100503,118,2026-08-18,8,65.45,MK,16,66,4319.7,939.97,10052,2026-08-22,Y,2026-08-18,MOCKLOAD,2026-09-12 23:05:02
1005,505,100503009,2026-08-19,100503,102,2026-08-19,9,20.18,MK,20,84,1695.12,368.86,10052,2026-08-22,Y,2026-08-19,MOCKLOAD,2026-09-12 23:05:02
1005,505,100503010,2026-08-20,100503,115,2026-08-20,10,18.79,MK,24,6,112.74,24.53,10052,2026-08-22,Y,2026-08-20,MOCKLOAD,2026-09-12 23:05:02
1005,505,100503011,2026-08-21,100503,116,2026-08-21,11,37.14,MK,21,34,1262.76,274.78,10052,2026-08-22,Y,2026-08-21,MOCKLOAD,2026-09-12 23:05:02
1005,505,100503012,2026-08-22,100503,112,2026-08-22,12,214.69,MK,14,58,12452.02,2709.56,10052,2026-08-22,Y,2026-08-22,MOCKLOAD,2026-09-12 23:05:02
1005,505,100503013,2026-08-23,100503,118,2026-08-23,13,390.88,MK,27,80,31270.4,6804.44,10053,2026-08-28,Y,2026-08-23,MOCKLOAD,2026-09-12 23:05:02
1005,505,100503014,2026-08-24,100503,115,2026-08-24,14,249.25,MK,12,68,16949,3688.1,10053,2026-08-28,Y,2026-08-24,MOCKLOAD,2026-09-12 23:05:02
1005,505,100503015,2026-08-25,100503,104,2026-08-25,15,128.5,MK,27,16,2056,447.39,10053,2026-08-28,Y,2026-08-25,MOCKLOAD,2026-09-12 23:05:02
1005,505,100503016,2026-08-26,100503,101,2026-08-26,16,244.71,MK,22,3,734.13,159.75,10053,2026-08-28,Y,2026-08-26,MOCKLOAD,2026-09-12 23:05:02
1005,505,100503017,2026-08-27,100503,106,2026-08-27,17,331.16,MK,12,68,22518.88,4900.11,10053,2026-08-28,Y,2026-08-27,MOCKLOAD,2026-09-12 23:05:02
1005,505,100503018,2026-08-28,100503,111,2026-08-28,18,492.08,MK,24,97,47731.76,10386.43,10053,2026-08-28,Y,2026-08-28,MOCKLOAD,2026-09-12 23:05:02
1005,505,100503019,2026-08-29,100503,119,2026-08-29,19,368.69,MK,18,63,23227.47,5054.3,10054,2026-09-03,Y,2026-08-29,MOCKLOAD,2026-09-12 23:05:02
1005,505,100503020,2026-08-30,100503,115,2026-08-30,20,162.55,MK,20,78,12678.9,2758.93,10054,2026-09-03,Y,2026-08-30,MOCKLOAD,2026-09-12 23:05:02
1005,505,100503021,2026-08-31,100503,105,2026-08-31,21,276.45,MK,17,9,2488.05,541.4,10054,2026-09-03,Y,2026-08-31,MOCKLOAD,2026-09-12 23:05:02
1005,505,100503022,2026-09-01,100503,116,2026-09-01,22,438.36,MK,29,71,31123.56,6772.49,10054,2026-09-03,Y,2026-09-01,MOCKLOAD,2026-09-12 23:05:02
1005,505,100503023,2026-09-02,100503,118,2026-09-02,23,496.89,MK,28,36,17888.04,3892.44,10054,2026-09-03,Y,2026-09-02,MOCKLOAD,2026-09-12 23:05:02
1005,505,100503024,2026-09-03,100503,101,2026-09-03,24,377.8,MK,28,81,30601.8,6658.95,10054,2026-09-03,Y,2026-09-03,MOCKLOAD,2026-09-12 23:05:02
1005,505,100503025,2026-09-04,100503,103,2026-09-04,25,349.67,MK,23,33,11539.11,2510.91,10055,2026-09-09,Y,2026-09-04,MOCKLOAD,2026-09-12 23:05:02
1005,505,100503026,2026-09-05,100503,113,2026-09-05,26,288.44,MK,16,70,20190.8,4393.52,10055,2026-09-09,Y,2026-09-05,MOCKLOAD,2026-09-12 23:05:02
1005,505,100503027,2026-09-06,100503,118,2026-09-06,27,482.4,MK,17,22,10612.8,2309.35,10055,2026-09-09,Y,2026-09-06,MOCKLOAD,2026-09-12 23:05:02
1005,505,100503028,2026-09-07,100503,116,2026-09-07,28,470.7,MK,17,45,21181.5,4609.09,10055,2026-09-09,Y,2026-09-07,MOCKLOAD,2026-09-12 23:05:02
1005,505,100503029,2026-09-08,100503,110,2026-09-08,29,369.91,MK,14,40,14796.4,3219.7,10055,2026-09-09,Y,2026-09-08,MOCKLOAD,2026-09-12 23:05:02
1005,505,100503030,2026-09-09,100503,104,2026-09-09,30,278.68,MK,25,21,5852.28,1273.46,10055,2026-09-09,Y,2026-09-09,MOCKLOAD,2026-09-12 23:05:02
1005,505,100504001,2026-08-11,100504,115,2026-08-11,1,31.78,MK,17,31,985.18,214.38,10051,2026-08-16,Y,2026-08-11,MOCKLOAD,2026-09-12 23:05:02
1005,505,100504002,2026-08-12,100504,119,2026-08-12,2,45.45,MK,13,47,2136.15,464.83,10051,2026-08-16,Y,2026-08-12,MOCKLOAD,2026-09-12 23:05:02
1005,505,100504003,2026-08-13,100504,113,2026-08-13,3,168.19,MK,16,49,8241.31,1793.31,10051,2026-08-16,Y,2026-08-13,MOCKLOAD,2026-09-12 23:05:02
1005,505,100504004,2026-08-14,100504,111,2026-08-14,4,53.81,MK,13,75,4035.75,878.18,10051,2026-08-16,Y,2026-08-14,MOCKLOAD,2026-09-12 23:05:02
1005,505,100504005,2026-08-15,100504,108,2026-08-15,5,430.35,MK,13,86,37010.1,8053.4,10051,2026-08-16,Y,2026-08-15,MOCKLOAD,2026-09-12 23:05:02
1005,505,100504006,2026-08-16,100504,112,2026-08-16,6,228.92,MK,22,52,11903.84,2590.28,10051,2026-08-16,Y,2026-08-16,MOCKLOAD,2026-09-12 23:05:02
1005,505,100504007,2026-08-17,100504,116,2026-08-17,7,209.42,MK,12,90,18847.8,4101.28,10052,2026-08-22,Y,2026-08-17,MOCKLOAD,2026-09-12 23:05:02
1005,505,100504008,2026-08-18,100504,107,2026-08-18,8,477.37,MK,15,67,31983.79,6959.67,10052,2026-08-22,Y,2026-08-18,MOCKLOAD,2026-09-12 23:05:02
1005,505,100504009,2026-08-19,100504,119,2026-08-19,9,402.12,MK,22,34,13672.08,2975.04,10052,2026-08-22,Y,2026-08-19,MOCKLOAD,2026-09-12 23:05:02
1005,505,100504010,2026-08-20,100504,112,2026-08-20,10,478.35,MK,29,42,20090.7,4371.74,10052,2026-08-22,Y,2026-08-20,MOCKLOAD,2026-09-12 23:05:02
1005,505,100504011,2026-08-21,100504,101,2026-08-21,11,119.79,MK,28,65,7786.35,1694.31,10052,2026-08-22,Y,2026-08-21,MOCKLOAD,2026-09-12 23:05:02
1005,505,100504012,2026-08-22,100504,120,2026-08-22,12,157.96,MK,11,60,9477.6,2062.33,10052,2026-08-22,Y,2026-08-22,MOCKLOAD,2026-09-12 23:05:02
1005,505,100504013,2026-08-23,100504,105,2026-08-23,13,11.37,MK,25,36,409.32,89.07,10053,2026-08-28,Y,2026-08-23,MOCKLOAD,2026-09-12 23:05:02
1005,505,100504014,2026-08-24,100504,103,2026-08-24,14,154.78,MK,21,77,11918.06,2593.37,10053,2026-08-28,Y,2026-08-24,MOCKLOAD,2026-09-12 23:05:02
1005,505,100504015,2026-08-25,100504,112,2026-08-25,15,370.25,MK,27,76,28139,6123.05,10053,2026-08-28,Y,2026-08-25,MOCKLOAD,2026-09-12 23:05:02
1005,505,100504016,2026-08-26,100504,104,2026-08-26,16,319.57,MK,14,42,13421.94,2920.61,10053,2026-08-28,Y,2026-08-26,MOCKLOAD,2026-09-12 23:05:02
1005,505,100504017,2026-08-27,100504,120,2026-08-27,17,122.73,MK,25,46,5645.58,1228.48,10053,2026-08-28,Y,2026-08-27,MOCKLOAD,2026-09-12 23:05:02
1005,505,100504018,2026-08-28,100504,116,2026-08-28,18,147.54,MK,15,85,12540.9,2728.9,10053,2026-08-28,Y,2026-08-28,MOCKLOAD,2026-09-12 23:05:02
1005,505,100504019,2026-08-29,100504,110,2026-08-29,19,166.52,MK,23,74,12322.48,2681.37,10054,2026-09-03,Y,2026-08-29,MOCKLOAD,2026-09-12 23:05:02
1005,505,100504020,2026-08-30,100504,108,2026-08-30,20,469.97,MK,25,54,25378.38,5522.34,10054,2026-09-03,Y,2026-08-30,MOCKLOAD,2026-09-12 23:05:02
1005,505,100504021,2026-08-31,100504,110,2026-08-31,21,342.1,MK,20,37,12657.7,2754.32,10054,2026-09-03,Y,2026-08-31,MOCKLOAD,2026-09-12 23:05:02
1005,505,100504022,2026-09-01,100504,102,2026-09-01,22,24.5,MK,13,75,1837.5,399.84,10054,2026-09-03,Y,2026-09-01,MOCKLOAD,2026-09-12 23:05:02
1005,505,100504023,2026-09-02,100504,102,2026-09-02,23,111.2,MK,19,70,7784,1693.8,10054,2026-09-03,Y,2026-09-02,MOCKLOAD,2026-09-12 23:05:02
1005,505,100504024,2026-09-03,100504,118,2026-09-03,24,122.33,MK,24,52,6361.16,1384.19,10054,2026-09-03,Y,2026-09-03,MOCKLOAD,2026-09-12 23:05:02
1005,505,100504025,2026-09-04,100504,120,2026-09-04,25,471.79,MK,15,31,14625.49,3182.51,10055,2026-09-09,Y,2026-09-04,MOCKLOAD,2026-09-12 23:05:02
1005,505,100504026,2026-09-05,100504,116,2026-09-05,26,373.58,MK,11,41,15316.78,3332.93,10055,2026-09-09,Y,2026-09-05,MOCKLOAD,2026-09-12 23:05:02
1005,505,100504027,2026-09-06,100504,103,2026-09-06,27,36.29,MK,25,50,1814.5,394.84,10055,2026-09-09,Y,2026-09-06,MOCKLOAD,2026-09-12 23:05:02
1005,505,100504028,2026-09-07,100504,112,2026-09-07,28,259.48,MK,22,86,22315.28,4855.8,10055,2026-09-09,Y,2026-09-07,MOCKLOAD,2026-09-12 23:05:02
1005,505,100504029,2026-09-08,100504,114,2026-09-08,29,304.35,MK,29,60,18261,3973.59,10055,2026-09-09,Y,2026-09-08,MOCKLOAD,2026-09-12 23:05:02
1005,505,100504030,2026-09-09,100504,110,2026-09-09,30,192.5,MK,13,86,16555,3602.37,10055,2026-09-09,Y,2026-09-09,MOCKLOAD,2026-09-12 23:05:02
1005,505,100505001,2026-08-11,100505,110,2026-08-11,1,162.24,MK,10,70,11356.8,2471.24,10051,2026-08-16,Y,2026-08-11,MOCKLOAD,2026-09-12 23:05:02
1005,505,100505002,2026-08-12,100505,113,2026-08-12,2,303.38,MK,16,44,13348.72,2904.68,10051,2026-08-16,Y,2026-08-12,MOCKLOAD,2026-09-12 23:05:02
1005,505,100505003,2026-08-13,100505,114,2026-08-13,3,453.46,MK,19,2,906.92,197.35,10051,2026-08-16,Y,2026-08-13,MOCKLOAD,2026-09-12 23:05:02
1005,505,100505004,2026-08-14,100505,107,2026-08-14,4,214.4,MK,15,31,6646.4,1446.26,10051,2026-08-16,Y,2026-08-14,MOCKLOAD,2026-09-12 23:05:02
1005,505,100505005,2026-08-15,100505,103,2026-08-15,5,381.83,MK,12,100,38183,8308.62,10051,2026-08-16,Y,2026-08-15,MOCKLOAD,2026-09-12 23:05:02
1005,505,100505006,2026-08-16,100505,120,2026-08-16,6,73.13,MK,20,38,2778.94,604.7,10051,2026-08-16,Y,2026-08-16,MOCKLOAD,2026-09-12 23:05:02
1005,505,100505007,2026-08-17,100505,111,2026-08-17,7,367.7,MK,28,11,4044.7,880.13,10052,2026-08-22,Y,2026-08-17,MOCKLOAD,2026-09-12 23:05:02
1005,505,100505008,2026-08-18,100505,103,2026-08-18,8,440.3,MK,27,7,3082.1,670.66,10052,2026-08-22,Y,2026-08-18,MOCKLOAD,2026-09-12 23:05:02
1005,505,100505009,2026-08-19,100505,111,2026-08-19,9,391.35,MK,12,19,7435.65,1618,10052,2026-08-22,Y,2026-08-19,MOCKLOAD,2026-09-12 23:05:02
1005,505,100505010,2026-08-20,100505,103,2026-08-20,10,413.05,MK,16,6,2478.3,539.28,10052,2026-08-22,Y,2026-08-20,MOCKLOAD,2026-09-12 23:05:02
1005,505,100505011,2026-08-21,100505,115,2026-08-21,11,392.62,MK,23,37,14526.94,3161.06,10052,2026-08-22,Y,2026-08-21,MOCKLOAD,2026-09-12 23:05:02
1005,505,100505012,2026-08-22,100505,112,2026-08-22,12,146.26,MK,12,45,6581.7,1432.18,10052,2026-08-22,Y,2026-08-22,MOCKLOAD,2026-09-12 23:05:02
1005,505,100505013,2026-08-23,100505,113,2026-08-23,13,442.76,MK,17,82,36306.32,7900.26,10053,2026-08-28,Y,2026-08-23,MOCKLOAD,2026-09-12 23:05:02
1005,505,100505014,2026-08-24,100505,113,2026-08-24,14,182.98,MK,20,66,12076.68,2627.89,10053,2026-08-28,Y,2026-08-24,MOCKLOAD,2026-09-12 23:05:02
1005,505,100505015,2026-08-25,100505,109,2026-08-25,15,38.25,MK,19,55,2103.75,457.78,10053,2026-08-28,Y,2026-08-25,MOCKLOAD,2026-09-12 23:05:02
1005,505,100505016,2026-08-26,100505,120,2026-08-26,16,294.17,MK,24,64,18826.88,4096.73,10053,2026-08-28,Y,2026-08-26,MOCKLOAD,2026-09-12 23:05:02
1005,505,100505017,2026-08-27,100505,111,2026-08-27,17,206.18,MK,10,19,3917.42,852.43,10053,2026-08-28,Y,2026-08-27,MOCKLOAD,2026-09-12 23:05:02
1005,505,100505018,2026-08-28,100505,112,2026-08-28,18,234.84,MK,10,76,17847.84,3883.69,10053,2026-08-28,Y,2026-08-28,MOCKLOAD,2026-09-12 23:05:02
1005,505,100505019,2026-08-29,100505,101,2026-08-29,19,444.37,MK,18,2,888.74,193.39,10054,2026-09-03,Y,2026-08-29,MOCKLOAD,2026-09-12 23:05:02
1005,505,100505020,2026-08-30,100505,117,2026-08-30,20,429.56,MK,26,95,40808.2,8879.86,10054,2026-09-03,Y,2026-08-30,MOCKLOAD,2026-09-12 23:05:02
1005,505,100505021,2026-08-31,100505,114,2026-08-31,21,67.33,MK,24,48,3231.84,703.25,10054,2026-09-03,Y,2026-08-31,MOCKLOAD,2026-09-12 23:05:02
1005,505,100505022,2026-09-01,100505,111,2026-09-01,22,52.45,MK,16,67,3514.15,764.68,10054,2026-09-03,Y,2026-09-01,MOCKLOAD,2026-09-12 23:05:02
1005,505,100505023,2026-09-02,100505,101,2026-09-02,23,450.31,MK,11,9,4052.79,881.89,10054,2026-09-03,Y,2026-09-02,MOCKLOAD,2026-09-12 23:05:02
1005,505,100505024,2026-09-03,100505,110,2026-09-03,24,416.95,MK,27,91,37942.45,8256.28,10054,2026-09-03,Y,2026-09-03,MOCKLOAD,2026-09-12 23:05:02
1005,505,100505025,2026-09-04,100505,108,2026-09-04,25,273.4,MK,28,38,10389.2,2260.69,10055,2026-09-09,Y,2026-09-04,MOCKLOAD,2026-09-12 23:05:02
1005,505,100505026,2026-09-05,100505,101,2026-09-05,26,412.12,MK,14,88,36266.56,7891.6,10055,2026-09-09,Y,2026-09-05,MOCKLOAD,2026-09-12 23:05:02
1005,505,100505027,2026-09-06,100505,103,2026-09-06,27,25.36,MK,26,88,2231.68,485.61,10055,2026-09-09,Y,2026-09-06,MOCKLOAD,2026-09-12 23:05:02
1005,505,100505028,2026-09-07,100505,115,2026-09-07,28,437.03,MK,20,65,28406.95,6181.35,10055,2026-09-09,Y,2026-09-07,MOCKLOAD,2026-09-12 23:05:02
1005,505,100505029,2026-09-08,100505,101,2026-09-08,29,370.76,MK,11,13,4819.88,1048.81,10055,2026-09-09,Y,2026-09-08,MOCKLOAD,2026-09-12 23:05:02
1005,505,100505030,2026-09-09,100505,119,2026-09-09,30,135.29,MK,26,12,1623.48,353.27,10055,2026-09-09,Y,2026-09-09,MOCKLOAD,2026-09-12 23:05:02
1005,505,100506001,2026-08-11,100506,102,2026-08-11,1,421.47,MK,10,91,38353.77,8345.78,10051,2026-08-16,Y,2026-08-11,MOCKLOAD,2026-09-12 23:05:02
1005,505,100506002,2026-08-12,100506,112,2026-08-12,2,488.72,MK,20,23,11240.56,2445.95,10051,2026-08-16,Y,2026-08-12,MOCKLOAD,2026-09-12 23:05:02
1005,505,100506003,2026-08-13,100506,109,2026-08-13,3,13.88,MK,13,86,1193.68,259.74,10051,2026-08-16,Y,2026-08-13,MOCKLOAD,2026-09-12 23:05:02
1005,505,100506004,2026-08-14,100506,114,2026-08-14,4,400.69,MK,21,13,5208.97,1133.47,10051,2026-08-16,Y,2026-08-14,MOCKLOAD,2026-09-12 23:05:02
1005,505,100506005,2026-08-15,100506,108,2026-08-15,5,84.24,MK,19,4,336.96,73.32,10051,2026-08-16,Y,2026-08-15,MOCKLOAD,2026-09-12 23:05:02
1005,505,100506006,2026-08-16,100506,119,2026-08-16,6,32.95,MK,24,94,3097.3,673.97,10051,2026-08-16,Y,2026-08-16,MOCKLOAD,2026-09-12 23:05:02
1005,505,100506007,2026-08-17,100506,101,2026-08-17,7,64.94,MK,18,31,2013.14,438.06,10052,2026-08-22,Y,2026-08-17,MOCKLOAD,2026-09-12 23:05:02
1005,505,100506008,2026-08-18,100506,111,2026-08-18,8,145.41,MK,13,7,1017.87,221.49,10052,2026-08-22,Y,2026-08-18,MOCKLOAD,2026-09-12 23:05:02
1005,505,100506009,2026-08-19,100506,117,2026-08-19,9,271.74,MK,22,55,14945.7,3252.18,10052,2026-08-22,Y,2026-08-19,MOCKLOAD,2026-09-12 23:05:02
1005,505,100506010,2026-08-20,100506,109,2026-08-20,10,138.18,MK,21,20,2763.6,601.36,10052,2026-08-22,Y,2026-08-20,MOCKLOAD,2026-09-12 23:05:02
1005,505,100506011,2026-08-21,100506,109,2026-08-21,11,496.1,MK,27,28,13890.8,3022.64,10052,2026-08-22,Y,2026-08-21,MOCKLOAD,2026-09-12 23:05:02
1005,505,100506012,2026-08-22,100506,118,2026-08-22,12,103.04,MK,21,64,6594.56,1434.98,10052,2026-08-22,Y,2026-08-22,MOCKLOAD,2026-09-12 23:05:02
1005,505,100506013,2026-08-23,100506,111,2026-08-23,13,353.02,MK,29,70,24711.4,5377.2,10053,2026-08-28,Y,2026-08-23,MOCKLOAD,2026-09-12 23:05:02
1005,505,100506014,2026-08-24,100506,115,2026-08-24,14,340.52,MK,20,90,30646.8,6668.74,10053,2026-08-28,Y,2026-08-24,MOCKLOAD,2026-09-12 23:05:02
1005,505,100506015,2026-08-25,100506,111,2026-08-25,15,80.07,MK,15,25,2001.75,435.58,10053,2026-08-28,Y,2026-08-25,MOCKLOAD,2026-09-12 23:05:02
1005,505,100506016,2026-08-26,100506,103,2026-08-26,16,156.37,MK,13,63,9851.31,2143.65,10053,2026-08-28,Y,2026-08-26,MOCKLOAD,2026-09-12 23:05:02
1005,505,100506017,2026-08-27,100506,101,2026-08-27,17,293.52,MK,14,54,15850.08,3448.98,10053,2026-08-28,Y,2026-08-27,MOCKLOAD,2026-09-12 23:05:02
1005,505,100506018,2026-08-28,100506,105,2026-08-28,18,179.2,MK,11,6,1075.2,233.96,10053,2026-08-28,Y,2026-08-28,MOCKLOAD,2026-09-12 23:05:02
1005,505,100506019,2026-08-29,100506,112,2026-08-29,19,240.73,MK,11,73,17573.29,3823.95,10054,2026-09-03,Y,2026-08-29,MOCKLOAD,2026-09-12 23:05:02
1005,505,100506020,2026-08-30,100506,106,2026-08-30,20,303.16,MK,18,19,5760.04,1253.38,10054,2026-09-03,Y,2026-08-30,MOCKLOAD,2026-09-12 23:05:02
1005,505,100506021,2026-08-31,100506,110,2026-08-31,21,41.01,MK,22,63,2583.63,562.2,10054,2026-09-03,Y,2026-08-31,MOCKLOAD,2026-09-12 23:05:02
1005,505,100506022,2026-09-01,100506,114,2026-09-01,22,24.68,MK,16,91,2245.88,488.7,10054,2026-09-03,Y,2026-09-01,MOCKLOAD,2026-09-12 23:05:02
1005,505,100506023,2026-09-02,100506,106,2026-09-02,23,144.3,MK,14,98,14141.4,3077.17,10054,2026-09-03,Y,2026-09-02,MOCKLOAD,2026-09-12 23:05:02
1005,505,100506024,2026-09-03,100506,108,2026-09-03,24,177.27,MK,27,72,12763.44,2777.32,10054,2026-09-03,Y,2026-09-03,MOCKLOAD,2026-09-12 23:05:02
1005,505,100506025,2026-09-04,100506,118,2026-09-04,25,182.55,MK,12,23,4198.65,913.63,10055,2026-09-09,Y,2026-09-04,MOCKLOAD,2026-09-12 23:05:02
1005,505,100506026,2026-09-05,100506,114,2026-09-05,26,252.65,MK,24,44,11116.6,2418.97,10055,2026-09-09,Y,2026-09-05,MOCKLOAD,2026-09-12 23:05:02
1005,505,100506027,2026-09-06,100506,110,2026-09-06,27,222.99,MK,13,40,8919.6,1940.9,10055,2026-09-09,Y,2026-09-06,MOCKLOAD,2026-09-12 23:05:02
1005,505,100506028,2026-09-07,100506,114,2026-09-07,28,406.02,MK,22,86,34917.72,7598.1,10055,2026-09-09,Y,2026-09-07,MOCKLOAD,2026-09-12 23:05:02
1005,505,100506029,2026-09-08,100506,120,2026-09-08,29,409.83,MK,27,2,819.66,178.36,10055,2026-09-09,Y,2026-09-08,MOCKLOAD,2026-09-12 23:05:02
1005,505,100506030,2026-09-09,100506,117,2026-09-09,30,492.95,MK,14,40,19718,4290.64,10055,2026-09-09,Y,2026-09-09,MOCKLOAD,2026-09-12 23:05:02
1005,505,100507001,2026-08-11,100507,106,2026-08-11,1,182.62,MK,13,73,13331.26,2900.88,10051,2026-08-16,Y,2026-08-11,MOCKLOAD,2026-09-12 23:05:02
1005,505,100507002,2026-08-12,100507,117,2026-08-12,2,401.9,MK,18,26,10449.4,2273.79,10051,2026-08-16,Y,2026-08-12,MOCKLOAD,2026-09-12 23:05:02
1005,505,100507003,2026-08-13,100507,109,2026-08-13,3,429.86,MK,16,56,24072.16,5238.1,10051,2026-08-16,Y,2026-08-13,MOCKLOAD,2026-09-12 23:05:02
1005,505,100507004,2026-08-14,100507,118,2026-08-14,4,467.76,MK,10,89,41630.64,9058.83,10051,2026-08-16,Y,2026-08-14,MOCKLOAD,2026-09-12 23:05:02
1005,505,100507005,2026-08-15,100507,105,2026-08-15,5,398.93,MK,27,88,35105.84,7639.03,10051,2026-08-16,Y,2026-08-15,MOCKLOAD,2026-09-12 23:05:02
1005,505,100507006,2026-08-16,100507,102,2026-08-16,6,127.84,MK,12,54,6903.36,1502.17,10051,2026-08-16,Y,2026-08-16,MOCKLOAD,2026-09-12 23:05:02
1005,505,100507007,2026-08-17,100507,108,2026-08-17,7,448.16,MK,29,36,16133.76,3510.71,10052,2026-08-22,Y,2026-08-17,MOCKLOAD,2026-09-12 23:05:02
1005,505,100507008,2026-08-18,100507,117,2026-08-18,8,66.7,MK,28,47,3134.9,682.15,10052,2026-08-22,Y,2026-08-18,MOCKLOAD,2026-09-12 23:05:02
1005,505,100507009,2026-08-19,100507,108,2026-08-19,9,137.33,MK,20,42,5767.86,1255.09,10052,2026-08-22,Y,2026-08-19,MOCKLOAD,2026-09-12 23:05:02
1005,505,100507010,2026-08-20,100507,102,2026-08-20,10,419.29,MK,13,80,33543.2,7299,10052,2026-08-22,Y,2026-08-20,MOCKLOAD,2026-09-12 23:05:02
1005,505,100507011,2026-08-21,100507,106,2026-08-21,11,412.52,MK,20,23,9487.96,2064.58,10052,2026-08-22,Y,2026-08-21,MOCKLOAD,2026-09-12 23:05:02
1005,505,100507012,2026-08-22,100507,112,2026-08-22,12,140.61,MK,14,54,7592.94,1652.22,10052,2026-08-22,Y,2026-08-22,MOCKLOAD,2026-09-12 23:05:02
1005,505,100507013,2026-08-23,100507,107,2026-08-23,13,347.51,MK,14,65,22588.15,4915.18,10053,2026-08-28,Y,2026-08-23,MOCKLOAD,2026-09-12 23:05:02
1005,505,100507014,2026-08-24,100507,108,2026-08-24,14,399.59,MK,24,47,18780.73,4086.69,10053,2026-08-28,Y,2026-08-24,MOCKLOAD,2026-09-12 23:05:02
1005,505,100507015,2026-08-25,100507,101,2026-08-25,15,246.32,MK,18,83,20444.56,4448.74,10053,2026-08-28,Y,2026-08-25,MOCKLOAD,2026-09-12 23:05:02
1005,505,100507016,2026-08-26,100507,112,2026-08-26,16,114.52,MK,29,40,4580.8,996.78,10053,2026-08-28,Y,2026-08-26,MOCKLOAD,2026-09-12 23:05:02
1005,505,100507017,2026-08-27,100507,105,2026-08-27,17,99.74,MK,21,49,4887.26,1063.47,10053,2026-08-28,Y,2026-08-27,MOCKLOAD,2026-09-12 23:05:02
1005,505,100507018,2026-08-28,100507,101,2026-08-28,18,219.38,MK,13,48,10530.24,2291.38,10053,2026-08-28,Y,2026-08-28,MOCKLOAD,2026-09-12 23:05:02
1005,505,100507019,2026-08-29,100507,119,2026-08-29,19,37.1,MK,13,13,482.3,104.95,10054,2026-09-03,Y,2026-08-29,MOCKLOAD,2026-09-12 23:05:02
1005,505,100507020,2026-08-30,100507,120,2026-08-30,20,399.61,MK,10,100,39961,8695.51,10054,2026-09-03,Y,2026-08-30,MOCKLOAD,2026-09-12 23:05:02
1005,505,100507021,2026-08-31,100507,116,2026-08-31,21,123.47,MK,20,74,9136.78,1988.16,10054,2026-09-03,Y,2026-08-31,MOCKLOAD,2026-09-12 23:05:02
1005,505,100507022,2026-09-01,100507,110,2026-09-01,22,302.09,MK,21,24,7250.16,1577.63,10054,2026-09-03,Y,2026-09-01,MOCKLOAD,2026-09-12 23:05:02
1005,505,100507023,2026-09-02,100507,114,2026-09-02,23,453.16,MK,20,29,13141.64,2859.62,10054,2026-09-03,Y,2026-09-02,MOCKLOAD,2026-09-12 23:05:02
1005,505,100507024,2026-09-03,100507,116,2026-09-03,24,133.82,MK,15,22,2944.04,640.62,10054,2026-09-03,Y,2026-09-03,MOCKLOAD,2026-09-12 23:05:02
1005,505,100507025,2026-09-04,100507,113,2026-09-04,25,497,MK,15,69,34293,7462.16,10055,2026-09-09,Y,2026-09-04,MOCKLOAD,2026-09-12 23:05:02
1005,505,100507026,2026-09-05,100507,119,2026-09-05,26,241.3,MK,20,75,18097.5,3938.02,10055,2026-09-09,Y,2026-09-05,MOCKLOAD,2026-09-12 23:05:02
1005,505,100507027,2026-09-06,100507,110,2026-09-06,27,229.38,MK,13,35,8028.3,1746.96,10055,2026-09-09,Y,2026-09-06,MOCKLOAD,2026-09-12 23:05:02
1005,505,100507028,2026-09-07,100507,114,2026-09-07,28,368.15,MK,21,29,10676.35,2323.17,10055,2026-09-09,Y,2026-09-07,MOCKLOAD,2026-09-12 23:05:02
1005,505,100507029,2026-09-08,100507,116,2026-09-08,29,212.67,MK,15,3,638.01,138.83,10055,2026-09-09,Y,2026-09-08,MOCKLOAD,2026-09-12 23:05:02
1005,505,100507030,2026-09-09,100507,115,2026-09-09,30,116.37,MK,17,9,1047.33,227.9,10055,2026-09-09,Y,2026-09-09,MOCKLOAD,2026-09-12 23:05:02
1005,505,100508001,2026-08-11,100508,118,2026-08-11,1,266.05,MK,23,3,798.15,173.68,10051,2026-08-16,Y,2026-08-11,MOCKLOAD,2026-09-12 23:05:02
1005,505,100508002,2026-08-12,100508,117,2026-08-12,2,253.18,MK,27,81,20507.58,4462.45,10051,2026-08-16,Y,2026-08-12,MOCKLOAD,2026-09-12 23:05:02
1005,505,100508003,2026-08-13,100508,111,2026-08-13,3,140.16,MK,13,98,13735.68,2988.88,10051,2026-08-16,Y,2026-08-13,MOCKLOAD,2026-09-12 23:05:02
1005,505,100508004,2026-08-14,100508,113,2026-08-14,4,155.67,MK,23,47,7316.49,1592.07,10051,2026-08-16,Y,2026-08-14,MOCKLOAD,2026-09-12 23:05:02
1005,505,100508005,2026-08-15,100508,102,2026-08-15,5,206.46,MK,21,19,3922.74,853.59,10051,2026-08-16,Y,2026-08-15,MOCKLOAD,2026-09-12 23:05:02
1005,505,100508006,2026-08-16,100508,103,2026-08-16,6,474.76,MK,23,51,24212.76,5268.7,10051,2026-08-16,Y,2026-08-16,MOCKLOAD,2026-09-12 23:05:02
1005,505,100508007,2026-08-17,100508,120,2026-08-17,7,144.2,MK,25,14,2018.8,439.29,10052,2026-08-22,Y,2026-08-17,MOCKLOAD,2026-09-12 23:05:02
1005,505,100508008,2026-08-18,100508,103,2026-08-18,8,39.51,MK,21,7,276.57,60.18,10052,2026-08-22,Y,2026-08-18,MOCKLOAD,2026-09-12 23:05:02
1005,505,100508009,2026-08-19,100508,120,2026-08-19,9,479.82,MK,13,19,9116.58,1983.77,10052,2026-08-22,Y,2026-08-19,MOCKLOAD,2026-09-12 23:05:02
1005,505,100508010,2026-08-20,100508,120,2026-08-20,10,219.65,MK,20,87,19109.55,4158.24,10052,2026-08-22,Y,2026-08-20,MOCKLOAD,2026-09-12 23:05:02
1005,505,100508011,2026-08-21,100508,114,2026-08-21,11,337.21,MK,14,84,28325.64,6163.66,10052,2026-08-22,Y,2026-08-21,MOCKLOAD,2026-09-12 23:05:02
1005,505,100508012,2026-08-22,100508,110,2026-08-22,12,321.25,MK,15,46,14777.5,3215.58,10052,2026-08-22,Y,2026-08-22,MOCKLOAD,2026-09-12 23:05:02
1005,505,100508013,2026-08-23,100508,116,2026-08-23,13,186.8,MK,17,92,17185.6,3739.59,10053,2026-08-28,Y,2026-08-23,MOCKLOAD,2026-09-12 23:05:02
1005,505,100508014,2026-08-24,100508,112,2026-08-24,14,468,MK,15,76,35568,7739.6,10053,2026-08-28,Y,2026-08-24,MOCKLOAD,2026-09-12 23:05:02
1005,505,100508015,2026-08-25,100508,105,2026-08-25,15,209.79,MK,18,21,4405.59,958.66,10053,2026-08-28,Y,2026-08-25,MOCKLOAD,2026-09-12 23:05:02
1005,505,100508016,2026-08-26,100508,116,2026-08-26,16,7.26,MK,18,70,508.2,110.58,10053,2026-08-28,Y,2026-08-26,MOCKLOAD,2026-09-12 23:05:02
1005,505,100508017,2026-08-27,100508,116,2026-08-27,17,428.23,MK,11,24,10277.52,2236.39,10053,2026-08-28,Y,2026-08-27,MOCKLOAD,2026-09-12 23:05:02
1005,505,100508018,2026-08-28,100508,106,2026-08-28,18,172.1,MK,23,81,13940.1,3033.37,10053,2026-08-28,Y,2026-08-28,MOCKLOAD,2026-09-12 23:05:02
1005,505,100508019,2026-08-29,100508,104,2026-08-29,19,154.78,MK,17,16,2476.48,538.88,10054,2026-09-03,Y,2026-08-29,MOCKLOAD,2026-09-12 23:05:02
1005,505,100508020,2026-08-30,100508,120,2026-08-30,20,444.57,MK,23,64,28452.48,6191.26,10054,2026-09-03,Y,2026-08-30,MOCKLOAD,2026-09-12 23:05:02
1005,505,100508021,2026-08-31,100508,105,2026-08-31,21,331.97,MK,24,87,28881.39,6284.59,10054,2026-09-03,Y,2026-08-31,MOCKLOAD,2026-09-12 23:05:02
1005,505,100508022,2026-09-01,100508,111,2026-09-01,22,192.54,MK,17,12,2310.48,502.76,10054,2026-09-03,Y,2026-09-01,MOCKLOAD,2026-09-12 23:05:02
1005,505,100508023,2026-09-02,100508,119,2026-09-02,23,365.84,MK,27,97,35486.48,7721.86,10054,2026-09-03,Y,2026-09-02,MOCKLOAD,2026-09-12 23:05:02
1005,505,100508024,2026-09-03,100508,117,2026-09-03,24,307.42,MK,21,49,15063.58,3277.84,10054,2026-09-03,Y,2026-09-03,MOCKLOAD,2026-09-12 23:05:02
1005,505,100508025,2026-09-04,100508,116,2026-09-04,25,378.81,MK,21,73,27653.13,6017.32,10055,2026-09-09,Y,2026-09-04,MOCKLOAD,2026-09-12 23:05:02
1005,505,100508026,2026-09-05,100508,105,2026-09-05,26,107.21,MK,29,47,5038.87,1096.46,10055,2026-09-09,Y,2026-09-05,MOCKLOAD,2026-09-12 23:05:02
1005,505,100508027,2026-09-06,100508,104,2026-09-06,27,447.04,MK,20,95,42468.8,9241.21,10055,2026-09-09,Y,2026-09-06,MOCKLOAD,2026-09-12 23:05:02
1005,505,100508028,2026-09-07,100508,111,2026-09-07,28,226.48,MK,10,94,21289.12,4632.51,10055,2026-09-09,Y,2026-09-07,MOCKLOAD,2026-09-12 23:05:02
1005,505,100508029,2026-09-08,100508,103,2026-09-08,29,160.29,MK,26,58,9296.82,2022.99,10055,2026-09-09,Y,2026-09-08,MOCKLOAD,2026-09-12 23:05:02
1005,505,100508030,2026-09-09,100508,102,2026-09-09,30,162.79,MK,20,22,3581.38,779.31,10055,2026-09-09,Y,2026-09-09,MOCKLOAD,2026-09-12 23:05:02
1005,505,100509001,2026-08-11,100509,116,2026-08-11,1,83.24,MK,29,90,7491.6,1630.17,10051,2026-08-16,Y,2026-08-11,MOCKLOAD,2026-09-12 23:05:02
1005,505,100509002,2026-08-12,100509,111,2026-08-12,2,379.64,MK,22,39,14805.96,3221.78,10051,2026-08-16,Y,2026-08-12,MOCKLOAD,2026-09-12 23:05:02
1005,505,100509003,2026-08-13,100509,111,2026-08-13,3,16.01,MK,12,33,528.33,114.96,10051,2026-08-16,Y,2026-08-13,MOCKLOAD,2026-09-12 23:05:02
1005,505,100509004,2026-08-14,100509,114,2026-08-14,4,116.18,MK,19,74,8597.32,1870.78,10051,2026-08-16,Y,2026-08-14,MOCKLOAD,2026-09-12 23:05:02
1005,505,100509005,2026-08-15,100509,119,2026-08-15,5,271.17,MK,21,38,10304.46,2242.25,10051,2026-08-16,Y,2026-08-15,MOCKLOAD,2026-09-12 23:05:02
1005,505,100509006,2026-08-16,100509,113,2026-08-16,6,282.79,MK,18,6,1696.74,369.21,10051,2026-08-16,Y,2026-08-16,MOCKLOAD,2026-09-12 23:05:02
1005,505,100509007,2026-08-17,100509,104,2026-08-17,7,34.87,MK,10,25,871.75,189.69,10052,2026-08-22,Y,2026-08-17,MOCKLOAD,2026-09-12 23:05:02
1005,505,100509008,2026-08-18,100509,107,2026-08-18,8,28.48,MK,26,67,1908.16,415.22,10052,2026-08-22,Y,2026-08-18,MOCKLOAD,2026-09-12 23:05:02
1005,505,100509009,2026-08-19,100509,113,2026-08-19,9,198.48,MK,24,53,10519.44,2289.03,10052,2026-08-22,Y,2026-08-19,MOCKLOAD,2026-09-12 23:05:02
1005,505,100509010,2026-08-20,100509,116,2026-08-20,10,174.15,MK,22,67,11668.05,2538.97,10052,2026-08-22,Y,2026-08-20,MOCKLOAD,2026-09-12 23:05:02
1005,505,100509011,2026-08-21,100509,115,2026-08-21,11,487.68,MK,19,68,33162.24,7216.1,10052,2026-08-22,Y,2026-08-21,MOCKLOAD,2026-09-12 23:05:02
1005,505,100509012,2026-08-22,100509,119,2026-08-22,12,62.59,MK,22,41,2566.19,558.4,10052,2026-08-22,Y,2026-08-22,MOCKLOAD,2026-09-12 23:05:02
1005,505,100509013,2026-08-23,100509,108,2026-08-23,13,148.8,MK,26,52,7737.6,1683.7,10053,2026-08-28,Y,2026-08-23,MOCKLOAD,2026-09-12 23:05:02
1005,505,100509014,2026-08-24,100509,112,2026-08-24,14,259.72,MK,27,95,24673.4,5368.93,10053,2026-08-28,Y,2026-08-24,MOCKLOAD,2026-09-12 23:05:02
1005,505,100509015,2026-08-25,100509,118,2026-08-25,15,21.92,MK,23,7,153.44,33.39,10053,2026-08-28,Y,2026-08-25,MOCKLOAD,2026-09-12 23:05:02
1005,505,100509016,2026-08-26,100509,107,2026-08-26,16,336.63,MK,27,86,28950.18,6299.56,10053,2026-08-28,Y,2026-08-26,MOCKLOAD,2026-09-12 23:05:02
1005,505,100509017,2026-08-27,100509,118,2026-08-27,17,54.94,MK,12,15,824.1,179.32,10053,2026-08-28,Y,2026-08-27,MOCKLOAD,2026-09-12 23:05:02
1005,505,100509018,2026-08-28,100509,120,2026-08-28,18,197.02,MK,19,13,2561.26,557.33,10053,2026-08-28,Y,2026-08-28,MOCKLOAD,2026-09-12 23:05:02
1005,505,100509019,2026-08-29,100509,108,2026-08-29,19,273.07,MK,10,81,22118.67,4813.02,10054,2026-09-03,Y,2026-08-29,MOCKLOAD,2026-09-12 23:05:02
1005,505,100509020,2026-08-30,100509,111,2026-08-30,20,246.83,MK,24,4,987.32,214.84,10054,2026-09-03,Y,2026-08-30,MOCKLOAD,2026-09-12 23:05:02
1005,505,100509021,2026-08-31,100509,109,2026-08-31,21,324.57,MK,17,85,27588.45,6003.25,10054,2026-09-03,Y,2026-08-31,MOCKLOAD,2026-09-12 23:05:02
1005,505,100509022,2026-09-01,100509,117,2026-09-01,22,483.76,MK,25,41,19834.16,4315.91,10054,2026-09-03,Y,2026-09-01,MOCKLOAD,2026-09-12 23:05:02
1005,505,100509023,2026-09-02,100509,116,2026-09-02,23,389.79,MK,14,75,29234.25,6361.37,10054,2026-09-03,Y,2026-09-02,MOCKLOAD,2026-09-12 23:05:02
1005,505,100509024,2026-09-03,100509,104,2026-09-03,24,373.7,MK,26,28,10463.6,2276.88,10054,2026-09-03,Y,2026-09-03,MOCKLOAD,2026-09-12 23:05:02
1005,505,100509025,2026-09-04,100509,107,2026-09-04,25,450.92,MK,26,53,23898.76,5200.37,10055,2026-09-09,Y,2026-09-04,MOCKLOAD,2026-09-12 23:05:02
1005,505,100509026,2026-09-05,100509,114,2026-09-05,26,89.45,MK,21,35,3130.75,681.25,10055,2026-09-09,Y,2026-09-05,MOCKLOAD,2026-09-12 23:05:02
1005,505,100509027,2026-09-06,100509,113,2026-09-06,27,128.25,MK,19,38,4873.5,1060.47,10055,2026-09-09,Y,2026-09-06,MOCKLOAD,2026-09-12 23:05:02
1005,505,100509028,2026-09-07,100509,120,2026-09-07,28,70.18,MK,27,90,6316.2,1374.41,10055,2026-09-09,Y,2026-09-07,MOCKLOAD,2026-09-12 23:05:02
1005,505,100509029,2026-09-08,100509,102,2026-09-08,29,493.89,MK,15,14,6914.46,1504.59,10055,2026-09-09,Y,2026-09-08,MOCKLOAD,2026-09-12 23:05:02
1005,505,100509030,2026-09-09,100509,117,2026-09-09,30,327.11,MK,19,31,10140.41,2206.55,10055,2026-09-09,Y,2026-09-09,MOCKLOAD,2026-09-12 23:05:02
1005,505,100510001,2026-08-11,100510,110,2026-08-11,1,151.97,MK,17,61,9270.17,2017.19,10051,2026-08-16,Y,2026-08-11,MOCKLOAD,2026-09-12 23:05:02
1005,505,100510002,2026-08-12,100510,118,2026-08-12,2,302.41,MK,27,66,19959.06,4343.09,10051,2026-08-16,Y,2026-08-12,MOCKLOAD,2026-09-12 23:05:02
1005,505,100510003,2026-08-13,100510,107,2026-08-13,3,43.68,MK,11,63,2751.84,598.8,10051,2026-08-16,Y,2026-08-13,MOCKLOAD,2026-09-12 23:05:02
1005,505,100510004,2026-08-14,100510,103,2026-08-14,4,329.96,MK,16,37,12208.52,2656.57,10051,2026-08-16,Y,2026-08-14,MOCKLOAD,2026-09-12 23:05:02
1005,505,100510005,2026-08-15,100510,106,2026-08-15,5,348.38,MK,24,45,15677.1,3411.34,10051,2026-08-16,Y,2026-08-15,MOCKLOAD,2026-09-12 23:05:02
1005,505,100510006,2026-08-16,100510,117,2026-08-16,6,475.33,MK,25,58,27569.14,5999.04,10051,2026-08-16,Y,2026-08-16,MOCKLOAD,2026-09-12 23:05:02
1005,505,100510007,2026-08-17,100510,110,2026-08-17,7,111.84,MK,22,52,5815.68,1265.49,10052,2026-08-22,Y,2026-08-17,MOCKLOAD,2026-09-12 23:05:02
1005,505,100510008,2026-08-18,100510,103,2026-08-18,8,222.3,MK,27,26,5779.8,1257.68,10052,2026-08-22,Y,2026-08-18,MOCKLOAD,2026-09-12 23:05:02
1005,505,100510009,2026-08-19,100510,113,2026-08-19,9,180.37,MK,23,13,2344.81,510.23,10052,2026-08-22,Y,2026-08-19,MOCKLOAD,2026-09-12 23:05:02
1005,505,100510010,2026-08-20,100510,118,2026-08-20,10,102.17,MK,10,87,8888.79,1934.2,10052,2026-08-22,Y,2026-08-20,MOCKLOAD,2026-09-12 23:05:02
1005,505,100510011,2026-08-21,100510,107,2026-08-21,11,220.79,MK,19,57,12585.03,2738.5,10052,2026-08-22,Y,2026-08-21,MOCKLOAD,2026-09-12 23:05:02
1005,505,100510012,2026-08-22,100510,120,2026-08-22,12,217.82,MK,29,92,20039.44,4360.58,10052,2026-08-22,Y,2026-08-22,MOCKLOAD,2026-09-12 23:05:02
1005,505,100510013,2026-08-23,100510,101,2026-08-23,13,102.68,MK,26,87,8933.16,1943.86,10053,2026-08-28,Y,2026-08-23,MOCKLOAD,2026-09-12 23:05:02
1005,505,100510014,2026-08-24,100510,111,2026-08-24,14,271.07,MK,11,41,11113.87,2418.38,10053,2026-08-28,Y,2026-08-24,MOCKLOAD,2026-09-12 23:05:02
1005,505,100510015,2026-08-25,100510,108,2026-08-25,15,25.3,MK,29,35,885.5,192.68,10053,2026-08-28,Y,2026-08-25,MOCKLOAD,2026-09-12 23:05:02
1005,505,100510016,2026-08-26,100510,119,2026-08-26,16,396.98,MK,29,50,19849,4319.14,10053,2026-08-28,Y,2026-08-26,MOCKLOAD,2026-09-12 23:05:02
1005,505,100510017,2026-08-27,100510,105,2026-08-27,17,384,MK,27,77,29568,6434,10053,2026-08-28,Y,2026-08-27,MOCKLOAD,2026-09-12 23:05:02
1005,505,100510018,2026-08-28,100510,104,2026-08-28,18,36.12,MK,24,60,2167.2,471.58,10053,2026-08-28,Y,2026-08-28,MOCKLOAD,2026-09-12 23:05:02
1005,505,100510019,2026-08-29,100510,109,2026-08-29,19,24.51,MK,24,19,465.69,101.33,10054,2026-09-03,Y,2026-08-29,MOCKLOAD,2026-09-12 23:05:02
1005,505,100510020,2026-08-30,100510,117,2026-08-30,20,99.94,MK,18,76,7595.44,1652.77,10054,2026-09-03,Y,2026-08-30,MOCKLOAD,2026-09-12 23:05:02
1005,505,100510021,2026-08-31,100510,116,2026-08-31,21,151.34,MK,14,48,7264.32,1580.72,10054,2026-09-03,Y,2026-08-31,MOCKLOAD,2026-09-12 23:05:02
1005,505,100510022,2026-09-01,100510,101,2026-09-01,22,180.98,MK,26,75,13573.5,2953.59,10054,2026-09-03,Y,2026-09-01,MOCKLOAD,2026-09-12 23:05:02
1005,505,100510023,2026-09-02,100510,114,2026-09-02,23,66.95,MK,13,79,5289.05,1150.9,10054,2026-09-03,Y,2026-09-02,MOCKLOAD,2026-09-12 23:05:02
1005,505,100510024,2026-09-03,100510,110,2026-09-03,24,485.91,MK,20,25,12147.75,2643.35,10054,2026-09-03,Y,2026-09-03,MOCKLOAD,2026-09-12 23:05:02
1005,505,100510025,2026-09-04,100510,108,2026-09-04,25,425.13,MK,17,34,14454.42,3145.28,10055,2026-09-09,Y,2026-09-04,MOCKLOAD,2026-09-12 23:05:02
1005,505,100510026,2026-09-05,100510,111,2026-09-05,26,320.05,MK,18,28,8961.4,1950,10055,2026-09-09,Y,2026-09-05,MOCKLOAD,2026-09-12 23:05:02
1005,505,100510027,2026-09-06,100510,107,2026-09-06,27,75.94,MK,23,50,3797,826.23,10055,2026-09-09,Y,2026-09-06,MOCKLOAD,2026-09-12 23:05:02
1005,505,100510028,2026-09-07,100510,120,2026-09-07,28,429.04,MK,26,49,21022.96,4574.6,10055,2026-09-09,Y,2026-09-07,MOCKLOAD,2026-09-12 23:05:02
1005,505,100510029,2026-09-08,100510,119,2026-09-08,29,385.49,MK,26,51,19659.99,4278.01,10055,2026-09-09,Y,2026-09-08,MOCKLOAD,2026-09-12 23:05:02
1005,505,100510030,2026-09-09,100510,106,2026-09-09,30,274.2,MK,11,97,26597.4,5787.59,10055,2026-09-09,Y,2026-09-09,MOCKLOAD,2026-09-12 23:05:02
1006,506,100601001,2026-08-11,100601,103,2026-08-11,1,139.49,MK,26,38,5300.62,979.02,10061,2026-08-16,Y,2026-08-11,MOCKLOAD,2026-09-12 23:05:02
1006,506,100601002,2026-08-12,100601,108,2026-08-12,2,277.62,MK,28,19,5274.78,974.25,10061,2026-08-16,Y,2026-08-12,MOCKLOAD,2026-09-12 23:05:02
1006,506,100601003,2026-08-13,100601,103,2026-08-13,3,124.88,MK,18,23,2872.24,530.5,10061,2026-08-16,Y,2026-08-13,MOCKLOAD,2026-09-12 23:05:02
1006,506,100601004,2026-08-14,100601,111,2026-08-14,4,62.68,MK,25,16,1002.88,185.23,10061,2026-08-16,Y,2026-08-14,MOCKLOAD,2026-09-12 23:05:02
1006,506,100601005,2026-08-15,100601,104,2026-08-15,5,32.17,MK,21,47,1511.99,279.26,10061,2026-08-16,Y,2026-08-15,MOCKLOAD,2026-09-12 23:05:02
1006,506,100601006,2026-08-16,100601,106,2026-08-16,6,462.68,MK,13,55,25447.4,4700.13,10061,2026-08-16,Y,2026-08-16,MOCKLOAD,2026-09-12 23:05:02
1006,506,100601007,2026-08-17,100601,103,2026-08-17,7,354.09,MK,25,41,14517.69,2681.42,10062,2026-08-22,Y,2026-08-17,MOCKLOAD,2026-09-12 23:05:02
1006,506,100601008,2026-08-18,100601,116,2026-08-18,8,288,MK,25,61,17568,3244.81,10062,2026-08-22,Y,2026-08-18,MOCKLOAD,2026-09-12 23:05:02
1006,506,100601009,2026-08-19,100601,115,2026-08-19,9,211.04,MK,27,49,10340.96,1909.98,10062,2026-08-22,Y,2026-08-19,MOCKLOAD,2026-09-12 23:05:02
1006,506,100601010,2026-08-20,100601,111,2026-08-20,10,459.6,MK,11,96,44121.6,8149.26,10062,2026-08-22,Y,2026-08-20,MOCKLOAD,2026-09-12 23:05:02
1006,506,100601011,2026-08-21,100601,108,2026-08-21,11,232.49,MK,19,54,12554.46,2318.81,10062,2026-08-22,Y,2026-08-21,MOCKLOAD,2026-09-12 23:05:02
1006,506,100601012,2026-08-22,100601,117,2026-08-22,12,90.53,MK,13,17,1539.01,284.26,10062,2026-08-22,Y,2026-08-22,MOCKLOAD,2026-09-12 23:05:02
1006,506,100601013,2026-08-23,100601,105,2026-08-23,13,238.8,MK,20,37,8835.6,1631.94,10063,2026-08-28,Y,2026-08-23,MOCKLOAD,2026-09-12 23:05:02
1006,506,100601014,2026-08-24,100601,113,2026-08-24,14,38.66,MK,27,83,3208.78,592.66,10063,2026-08-28,Y,2026-08-24,MOCKLOAD,2026-09-12 23:05:02
1006,506,100601015,2026-08-25,100601,117,2026-08-25,15,231.48,MK,14,67,15509.16,2864.54,10063,2026-08-28,Y,2026-08-25,MOCKLOAD,2026-09-12 23:05:02
1006,506,100601016,2026-08-26,100601,117,2026-08-26,16,238.35,MK,25,80,19068,3521.86,10063,2026-08-28,Y,2026-08-26,MOCKLOAD,2026-09-12 23:05:02
1006,506,100601017,2026-08-27,100601,103,2026-08-27,17,324.9,MK,10,1,324.9,60.01,10063,2026-08-28,Y,2026-08-27,MOCKLOAD,2026-09-12 23:05:02
1006,506,100601018,2026-08-28,100601,105,2026-08-28,18,334.29,MK,14,88,29417.52,5433.42,10063,2026-08-28,Y,2026-08-28,MOCKLOAD,2026-09-12 23:05:02
1006,506,100601019,2026-08-29,100601,120,2026-08-29,19,314.52,MK,24,15,4717.8,871.38,10064,2026-09-03,Y,2026-08-29,MOCKLOAD,2026-09-12 23:05:02
1006,506,100601020,2026-08-30,100601,109,2026-08-30,20,344.81,MK,18,4,1379.24,254.75,10064,2026-09-03,Y,2026-08-30,MOCKLOAD,2026-09-12 23:05:02
1006,506,100601021,2026-08-31,100601,119,2026-08-31,21,92.86,MK,14,82,7614.52,1406.4,10064,2026-09-03,Y,2026-08-31,MOCKLOAD,2026-09-12 23:05:02
1006,506,100601022,2026-09-01,100601,114,2026-09-01,22,451.54,MK,14,71,32059.34,5921.36,10064,2026-09-03,Y,2026-09-01,MOCKLOAD,2026-09-12 23:05:02
1006,506,100601023,2026-09-02,100601,116,2026-09-02,23,182.4,MK,24,18,3283.2,606.41,10064,2026-09-03,Y,2026-09-02,MOCKLOAD,2026-09-12 23:05:02
1006,506,100601024,2026-09-03,100601,109,2026-09-03,24,247.96,MK,26,10,2479.6,457.98,10064,2026-09-03,Y,2026-09-03,MOCKLOAD,2026-09-12 23:05:02
1006,506,100601025,2026-09-04,100601,112,2026-09-04,25,341.67,MK,23,97,33141.99,6121.33,10065,2026-09-09,Y,2026-09-04,MOCKLOAD,2026-09-12 23:05:02
1006,506,100601026,2026-09-05,100601,109,2026-09-05,26,375.63,MK,16,37,13898.31,2567.02,10065,2026-09-09,Y,2026-09-05,MOCKLOAD,2026-09-12 23:05:02
1006,506,100601027,2026-09-06,100601,112,2026-09-06,27,146.28,MK,21,95,13896.6,2566.7,10065,2026-09-09,Y,2026-09-06,MOCKLOAD,2026-09-12 23:05:02
1006,506,100601028,2026-09-07,100601,106,2026-09-07,28,253.92,MK,21,44,11172.48,2063.56,10065,2026-09-09,Y,2026-09-07,MOCKLOAD,2026-09-12 23:05:02
1006,506,100601029,2026-09-08,100601,118,2026-09-08,29,378.14,MK,23,44,16638.16,3073.07,10065,2026-09-09,Y,2026-09-08,MOCKLOAD,2026-09-12 23:05:02
1006,506,100601030,2026-09-09,100601,106,2026-09-09,30,129.57,MK,26,12,1554.84,287.18,10065,2026-09-09,Y,2026-09-09,MOCKLOAD,2026-09-12 23:05:02
1006,506,100602001,2026-08-11,100602,111,2026-08-11,1,252.08,MK,10,28,7058.24,1303.66,10061,2026-08-16,Y,2026-08-11,MOCKLOAD,2026-09-12 23:05:02
1006,506,100602002,2026-08-12,100602,101,2026-08-12,2,124.17,MK,28,11,1365.87,252.28,10061,2026-08-16,Y,2026-08-12,MOCKLOAD,2026-09-12 23:05:02
1006,506,100602003,2026-08-13,100602,108,2026-08-13,3,370.74,MK,12,64,23727.36,4382.44,10061,2026-08-16,Y,2026-08-13,MOCKLOAD,2026-09-12 23:05:02
1006,506,100602004,2026-08-14,100602,108,2026-08-14,4,5.73,MK,12,27,154.71,28.57,10061,2026-08-16,Y,2026-08-14,MOCKLOAD,2026-09-12 23:05:02
1006,506,100602005,2026-08-15,100602,108,2026-08-15,5,5.18,MK,24,38,196.84,36.36,10061,2026-08-16,Y,2026-08-15,MOCKLOAD,2026-09-12 23:05:02
1006,506,100602006,2026-08-16,100602,108,2026-08-16,6,389.41,MK,17,1,389.41,71.92,10061,2026-08-16,Y,2026-08-16,MOCKLOAD,2026-09-12 23:05:02
1006,506,100602007,2026-08-17,100602,110,2026-08-17,7,298.06,MK,14,84,25037.04,4624.34,10062,2026-08-22,Y,2026-08-17,MOCKLOAD,2026-09-12 23:05:02
1006,506,100602008,2026-08-18,100602,107,2026-08-18,8,173,MK,16,27,4671,862.73,10062,2026-08-22,Y,2026-08-18,MOCKLOAD,2026-09-12 23:05:02
1006,506,100602009,2026-08-19,100602,101,2026-08-19,9,171.53,MK,15,9,1543.77,285.13,10062,2026-08-22,Y,2026-08-19,MOCKLOAD,2026-09-12 23:05:02
1006,506,100602010,2026-08-20,100602,106,2026-08-20,10,92.91,MK,12,5,464.55,85.8,10062,2026-08-22,Y,2026-08-20,MOCKLOAD,2026-09-12 23:05:02
1006,506,100602011,2026-08-21,100602,104,2026-08-21,11,31.38,MK,25,55,1725.9,318.77,10062,2026-08-22,Y,2026-08-21,MOCKLOAD,2026-09-12 23:05:02
1006,506,100602012,2026-08-22,100602,111,2026-08-22,12,75.33,MK,25,74,5574.42,1029.6,10062,2026-08-22,Y,2026-08-22,MOCKLOAD,2026-09-12 23:05:02
1006,506,100602013,2026-08-23,100602,112,2026-08-23,13,87.35,MK,29,44,3843.4,709.88,10063,2026-08-28,Y,2026-08-23,MOCKLOAD,2026-09-12 23:05:02
1006,506,100602014,2026-08-24,100602,108,2026-08-24,14,214.45,MK,20,70,15011.5,2772.62,10063,2026-08-28,Y,2026-08-24,MOCKLOAD,2026-09-12 23:05:02
1006,506,100602015,2026-08-25,100602,120,2026-08-25,15,267.15,MK,29,85,22707.75,4194.12,10063,2026-08-28,Y,2026-08-25,MOCKLOAD,2026-09-12 23:05:02
1006,506,100602016,2026-08-26,100602,101,2026-08-26,16,25.13,MK,22,1,25.13,4.64,10063,2026-08-28,Y,2026-08-26,MOCKLOAD,2026-09-12 23:05:02
1006,506,100602017,2026-08-27,100602,111,2026-08-27,17,172.48,MK,28,43,7416.64,1369.85,10063,2026-08-28,Y,2026-08-27,MOCKLOAD,2026-09-12 23:05:02
1006,506,100602018,2026-08-28,100602,118,2026-08-28,18,284.06,MK,24,11,3124.66,577.12,10063,2026-08-28,Y,2026-08-28,MOCKLOAD,2026-09-12 23:05:02
1006,506,100602019,2026-08-29,100602,115,2026-08-29,19,473.29,MK,20,12,5679.48,1049,10064,2026-09-03,Y,2026-08-29,MOCKLOAD,2026-09-12 23:05:02
1006,506,100602020,2026-08-30,100602,119,2026-08-30,20,31.66,MK,21,22,696.52,128.65,10064,2026-09-03,Y,2026-08-30,MOCKLOAD,2026-09-12 23:05:02
1006,506,100602021,2026-08-31,100602,103,2026-08-31,21,309.96,MK,11,65,20147.4,3721.22,10064,2026-09-03,Y,2026-08-31,MOCKLOAD,2026-09-12 23:05:02
1006,506,100602022,2026-09-01,100602,111,2026-09-01,22,99.97,MK,24,12,1199.64,221.57,10064,2026-09-03,Y,2026-09-01,MOCKLOAD,2026-09-12 23:05:02
1006,506,100602023,2026-09-02,100602,101,2026-09-02,23,10.89,MK,20,40,435.6,80.46,10064,2026-09-03,Y,2026-09-02,MOCKLOAD,2026-09-12 23:05:02
1006,506,100602024,2026-09-03,100602,102,2026-09-03,24,282.21,MK,11,65,18343.65,3388.07,10064,2026-09-03,Y,2026-09-03,MOCKLOAD,2026-09-12 23:05:02
1006,506,100602025,2026-09-04,100602,102,2026-09-04,25,124.41,MK,17,69,8584.29,1585.52,10065,2026-09-09,Y,2026-09-04,MOCKLOAD,2026-09-12 23:05:03
1006,506,100602026,2026-09-05,100602,113,2026-09-05,26,335.73,MK,25,13,4364.49,806.12,10065,2026-09-09,Y,2026-09-05,MOCKLOAD,2026-09-12 23:05:03
1006,506,100602027,2026-09-06,100602,119,2026-09-06,27,16.4,MK,20,61,1000.4,184.77,10065,2026-09-09,Y,2026-09-06,MOCKLOAD,2026-09-12 23:05:03
1006,506,100602028,2026-09-07,100602,116,2026-09-07,28,255.71,MK,14,89,22758.19,4203.44,10065,2026-09-09,Y,2026-09-07,MOCKLOAD,2026-09-12 23:05:03
1006,506,100602029,2026-09-08,100602,115,2026-09-08,29,8.8,MK,22,21,184.8,34.13,10065,2026-09-09,Y,2026-09-08,MOCKLOAD,2026-09-12 23:05:03
1006,506,100602030,2026-09-09,100602,113,2026-09-09,30,329.43,MK,20,20,6588.6,1216.91,10065,2026-09-09,Y,2026-09-09,MOCKLOAD,2026-09-12 23:05:03
1006,506,100603001,2026-08-11,100603,107,2026-08-11,1,390.64,MK,24,14,5468.96,1010.12,10061,2026-08-16,Y,2026-08-11,MOCKLOAD,2026-09-12 23:05:03
1006,506,100603002,2026-08-12,100603,118,2026-08-12,2,461.69,MK,13,42,19390.98,3581.51,10061,2026-08-16,Y,2026-08-12,MOCKLOAD,2026-09-12 23:05:03
1006,506,100603003,2026-08-13,100603,111,2026-08-13,3,453.89,MK,13,92,41757.88,7712.68,10061,2026-08-16,Y,2026-08-13,MOCKLOAD,2026-09-12 23:05:03
1006,506,100603004,2026-08-14,100603,116,2026-08-14,4,370.67,MK,25,75,27800.25,5134.71,10061,2026-08-16,Y,2026-08-14,MOCKLOAD,2026-09-12 23:05:03
1006,506,100603005,2026-08-15,100603,112,2026-08-15,5,270.6,MK,26,43,11635.8,2149.13,10061,2026-08-16,Y,2026-08-15,MOCKLOAD,2026-09-12 23:05:03
1006,506,100603006,2026-08-16,100603,109,2026-08-16,6,465.55,MK,20,58,27001.9,4987.25,10061,2026-08-16,Y,2026-08-16,MOCKLOAD,2026-09-12 23:05:03
1006,506,100603007,2026-08-17,100603,116,2026-08-17,7,62.25,MK,11,32,1992,367.92,10062,2026-08-22,Y,2026-08-17,MOCKLOAD,2026-09-12 23:05:03
1006,506,100603008,2026-08-18,100603,108,2026-08-18,8,252.2,MK,17,97,24463.4,4518.39,10062,2026-08-22,Y,2026-08-18,MOCKLOAD,2026-09-12 23:05:03
1006,506,100603009,2026-08-19,100603,102,2026-08-19,9,469.92,MK,18,8,3759.36,694.35,10062,2026-08-22,Y,2026-08-19,MOCKLOAD,2026-09-12 23:05:03
1006,506,100603010,2026-08-20,100603,118,2026-08-20,10,161.1,MK,12,35,5638.5,1041.43,10062,2026-08-22,Y,2026-08-20,MOCKLOAD,2026-09-12 23:05:03
1006,506,100603011,2026-08-21,100603,106,2026-08-21,11,58.27,MK,20,88,5127.76,947.1,10062,2026-08-22,Y,2026-08-21,MOCKLOAD,2026-09-12 23:05:03
1006,506,100603012,2026-08-22,100603,110,2026-08-22,12,267.89,MK,27,72,19288.08,3562.51,10062,2026-08-22,Y,2026-08-22,MOCKLOAD,2026-09-12 23:05:03
1006,506,100603013,2026-08-23,100603,104,2026-08-23,13,280.02,MK,24,47,13160.94,2430.83,10063,2026-08-28,Y,2026-08-23,MOCKLOAD,2026-09-12 23:05:03
1006,506,100603014,2026-08-24,100603,117,2026-08-24,14,458.69,MK,11,25,11467.25,2118,10063,2026-08-28,Y,2026-08-24,MOCKLOAD,2026-09-12 23:05:03
1006,506,100603015,2026-08-25,100603,104,2026-08-25,15,460.09,MK,19,98,45088.82,8327.91,10063,2026-08-28,Y,2026-08-25,MOCKLOAD,2026-09-12 23:05:03
1006,506,100603016,2026-08-26,100603,117,2026-08-26,16,47.58,MK,13,22,1046.76,193.34,10063,2026-08-28,Y,2026-08-26,MOCKLOAD,2026-09-12 23:05:03
1006,506,100603017,2026-08-27,100603,119,2026-08-27,17,124.67,MK,26,36,4488.12,828.96,10063,2026-08-28,Y,2026-08-27,MOCKLOAD,2026-09-12 23:05:03
1006,506,100603018,2026-08-28,100603,101,2026-08-28,18,467.19,MK,20,11,5139.09,949.19,10063,2026-08-28,Y,2026-08-28,MOCKLOAD,2026-09-12 23:05:03
1006,506,100603019,2026-08-29,100603,119,2026-08-29,19,309.47,MK,11,85,26304.95,4858.52,10064,2026-09-03,Y,2026-08-29,MOCKLOAD,2026-09-12 23:05:03
1006,506,100603020,2026-08-30,100603,104,2026-08-30,20,463.69,MK,11,3,1391.07,256.93,10064,2026-09-03,Y,2026-08-30,MOCKLOAD,2026-09-12 23:05:03
1006,506,100603021,2026-08-31,100603,105,2026-08-31,21,127.55,MK,28,1,127.55,23.56,10064,2026-09-03,Y,2026-08-31,MOCKLOAD,2026-09-12 23:05:03
1006,506,100603022,2026-09-01,100603,113,2026-09-01,22,350.94,MK,19,86,30180.84,5574.4,10064,2026-09-03,Y,2026-09-01,MOCKLOAD,2026-09-12 23:05:03
1006,506,100603023,2026-09-02,100603,107,2026-09-02,23,308.25,MK,12,83,25584.75,4725.5,10064,2026-09-03,Y,2026-09-02,MOCKLOAD,2026-09-12 23:05:03
1006,506,100603024,2026-09-03,100603,110,2026-09-03,24,400.76,MK,28,9,3606.84,666.18,10064,2026-09-03,Y,2026-09-03,MOCKLOAD,2026-09-12 23:05:03
1006,506,100603025,2026-09-04,100603,109,2026-09-04,25,410.29,MK,14,13,5333.77,985.15,10065,2026-09-09,Y,2026-09-04,MOCKLOAD,2026-09-12 23:05:03
1006,506,100603026,2026-09-05,100603,102,2026-09-05,26,277.86,MK,27,14,3890.04,718.49,10065,2026-09-09,Y,2026-09-05,MOCKLOAD,2026-09-12 23:05:03
1006,506,100603027,2026-09-06,100603,116,2026-09-06,27,274.26,MK,17,78,21392.28,3951.15,10065,2026-09-09,Y,2026-09-06,MOCKLOAD,2026-09-12 23:05:03
1006,506,100603028,2026-09-07,100603,116,2026-09-07,28,417.91,MK,14,34,14208.94,2624.39,10065,2026-09-09,Y,2026-09-07,MOCKLOAD,2026-09-12 23:05:03
1006,506,100603029,2026-09-08,100603,116,2026-09-08,29,226.24,MK,18,70,15836.8,2925.06,10065,2026-09-09,Y,2026-09-08,MOCKLOAD,2026-09-12 23:05:03
1006,506,100603030,2026-09-09,100603,112,2026-09-09,30,206.75,MK,27,68,14059,2596.7,10065,2026-09-09,Y,2026-09-09,MOCKLOAD,2026-09-12 23:05:03
1006,506,100604001,2026-08-11,100604,115,2026-08-11,1,468.46,MK,11,23,10774.58,1990.06,10061,2026-08-16,Y,2026-08-11,MOCKLOAD,2026-09-12 23:05:03
1006,506,100604002,2026-08-12,100604,119,2026-08-12,2,458.03,MK,10,82,37558.46,6937.05,10061,2026-08-16,Y,2026-08-12,MOCKLOAD,2026-09-12 23:05:03
1006,506,100604003,2026-08-13,100604,101,2026-08-13,3,141.72,MK,15,83,11762.76,2172.58,10061,2026-08-16,Y,2026-08-13,MOCKLOAD,2026-09-12 23:05:03
1006,506,100604004,2026-08-14,100604,118,2026-08-14,4,458.61,MK,25,10,4586.1,847.05,10061,2026-08-16,Y,2026-08-14,MOCKLOAD,2026-09-12 23:05:03
1006,506,100604005,2026-08-15,100604,103,2026-08-15,5,481.6,MK,17,60,28896,5337.09,10061,2026-08-16,Y,2026-08-15,MOCKLOAD,2026-09-12 23:05:03
1006,506,100604006,2026-08-16,100604,114,2026-08-16,6,247.68,MK,24,99,24520.32,4528.9,10061,2026-08-16,Y,2026-08-16,MOCKLOAD,2026-09-12 23:05:03
1006,506,100604007,2026-08-17,100604,105,2026-08-17,7,175.77,MK,26,63,11073.51,2045.28,10062,2026-08-22,Y,2026-08-17,MOCKLOAD,2026-09-12 23:05:03
1006,506,100604008,2026-08-18,100604,101,2026-08-18,8,187.99,MK,21,63,11843.37,2187.47,10062,2026-08-22,Y,2026-08-18,MOCKLOAD,2026-09-12 23:05:03
1006,506,100604009,2026-08-19,100604,103,2026-08-19,9,43.87,MK,22,54,2368.98,437.55,10062,2026-08-22,Y,2026-08-19,MOCKLOAD,2026-09-12 23:05:03
1006,506,100604010,2026-08-20,100604,114,2026-08-20,10,283.09,MK,19,52,14720.68,2718.91,10062,2026-08-22,Y,2026-08-20,MOCKLOAD,2026-09-12 23:05:03
1006,506,100604011,2026-08-21,100604,105,2026-08-21,11,207.14,MK,22,99,20506.86,3787.62,10062,2026-08-22,Y,2026-08-21,MOCKLOAD,2026-09-12 23:05:03
1006,506,100604012,2026-08-22,100604,120,2026-08-22,12,48.39,MK,14,5,241.95,44.69,10062,2026-08-22,Y,2026-08-22,MOCKLOAD,2026-09-12 23:05:03
1006,506,100604013,2026-08-23,100604,118,2026-08-23,13,101.03,MK,26,63,6364.89,1175.6,10063,2026-08-28,Y,2026-08-23,MOCKLOAD,2026-09-12 23:05:03
1006,506,100604014,2026-08-24,100604,115,2026-08-24,14,301.89,MK,17,72,21736.08,4014.65,10063,2026-08-28,Y,2026-08-24,MOCKLOAD,2026-09-12 23:05:03
1006,506,100604015,2026-08-25,100604,101,2026-08-25,15,128.89,MK,28,73,9408.97,1737.84,10063,2026-08-28,Y,2026-08-25,MOCKLOAD,2026-09-12 23:05:03
1006,506,100604016,2026-08-26,100604,108,2026-08-26,16,472.53,MK,13,84,39692.52,7331.21,10063,2026-08-28,Y,2026-08-26,MOCKLOAD,2026-09-12 23:05:03
1006,506,100604017,2026-08-27,100604,111,2026-08-27,17,260.06,MK,22,73,18984.38,3506.41,10063,2026-08-28,Y,2026-08-27,MOCKLOAD,2026-09-12 23:05:03
1006,506,100604018,2026-08-28,100604,107,2026-08-28,18,446.82,MK,25,60,26809.2,4951.66,10063,2026-08-28,Y,2026-08-28,MOCKLOAD,2026-09-12 23:05:03
1006,506,100604019,2026-08-29,100604,119,2026-08-29,19,457.13,MK,16,27,12342.51,2279.66,10064,2026-09-03,Y,2026-08-29,MOCKLOAD,2026-09-12 23:05:03
1006,506,100604020,2026-08-30,100604,116,2026-08-30,20,295.57,MK,17,69,20394.33,3766.83,10064,2026-09-03,Y,2026-08-30,MOCKLOAD,2026-09-12 23:05:03
1006,506,100604021,2026-08-31,100604,104,2026-08-31,21,117.93,MK,16,32,3773.76,697.01,10064,2026-09-03,Y,2026-08-31,MOCKLOAD,2026-09-12 23:05:03
1006,506,100604022,2026-09-01,100604,101,2026-09-01,22,234.87,MK,10,23,5402.01,997.75,10064,2026-09-03,Y,2026-09-01,MOCKLOAD,2026-09-12 23:05:03
1006,506,100604023,2026-09-02,100604,106,2026-09-02,23,265.51,MK,25,29,7699.79,1422.15,10064,2026-09-03,Y,2026-09-02,MOCKLOAD,2026-09-12 23:05:03
1006,506,100604024,2026-09-03,100604,115,2026-09-03,24,234.72,MK,19,72,16899.84,3121.4,10064,2026-09-03,Y,2026-09-03,MOCKLOAD,2026-09-12 23:05:03
1006,506,100604025,2026-09-04,100604,101,2026-09-04,25,243.1,MK,12,18,4375.8,808.21,10065,2026-09-09,Y,2026-09-04,MOCKLOAD,2026-09-12 23:05:03
1006,506,100604026,2026-09-05,100604,102,2026-09-05,26,426.26,MK,13,100,42626,7873.02,10065,2026-09-09,Y,2026-09-05,MOCKLOAD,2026-09-12 23:05:03
1006,506,100604027,2026-09-06,100604,114,2026-09-06,27,326.9,MK,14,77,25171.3,4649.14,10065,2026-09-09,Y,2026-09-06,MOCKLOAD,2026-09-12 23:05:03
1006,506,100604028,2026-09-07,100604,103,2026-09-07,28,213.33,MK,25,64,13653.12,2521.73,10065,2026-09-09,Y,2026-09-07,MOCKLOAD,2026-09-12 23:05:03
1006,506,100604029,2026-09-08,100604,105,2026-09-08,29,52.75,MK,25,90,4747.5,876.86,10065,2026-09-09,Y,2026-09-08,MOCKLOAD,2026-09-12 23:05:03
1006,506,100604030,2026-09-09,100604,114,2026-09-09,30,141.59,MK,23,73,10336.07,1909.07,10065,2026-09-09,Y,2026-09-09,MOCKLOAD,2026-09-12 23:05:03
1006,506,100605001,2026-08-11,100605,115,2026-08-11,1,482.23,MK,14,93,44847.39,8283.31,10061,2026-08-16,Y,2026-08-11,MOCKLOAD,2026-09-12 23:05:03
1006,506,100605002,2026-08-12,100605,113,2026-08-12,2,99.22,MK,13,49,4861.78,897.97,10061,2026-08-16,Y,2026-08-12,MOCKLOAD,2026-09-12 23:05:03
1006,506,100605003,2026-08-13,100605,110,2026-08-13,3,100.88,MK,23,95,9583.6,1770.09,10061,2026-08-16,Y,2026-08-13,MOCKLOAD,2026-09-12 23:05:03
1006,506,100605004,2026-08-14,100605,109,2026-08-14,4,333.31,MK,19,11,3666.41,677.19,10061,2026-08-16,Y,2026-08-14,MOCKLOAD,2026-09-12 23:05:03
1006,506,100605005,2026-08-15,100605,114,2026-08-15,5,386.81,MK,15,1,386.81,71.44,10061,2026-08-16,Y,2026-08-15,MOCKLOAD,2026-09-12 23:05:03
1006,506,100605006,2026-08-16,100605,102,2026-08-16,6,172.36,MK,24,93,16029.48,2960.64,10061,2026-08-16,Y,2026-08-16,MOCKLOAD,2026-09-12 23:05:03
1006,506,100605007,2026-08-17,100605,108,2026-08-17,7,357.59,MK,14,3,1072.77,198.14,10062,2026-08-22,Y,2026-08-17,MOCKLOAD,2026-09-12 23:05:03
1006,506,100605008,2026-08-18,100605,103,2026-08-18,8,170.65,MK,15,64,10921.6,2017.22,10062,2026-08-22,Y,2026-08-18,MOCKLOAD,2026-09-12 23:05:03
1006,506,100605009,2026-08-19,100605,111,2026-08-19,9,45.89,MK,26,30,1376.7,254.28,10062,2026-08-22,Y,2026-08-19,MOCKLOAD,2026-09-12 23:05:03
1006,506,100605010,2026-08-20,100605,112,2026-08-20,10,495.27,MK,19,97,48041.19,8873.21,10062,2026-08-22,Y,2026-08-20,MOCKLOAD,2026-09-12 23:05:03
1006,506,100605011,2026-08-21,100605,117,2026-08-21,11,461.91,MK,12,25,11547.75,2132.87,10062,2026-08-22,Y,2026-08-21,MOCKLOAD,2026-09-12 23:05:03
1006,506,100605012,2026-08-22,100605,108,2026-08-22,12,253.45,MK,12,50,12672.5,2340.61,10062,2026-08-22,Y,2026-08-22,MOCKLOAD,2026-09-12 23:05:03
1006,506,100605013,2026-08-23,100605,115,2026-08-23,13,69.32,MK,17,61,4228.52,781.01,10063,2026-08-28,Y,2026-08-23,MOCKLOAD,2026-09-12 23:05:03
1006,506,100605014,2026-08-24,100605,120,2026-08-24,14,428.29,MK,11,55,23555.95,4350.78,10063,2026-08-28,Y,2026-08-24,MOCKLOAD,2026-09-12 23:05:03
1006,506,100605015,2026-08-25,100605,106,2026-08-25,15,329.64,MK,29,32,10548.48,1948.3,10063,2026-08-28,Y,2026-08-25,MOCKLOAD,2026-09-12 23:05:03
1006,506,100605016,2026-08-26,100605,110,2026-08-26,16,391.99,MK,12,97,38023.03,7022.85,10063,2026-08-28,Y,2026-08-26,MOCKLOAD,2026-09-12 23:05:03
1006,506,100605017,2026-08-27,100605,114,2026-08-27,17,352.36,MK,10,5,1761.8,325.4,10063,2026-08-28,Y,2026-08-27,MOCKLOAD,2026-09-12 23:05:03
1006,506,100605018,2026-08-28,100605,109,2026-08-28,18,268.84,MK,26,39,10484.76,1936.54,10063,2026-08-28,Y,2026-08-28,MOCKLOAD,2026-09-12 23:05:03
1006,506,100605019,2026-08-29,100605,103,2026-08-29,19,186.2,MK,17,99,18433.8,3404.72,10064,2026-09-03,Y,2026-08-29,MOCKLOAD,2026-09-12 23:05:03
1006,506,100605020,2026-08-30,100605,117,2026-08-30,20,45.52,MK,14,74,3368.48,622.16,10064,2026-09-03,Y,2026-08-30,MOCKLOAD,2026-09-12 23:05:03
1006,506,100605021,2026-08-31,100605,104,2026-08-31,21,240.23,MK,10,81,19458.63,3594.01,10064,2026-09-03,Y,2026-08-31,MOCKLOAD,2026-09-12 23:05:03
1006,506,100605022,2026-09-01,100605,117,2026-09-01,22,43.28,MK,22,63,2726.64,503.61,10064,2026-09-03,Y,2026-09-01,MOCKLOAD,2026-09-12 23:05:03
1006,506,100605023,2026-09-02,100605,109,2026-09-02,23,102.58,MK,27,86,8821.88,1629.4,10064,2026-09-03,Y,2026-09-02,MOCKLOAD,2026-09-12 23:05:03
1006,506,100605024,2026-09-03,100605,115,2026-09-03,24,21.18,MK,20,66,1397.88,258.19,10064,2026-09-03,Y,2026-09-03,MOCKLOAD,2026-09-12 23:05:03
1006,506,100605025,2026-09-04,100605,116,2026-09-04,25,425.72,MK,28,94,40017.68,7391.27,10065,2026-09-09,Y,2026-09-04,MOCKLOAD,2026-09-12 23:05:03
1006,506,100605026,2026-09-05,100605,104,2026-09-05,26,265.87,MK,25,29,7710.23,1424.08,10065,2026-09-09,Y,2026-09-05,MOCKLOAD,2026-09-12 23:05:03
1006,506,100605027,2026-09-06,100605,101,2026-09-06,27,390.32,MK,24,5,1951.6,360.46,10065,2026-09-09,Y,2026-09-06,MOCKLOAD,2026-09-12 23:05:03
1006,506,100605028,2026-09-07,100605,119,2026-09-07,28,422.39,MK,27,88,37170.32,6865.36,10065,2026-09-09,Y,2026-09-07,MOCKLOAD,2026-09-12 23:05:03
1006,506,100605029,2026-09-08,100605,119,2026-09-08,29,424.89,MK,24,31,13171.59,2432.79,10065,2026-09-09,Y,2026-09-08,MOCKLOAD,2026-09-12 23:05:03
1006,506,100605030,2026-09-09,100605,115,2026-09-09,30,220.56,MK,10,78,17203.68,3177.52,10065,2026-09-09,Y,2026-09-09,MOCKLOAD,2026-09-12 23:05:03
1006,506,100606001,2026-08-11,100606,110,2026-08-11,1,336.4,MK,23,51,17156.4,3168.79,10061,2026-08-16,Y,2026-08-11,MOCKLOAD,2026-09-12 23:05:03
1006,506,100606002,2026-08-12,100606,118,2026-08-12,2,90.4,MK,24,99,8949.6,1652.99,10061,2026-08-16,Y,2026-08-12,MOCKLOAD,2026-09-12 23:05:03
1006,506,100606003,2026-08-13,100606,105,2026-08-13,3,33.07,MK,19,64,2116.48,390.91,10061,2026-08-16,Y,2026-08-13,MOCKLOAD,2026-09-12 23:05:03
1006,506,100606004,2026-08-14,100606,105,2026-08-14,4,351.69,MK,17,82,28838.58,5326.49,10061,2026-08-16,Y,2026-08-14,MOCKLOAD,2026-09-12 23:05:03
1006,506,100606005,2026-08-15,100606,114,2026-08-15,5,315.86,MK,11,43,13581.98,2508.59,10061,2026-08-16,Y,2026-08-15,MOCKLOAD,2026-09-12 23:05:03
1006,506,100606006,2026-08-16,100606,102,2026-08-16,6,22.37,MK,23,93,2080.41,384.25,10061,2026-08-16,Y,2026-08-16,MOCKLOAD,2026-09-12 23:05:03
1006,506,100606007,2026-08-17,100606,114,2026-08-17,7,256.83,MK,16,60,15409.8,2846.19,10062,2026-08-22,Y,2026-08-17,MOCKLOAD,2026-09-12 23:05:03
1006,506,100606008,2026-08-18,100606,114,2026-08-18,8,328.92,MK,22,10,3289.2,607.52,10062,2026-08-22,Y,2026-08-18,MOCKLOAD,2026-09-12 23:05:03
1006,506,100606009,2026-08-19,100606,101,2026-08-19,9,201.37,MK,19,31,6242.47,1152.98,10062,2026-08-22,Y,2026-08-19,MOCKLOAD,2026-09-12 23:05:03
1006,506,100606010,2026-08-20,100606,118,2026-08-20,10,57.33,MK,23,29,1662.57,307.08,10062,2026-08-22,Y,2026-08-20,MOCKLOAD,2026-09-12 23:05:03
1006,506,100606011,2026-08-21,100606,101,2026-08-21,11,51.5,MK,22,5,257.5,47.56,10062,2026-08-22,Y,2026-08-21,MOCKLOAD,2026-09-12 23:05:03
1006,506,100606012,2026-08-22,100606,114,2026-08-22,12,363.84,MK,23,13,4729.92,873.62,10062,2026-08-22,Y,2026-08-22,MOCKLOAD,2026-09-12 23:05:03
1006,506,100606013,2026-08-23,100606,119,2026-08-23,13,105.65,MK,28,89,9402.85,1736.71,10063,2026-08-28,Y,2026-08-23,MOCKLOAD,2026-09-12 23:05:03
1006,506,100606014,2026-08-24,100606,118,2026-08-24,14,87.17,MK,17,48,4184.16,772.81,10063,2026-08-28,Y,2026-08-24,MOCKLOAD,2026-09-12 23:05:03
1006,506,100606015,2026-08-25,100606,115,2026-08-25,15,447.4,MK,26,71,31765.4,5867.07,10063,2026-08-28,Y,2026-08-25,MOCKLOAD,2026-09-12 23:05:03
1006,506,100606016,2026-08-26,100606,107,2026-08-26,16,259.37,MK,26,89,23083.93,4263.6,10063,2026-08-28,Y,2026-08-26,MOCKLOAD,2026-09-12 23:05:03
1006,506,100606017,2026-08-27,100606,110,2026-08-27,17,279.27,MK,18,58,16197.66,2991.71,10063,2026-08-28,Y,2026-08-27,MOCKLOAD,2026-09-12 23:05:03
1006,506,100606018,2026-08-28,100606,116,2026-08-28,18,247.99,MK,16,59,14631.41,2702.42,10063,2026-08-28,Y,2026-08-28,MOCKLOAD,2026-09-12 23:05:03
1006,506,100606019,2026-08-29,100606,118,2026-08-29,19,50.65,MK,10,74,3748.1,692.27,10064,2026-09-03,Y,2026-08-29,MOCKLOAD,2026-09-12 23:05:03
1006,506,100606020,2026-08-30,100606,111,2026-08-30,20,481.63,MK,16,100,48163,8895.71,10064,2026-09-03,Y,2026-08-30,MOCKLOAD,2026-09-12 23:05:03
1006,506,100606021,2026-08-31,100606,111,2026-08-31,21,437.88,MK,26,26,11384.88,2102.79,10064,2026-09-03,Y,2026-08-31,MOCKLOAD,2026-09-12 23:05:03
1006,506,100606022,2026-09-01,100606,109,2026-09-01,22,67.37,MK,21,70,4715.9,871.03,10064,2026-09-03,Y,2026-09-01,MOCKLOAD,2026-09-12 23:05:03
1006,506,100606023,2026-09-02,100606,111,2026-09-02,23,359.02,MK,16,51,18310.02,3381.86,10064,2026-09-03,Y,2026-09-02,MOCKLOAD,2026-09-12 23:05:03
1006,506,100606024,2026-09-03,100606,110,2026-09-03,24,51.11,MK,27,13,664.43,122.72,10064,2026-09-03,Y,2026-09-03,MOCKLOAD,2026-09-12 23:05:03
1006,506,100606025,2026-09-04,100606,102,2026-09-04,25,8.95,MK,24,48,429.6,79.35,10065,2026-09-09,Y,2026-09-04,MOCKLOAD,2026-09-12 23:05:03
1006,506,100606026,2026-09-05,100606,107,2026-09-05,26,202.32,MK,25,65,13150.8,2428.95,10065,2026-09-09,Y,2026-09-05,MOCKLOAD,2026-09-12 23:05:03
1006,506,100606027,2026-09-06,100606,107,2026-09-06,27,399.36,MK,27,96,38338.56,7081.13,10065,2026-09-09,Y,2026-09-06,MOCKLOAD,2026-09-12 23:05:03
1006,506,100606028,2026-09-07,100606,111,2026-09-07,28,368.29,MK,23,34,12521.86,2312.79,10065,2026-09-09,Y,2026-09-07,MOCKLOAD,2026-09-12 23:05:03
1006,506,100606029,2026-09-08,100606,106,2026-09-08,29,414.59,MK,14,75,31094.25,5743.11,10065,2026-09-09,Y,2026-09-08,MOCKLOAD,2026-09-12 23:05:03
1006,506,100606030,2026-09-09,100606,103,2026-09-09,30,372.89,MK,15,64,23864.96,4407.86,10065,2026-09-09,Y,2026-09-09,MOCKLOAD,2026-09-12 23:05:03
1006,506,100607001,2026-08-11,100607,111,2026-08-11,1,258.17,MK,19,48,12392.16,2288.83,10061,2026-08-16,Y,2026-08-11,MOCKLOAD,2026-09-12 23:05:03
1006,506,100607002,2026-08-12,100607,104,2026-08-12,2,457.03,MK,23,86,39304.58,7259.56,10061,2026-08-16,Y,2026-08-12,MOCKLOAD,2026-09-12 23:05:03
1006,506,100607003,2026-08-13,100607,120,2026-08-13,3,279.84,MK,12,72,20148.48,3721.42,10061,2026-08-16,Y,2026-08-13,MOCKLOAD,2026-09-12 23:05:03
1006,506,100607004,2026-08-14,100607,115,2026-08-14,4,323.68,MK,28,37,11976.16,2212,10061,2026-08-16,Y,2026-08-14,MOCKLOAD,2026-09-12 23:05:03
1006,506,100607005,2026-08-15,100607,111,2026-08-15,5,385.82,MK,27,89,34337.98,6342.22,10061,2026-08-16,Y,2026-08-15,MOCKLOAD,2026-09-12 23:05:03
1006,506,100607006,2026-08-16,100607,116,2026-08-16,6,490.13,MK,19,90,44111.7,8147.43,10061,2026-08-16,Y,2026-08-16,MOCKLOAD,2026-09-12 23:05:03
1006,506,100607007,2026-08-17,100607,114,2026-08-17,7,238.35,MK,21,70,16684.5,3081.63,10062,2026-08-22,Y,2026-08-17,MOCKLOAD,2026-09-12 23:05:03
1006,506,100607008,2026-08-18,100607,118,2026-08-18,8,43.55,MK,27,32,1393.6,257.4,10062,2026-08-22,Y,2026-08-18,MOCKLOAD,2026-09-12 23:05:03
1006,506,100607009,2026-08-19,100607,104,2026-08-19,9,270.63,MK,26,31,8389.53,1549.55,10062,2026-08-22,Y,2026-08-19,MOCKLOAD,2026-09-12 23:05:03
1006,506,100607010,2026-08-20,100607,119,2026-08-20,10,122.36,MK,20,47,5750.92,1062.19,10062,2026-08-22,Y,2026-08-20,MOCKLOAD,2026-09-12 23:05:03
1006,506,100607011,2026-08-21,100607,120,2026-08-21,11,116.35,MK,15,50,5817.5,1074.49,10062,2026-08-22,Y,2026-08-21,MOCKLOAD,2026-09-12 23:05:03
1006,506,100607012,2026-08-22,100607,119,2026-08-22,12,212.5,MK,10,33,7012.5,1295.21,10062,2026-08-22,Y,2026-08-22,MOCKLOAD,2026-09-12 23:05:03
1006,506,100607013,2026-08-23,100607,105,2026-08-23,13,470.54,MK,27,83,39054.82,7213.43,10063,2026-08-28,Y,2026-08-23,MOCKLOAD,2026-09-12 23:05:03
1006,506,100607014,2026-08-24,100607,109,2026-08-24,14,272.48,MK,26,84,22888.32,4227.47,10063,2026-08-28,Y,2026-08-24,MOCKLOAD,2026-09-12 23:05:03
1006,506,100607015,2026-08-25,100607,105,2026-08-25,15,69.53,MK,19,20,1390.6,256.84,10063,2026-08-28,Y,2026-08-25,MOCKLOAD,2026-09-12 23:05:03
1006,506,100607016,2026-08-26,100607,105,2026-08-26,16,481.98,MK,12,23,11085.54,2047.5,10063,2026-08-28,Y,2026-08-26,MOCKLOAD,2026-09-12 23:05:03
1006,506,100607017,2026-08-27,100607,109,2026-08-27,17,360.67,MK,25,29,10459.43,1931.86,10063,2026-08-28,Y,2026-08-27,MOCKLOAD,2026-09-12 23:05:03
1006,506,100607018,2026-08-28,100607,101,2026-08-28,18,402.39,MK,14,61,24545.79,4533.61,10063,2026-08-28,Y,2026-08-28,MOCKLOAD,2026-09-12 23:05:03
1006,506,100607019,2026-08-29,100607,103,2026-08-29,19,431.27,MK,10,74,31913.98,5894.51,10064,2026-09-03,Y,2026-08-29,MOCKLOAD,2026-09-12 23:05:03
1006,506,100607020,2026-08-30,100607,110,2026-08-30,20,477.91,MK,29,33,15771.03,2912.91,10064,2026-09-03,Y,2026-08-30,MOCKLOAD,2026-09-12 23:05:03
1006,506,100607021,2026-08-31,100607,101,2026-08-31,21,339.27,MK,12,25,8481.75,1566.58,10064,2026-09-03,Y,2026-08-31,MOCKLOAD,2026-09-12 23:05:03
1006,506,100607022,2026-09-01,100607,102,2026-09-01,22,316.56,MK,27,87,27540.72,5086.77,10064,2026-09-03,Y,2026-09-01,MOCKLOAD,2026-09-12 23:05:03
1006,506,100607023,2026-09-02,100607,106,2026-09-02,23,276.95,MK,29,68,18832.6,3478.38,10064,2026-09-03,Y,2026-09-02,MOCKLOAD,2026-09-12 23:05:03
1006,506,100607024,2026-09-03,100607,115,2026-09-03,24,284.5,MK,12,88,25036,4624.15,10064,2026-09-03,Y,2026-09-03,MOCKLOAD,2026-09-12 23:05:03
1006,506,100607025,2026-09-04,100607,120,2026-09-04,25,48.98,MK,21,85,4163.3,768.96,10065,2026-09-09,Y,2026-09-04,MOCKLOAD,2026-09-12 23:05:03
1006,506,100607026,2026-09-05,100607,114,2026-09-05,26,309.85,MK,22,65,20140.25,3719.9,10065,2026-09-09,Y,2026-09-05,MOCKLOAD,2026-09-12 23:05:03
1006,506,100607027,2026-09-06,100607,102,2026-09-06,27,445.2,MK,19,20,8904,1644.57,10065,2026-09-09,Y,2026-09-06,MOCKLOAD,2026-09-12 23:05:03
1006,506,100607028,2026-09-07,100607,108,2026-09-07,28,468.5,MK,10,66,30921,5711.11,10065,2026-09-09,Y,2026-09-07,MOCKLOAD,2026-09-12 23:05:03
1006,506,100607029,2026-09-08,100607,107,2026-09-08,29,291.34,MK,14,3,874.02,161.43,10065,2026-09-09,Y,2026-09-08,MOCKLOAD,2026-09-12 23:05:03
1006,506,100607030,2026-09-09,100607,104,2026-09-09,30,327.94,MK,28,17,5574.98,1029.7,10065,2026-09-09,Y,2026-09-09,MOCKLOAD,2026-09-12 23:05:03
1006,506,100608001,2026-08-11,100608,117,2026-08-11,1,465.78,MK,21,81,37728.18,6968.39,10061,2026-08-16,Y,2026-08-11,MOCKLOAD,2026-09-12 23:05:03
1006,506,100608002,2026-08-12,100608,117,2026-08-12,2,460.33,MK,18,29,13349.57,2465.67,10061,2026-08-16,Y,2026-08-12,MOCKLOAD,2026-09-12 23:05:03
1006,506,100608003,2026-08-13,100608,117,2026-08-13,3,5.76,MK,15,79,455.04,84.05,10061,2026-08-16,Y,2026-08-13,MOCKLOAD,2026-09-12 23:05:03
1006,506,100608004,2026-08-14,100608,113,2026-08-14,4,489.8,MK,23,31,15183.8,2804.45,10061,2026-08-16,Y,2026-08-14,MOCKLOAD,2026-09-12 23:05:03
1006,506,100608005,2026-08-15,100608,104,2026-08-15,5,89.1,MK,25,59,5256.9,970.95,10061,2026-08-16,Y,2026-08-15,MOCKLOAD,2026-09-12 23:05:03
1006,506,100608006,2026-08-16,100608,119,2026-08-16,6,404.73,MK,19,51,20641.23,3812.44,10061,2026-08-16,Y,2026-08-16,MOCKLOAD,2026-09-12 23:05:03
1006,506,100608007,2026-08-17,100608,105,2026-08-17,7,245.73,MK,12,80,19658.4,3630.91,10062,2026-08-22,Y,2026-08-17,MOCKLOAD,2026-09-12 23:05:03
1006,506,100608008,2026-08-18,100608,103,2026-08-18,8,203.56,MK,12,56,11399.36,2105.46,10062,2026-08-22,Y,2026-08-18,MOCKLOAD,2026-09-12 23:05:03
1006,506,100608009,2026-08-19,100608,105,2026-08-19,9,290.12,MK,10,40,11604.8,2143.41,10062,2026-08-22,Y,2026-08-19,MOCKLOAD,2026-09-12 23:05:03
1006,506,100608010,2026-08-20,100608,108,2026-08-20,10,376.25,MK,18,57,21446.25,3961.12,10062,2026-08-22,Y,2026-08-20,MOCKLOAD,2026-09-12 23:05:03
1006,506,100608011,2026-08-21,100608,110,2026-08-21,11,132.23,MK,22,17,2247.91,415.19,10062,2026-08-22,Y,2026-08-21,MOCKLOAD,2026-09-12 23:05:03
1006,506,100608012,2026-08-22,100608,116,2026-08-22,12,34.98,MK,29,18,629.64,116.29,10062,2026-08-22,Y,2026-08-22,MOCKLOAD,2026-09-12 23:05:03
1006,506,100608013,2026-08-23,100608,115,2026-08-23,13,150.18,MK,12,2,300.36,55.48,10063,2026-08-28,Y,2026-08-23,MOCKLOAD,2026-09-12 23:05:03
1006,506,100608014,2026-08-24,100608,118,2026-08-24,14,346.15,MK,15,13,4499.95,831.14,10063,2026-08-28,Y,2026-08-24,MOCKLOAD,2026-09-12 23:05:03
1006,506,100608015,2026-08-25,100608,102,2026-08-25,15,167.46,MK,14,90,15071.4,2783.69,10063,2026-08-28,Y,2026-08-25,MOCKLOAD,2026-09-12 23:05:03
1006,506,100608016,2026-08-26,100608,115,2026-08-26,16,52.84,MK,21,88,4649.92,858.84,10063,2026-08-28,Y,2026-08-26,MOCKLOAD,2026-09-12 23:05:03
1006,506,100608017,2026-08-27,100608,115,2026-08-27,17,162.23,MK,14,15,2433.45,449.46,10063,2026-08-28,Y,2026-08-27,MOCKLOAD,2026-09-12 23:05:03
1006,506,100608018,2026-08-28,100608,109,2026-08-28,18,69.36,MK,16,74,5132.64,948,10063,2026-08-28,Y,2026-08-28,MOCKLOAD,2026-09-12 23:05:03
1006,506,100608019,2026-08-29,100608,113,2026-08-29,19,309.35,MK,18,15,4640.25,857.05,10064,2026-09-03,Y,2026-08-29,MOCKLOAD,2026-09-12 23:05:03
1006,506,100608020,2026-08-30,100608,112,2026-08-30,20,114.86,MK,19,59,6776.74,1251.66,10064,2026-09-03,Y,2026-08-30,MOCKLOAD,2026-09-12 23:05:03
1006,506,100608021,2026-08-31,100608,118,2026-08-31,21,115.25,MK,11,65,7491.25,1383.63,10064,2026-09-03,Y,2026-08-31,MOCKLOAD,2026-09-12 23:05:03
1006,506,100608022,2026-09-01,100608,114,2026-09-01,22,316.45,MK,10,2,632.9,116.9,10064,2026-09-03,Y,2026-09-01,MOCKLOAD,2026-09-12 23:05:03
1006,506,100608023,2026-09-02,100608,118,2026-09-02,23,80.3,MK,12,40,3212,593.26,10064,2026-09-03,Y,2026-09-02,MOCKLOAD,2026-09-12 23:05:03
1006,506,100608024,2026-09-03,100608,114,2026-09-03,24,376.23,MK,26,71,26712.33,4933.77,10064,2026-09-03,Y,2026-09-03,MOCKLOAD,2026-09-12 23:05:03
1006,506,100608025,2026-09-04,100608,102,2026-09-04,25,104.52,MK,21,86,8988.72,1660.22,10065,2026-09-09,Y,2026-09-04,MOCKLOAD,2026-09-12 23:05:03
1006,506,100608026,2026-09-05,100608,104,2026-09-05,26,135.77,MK,10,1,135.77,25.08,10065,2026-09-09,Y,2026-09-05,MOCKLOAD,2026-09-12 23:05:03
1006,506,100608027,2026-09-06,100608,103,2026-09-06,27,138.79,MK,28,70,9715.3,1794.42,10065,2026-09-09,Y,2026-09-06,MOCKLOAD,2026-09-12 23:05:03
1006,506,100608028,2026-09-07,100608,112,2026-09-07,28,207.17,MK,11,11,2278.87,420.91,10065,2026-09-09,Y,2026-09-07,MOCKLOAD,2026-09-12 23:05:03
1006,506,100608029,2026-09-08,100608,114,2026-09-08,29,229.47,MK,14,64,14686.08,2712.52,10065,2026-09-09,Y,2026-09-08,MOCKLOAD,2026-09-12 23:05:03
1006,506,100608030,2026-09-09,100608,102,2026-09-09,30,267.05,MK,11,72,19227.6,3551.34,10065,2026-09-09,Y,2026-09-09,MOCKLOAD,2026-09-12 23:05:03
1006,506,100609001,2026-08-11,100609,118,2026-08-11,1,422.98,MK,15,57,24109.86,4453.09,10061,2026-08-16,Y,2026-08-11,MOCKLOAD,2026-09-12 23:05:03
1006,506,100609002,2026-08-12,100609,101,2026-08-12,2,114.46,MK,22,35,4006.1,739.93,10061,2026-08-16,Y,2026-08-12,MOCKLOAD,2026-09-12 23:05:03
1006,506,100609003,2026-08-13,100609,118,2026-08-13,3,332.22,MK,19,95,31560.9,5829.3,10061,2026-08-16,Y,2026-08-13,MOCKLOAD,2026-09-12 23:05:03
1006,506,100609004,2026-08-14,100609,104,2026-08-14,4,418.91,MK,29,66,27648.06,5106.6,10061,2026-08-16,Y,2026-08-14,MOCKLOAD,2026-09-12 23:05:03
1006,506,100609005,2026-08-15,100609,107,2026-08-15,5,470.33,MK,29,38,17872.54,3301.06,10061,2026-08-16,Y,2026-08-15,MOCKLOAD,2026-09-12 23:05:03
1006,506,100609006,2026-08-16,100609,101,2026-08-16,6,296.99,MK,19,3,890.97,164.56,10061,2026-08-16,Y,2026-08-16,MOCKLOAD,2026-09-12 23:05:03
1006,506,100609007,2026-08-17,100609,106,2026-08-17,7,269.7,MK,26,95,25621.5,4732.29,10062,2026-08-22,Y,2026-08-17,MOCKLOAD,2026-09-12 23:05:03
1006,506,100609008,2026-08-18,100609,114,2026-08-18,8,135.18,MK,23,83,11219.94,2072.32,10062,2026-08-22,Y,2026-08-18,MOCKLOAD,2026-09-12 23:05:03
1006,506,100609009,2026-08-19,100609,116,2026-08-19,9,188.44,MK,15,45,8479.8,1566.22,10062,2026-08-22,Y,2026-08-19,MOCKLOAD,2026-09-12 23:05:03
1006,506,100609010,2026-08-20,100609,115,2026-08-20,10,328.83,MK,21,11,3617.13,668.08,10062,2026-08-22,Y,2026-08-20,MOCKLOAD,2026-09-12 23:05:03
1006,506,100609011,2026-08-21,100609,112,2026-08-21,11,128.79,MK,21,6,772.74,142.73,10062,2026-08-22,Y,2026-08-21,MOCKLOAD,2026-09-12 23:05:03
1006,506,100609012,2026-08-22,100609,114,2026-08-22,12,155.68,MK,19,43,6694.24,1236.43,10062,2026-08-22,Y,2026-08-22,MOCKLOAD,2026-09-12 23:05:03
1006,506,100609013,2026-08-23,100609,101,2026-08-23,13,340.39,MK,28,34,11573.26,2137.58,10063,2026-08-28,Y,2026-08-23,MOCKLOAD,2026-09-12 23:05:03
1006,506,100609014,2026-08-24,100609,104,2026-08-24,14,281.42,MK,20,94,26453.48,4885.96,10063,2026-08-28,Y,2026-08-24,MOCKLOAD,2026-09-12 23:05:03
1006,506,100609015,2026-08-25,100609,112,2026-08-25,15,302.37,MK,29,1,302.37,55.85,10063,2026-08-28,Y,2026-08-25,MOCKLOAD,2026-09-12 23:05:03
1006,506,100609016,2026-08-26,100609,108,2026-08-26,16,446.19,MK,26,91,40603.29,7499.43,10063,2026-08-28,Y,2026-08-26,MOCKLOAD,2026-09-12 23:05:03
1006,506,100609017,2026-08-27,100609,116,2026-08-27,17,462.55,MK,23,19,8788.45,1623.23,10063,2026-08-28,Y,2026-08-27,MOCKLOAD,2026-09-12 23:05:03
1006,506,100609018,2026-08-28,100609,109,2026-08-28,18,318.43,MK,18,93,29613.99,5469.7,10063,2026-08-28,Y,2026-08-28,MOCKLOAD,2026-09-12 23:05:03
1006,506,100609019,2026-08-29,100609,115,2026-08-29,19,332.39,MK,24,23,7644.97,1412.03,10064,2026-09-03,Y,2026-08-29,MOCKLOAD,2026-09-12 23:05:03
1006,506,100609020,2026-08-30,100609,105,2026-08-30,20,393.53,MK,11,41,16134.73,2980.08,10064,2026-09-03,Y,2026-08-30,MOCKLOAD,2026-09-12 23:05:03
1006,506,100609021,2026-08-31,100609,120,2026-08-31,21,129.88,MK,27,75,9741,1799.16,10064,2026-09-03,Y,2026-08-31,MOCKLOAD,2026-09-12 23:05:03
1006,506,100609022,2026-09-01,100609,101,2026-09-01,22,384.97,MK,16,82,31567.54,5830.52,10064,2026-09-03,Y,2026-09-01,MOCKLOAD,2026-09-12 23:05:03
1006,506,100609023,2026-09-02,100609,115,2026-09-02,23,362.96,MK,13,10,3629.6,670.39,10064,2026-09-03,Y,2026-09-02,MOCKLOAD,2026-09-12 23:05:03
1006,506,100609024,2026-09-03,100609,109,2026-09-03,24,65.92,MK,28,96,6328.32,1168.84,10064,2026-09-03,Y,2026-09-03,MOCKLOAD,2026-09-12 23:05:03
1006,506,100609025,2026-09-04,100609,117,2026-09-04,25,83.65,MK,24,77,6441.05,1189.66,10065,2026-09-09,Y,2026-09-04,MOCKLOAD,2026-09-12 23:05:03
1006,506,100609026,2026-09-05,100609,111,2026-09-05,26,283.09,MK,28,38,10757.42,1986.9,10065,2026-09-09,Y,2026-09-05,MOCKLOAD,2026-09-12 23:05:03
1006,506,100609027,2026-09-06,100609,103,2026-09-06,27,110.32,MK,20,25,2758,509.4,10065,2026-09-09,Y,2026-09-06,MOCKLOAD,2026-09-12 23:05:03
1006,506,100609028,2026-09-07,100609,106,2026-09-07,28,433.27,MK,25,18,7798.86,1440.45,10065,2026-09-09,Y,2026-09-07,MOCKLOAD,2026-09-12 23:05:03
1006,506,100609029,2026-09-08,100609,106,2026-09-08,29,478.49,MK,10,60,28709.4,5302.63,10065,2026-09-09,Y,2026-09-08,MOCKLOAD,2026-09-12 23:05:03
1006,506,100609030,2026-09-09,100609,117,2026-09-09,30,368.16,MK,13,99,36447.84,6731.92,10065,2026-09-09,Y,2026-09-09,MOCKLOAD,2026-09-12 23:05:03
1006,506,100610001,2026-08-11,100610,116,2026-08-11,1,182.27,MK,10,4,729.08,134.66,10061,2026-08-16,Y,2026-08-11,MOCKLOAD,2026-09-12 23:05:03
1006,506,100610002,2026-08-12,100610,102,2026-08-12,2,37.15,MK,15,63,2340.45,432.28,10061,2026-08-16,Y,2026-08-12,MOCKLOAD,2026-09-12 23:05:03
1006,506,100610003,2026-08-13,100610,106,2026-08-13,3,163,MK,12,45,7335,1354.77,10061,2026-08-16,Y,2026-08-13,MOCKLOAD,2026-09-12 23:05:03
1006,506,100610004,2026-08-14,100610,104,2026-08-14,4,424.61,MK,10,98,41611.78,7685.7,10061,2026-08-16,Y,2026-08-14,MOCKLOAD,2026-09-12 23:05:03
1006,506,100610005,2026-08-15,100610,120,2026-08-15,5,287.01,MK,11,50,14350.5,2650.54,10061,2026-08-16,Y,2026-08-15,MOCKLOAD,2026-09-12 23:05:03
1006,506,100610006,2026-08-16,100610,108,2026-08-16,6,216.59,MK,17,31,6714.29,1240.13,10061,2026-08-16,Y,2026-08-16,MOCKLOAD,2026-09-12 23:05:03
1006,506,100610007,2026-08-17,100610,116,2026-08-17,7,45.95,MK,11,26,1194.7,220.66,10062,2026-08-22,Y,2026-08-17,MOCKLOAD,2026-09-12 23:05:03
1006,506,100610008,2026-08-18,100610,119,2026-08-18,8,35.8,MK,26,16,572.8,105.8,10062,2026-08-22,Y,2026-08-18,MOCKLOAD,2026-09-12 23:05:03
1006,506,100610009,2026-08-19,100610,119,2026-08-19,9,481.54,MK,21,71,34189.34,6314.77,10062,2026-08-22,Y,2026-08-19,MOCKLOAD,2026-09-12 23:05:03
1006,506,100610010,2026-08-20,100610,116,2026-08-20,10,486.57,MK,24,53,25788.21,4763.08,10062,2026-08-22,Y,2026-08-20,MOCKLOAD,2026-09-12 23:05:03
1006,506,100610011,2026-08-21,100610,116,2026-08-21,11,215.81,MK,19,99,21365.19,3946.15,10062,2026-08-22,Y,2026-08-21,MOCKLOAD,2026-09-12 23:05:03
1006,506,100610012,2026-08-22,100610,107,2026-08-22,12,408.75,MK,13,15,6131.25,1132.44,10062,2026-08-22,Y,2026-08-22,MOCKLOAD,2026-09-12 23:05:03
1006,506,100610013,2026-08-23,100610,109,2026-08-23,13,174.9,MK,12,60,10494,1938.24,10063,2026-08-28,Y,2026-08-23,MOCKLOAD,2026-09-12 23:05:03
1006,506,100610014,2026-08-24,100610,112,2026-08-24,14,349.62,MK,12,88,30766.56,5682.58,10063,2026-08-28,Y,2026-08-24,MOCKLOAD,2026-09-12 23:05:03
1006,506,100610015,2026-08-25,100610,118,2026-08-25,15,315.48,MK,29,57,17982.36,3321.34,10063,2026-08-28,Y,2026-08-25,MOCKLOAD,2026-09-12 23:05:03
1006,506,100610016,2026-08-26,100610,111,2026-08-26,16,17.11,MK,14,79,1351.69,249.66,10063,2026-08-28,Y,2026-08-26,MOCKLOAD,2026-09-12 23:05:03
1006,506,100610017,2026-08-27,100610,117,2026-08-27,17,197.8,MK,23,3,593.4,109.6,10063,2026-08-28,Y,2026-08-27,MOCKLOAD,2026-09-12 23:05:03
1006,506,100610018,2026-08-28,100610,119,2026-08-28,18,249.8,MK,17,55,13739,2537.59,10063,2026-08-28,Y,2026-08-28,MOCKLOAD,2026-09-12 23:05:03
1006,506,100610019,2026-08-29,100610,108,2026-08-29,19,356.24,MK,19,47,16743.28,3092.48,10064,2026-09-03,Y,2026-08-29,MOCKLOAD,2026-09-12 23:05:03
1006,506,100610020,2026-08-30,100610,120,2026-08-30,20,92.36,MK,19,94,8681.84,1603.54,10064,2026-09-03,Y,2026-08-30,MOCKLOAD,2026-09-12 23:05:03
1006,506,100610021,2026-08-31,100610,115,2026-08-31,21,188.32,MK,19,37,6967.84,1286.96,10064,2026-09-03,Y,2026-08-31,MOCKLOAD,2026-09-12 23:05:03
1006,506,100610022,2026-09-01,100610,102,2026-09-01,22,185.15,MK,21,97,17959.55,3317.13,10064,2026-09-03,Y,2026-09-01,MOCKLOAD,2026-09-12 23:05:03
1006,506,100610023,2026-09-02,100610,103,2026-09-02,23,283.06,MK,22,16,4528.96,836.5,10064,2026-09-03,Y,2026-09-02,MOCKLOAD,2026-09-12 23:05:03
1006,506,100610024,2026-09-03,100610,105,2026-09-03,24,194.23,MK,27,3,582.69,107.62,10064,2026-09-03,Y,2026-09-03,MOCKLOAD,2026-09-12 23:05:03
1006,506,100610025,2026-09-04,100610,108,2026-09-04,25,89.56,MK,16,13,1164.28,215.04,10065,2026-09-09,Y,2026-09-04,MOCKLOAD,2026-09-12 23:05:03
1006,506,100610026,2026-09-05,100610,112,2026-09-05,26,482.21,MK,14,22,10608.62,1959.41,10065,2026-09-09,Y,2026-09-05,MOCKLOAD,2026-09-12 23:05:03
1006,506,100610027,2026-09-06,100610,102,2026-09-06,27,59.54,MK,17,56,3334.24,615.83,10065,2026-09-09,Y,2026-09-06,MOCKLOAD,2026-09-12 23:05:03
1006,506,100610028,2026-09-07,100610,113,2026-09-07,28,344.61,MK,15,38,13095.18,2418.68,10065,2026-09-09,Y,2026-09-07,MOCKLOAD,2026-09-12 23:05:03
1006,506,100610029,2026-09-08,100610,114,2026-09-08,29,378.46,MK,25,16,6055.36,1118.42,10065,2026-09-09,Y,2026-09-08,MOCKLOAD,2026-09-12 23:05:03
1006,506,100610030,2026-09-09,100610,113,2026-09-09,30,469.52,MK,19,38,17841.76,3295.37,10065,2026-09-09,Y,2026-09-09,MOCKLOAD,2026-09-12 23:05:03
1007,507,100701001,2026-08-11,100701,105,2026-08-11,1,423.47,OI,12,54,22867.38,846.09,10071,2026-08-16,Y,2026-08-11,MOCKLOAD,2026-09-12 23:05:03
1007,507,100701002,2026-08-12,100701,102,2026-08-12,2,266.48,OI,19,76,20252.48,749.34,10071,2026-08-16,Y,2026-08-12,MOCKLOAD,2026-09-12 23:05:03
1007,507,100701003,2026-08-13,100701,120,2026-08-13,3,461.84,OI,20,14,6465.76,239.23,10071,2026-08-16,Y,2026-08-13,MOCKLOAD,2026-09-12 23:05:03
1007,507,100701004,2026-08-14,100701,113,2026-08-14,4,196.54,OI,11,27,5306.58,196.34,10071,2026-08-16,Y,2026-08-14,MOCKLOAD,2026-09-12 23:05:03
1007,507,100701005,2026-08-15,100701,114,2026-08-15,5,18.13,OI,10,87,1577.31,58.36,10071,2026-08-16,Y,2026-08-15,MOCKLOAD,2026-09-12 23:05:03
1007,507,100701006,2026-08-16,100701,108,2026-08-16,6,320.17,OI,16,42,13447.14,497.54,10071,2026-08-16,Y,2026-08-16,MOCKLOAD,2026-09-12 23:05:03
1007,507,100701007,2026-08-17,100701,103,2026-08-17,7,101.23,OI,18,29,2935.67,108.62,10072,2026-08-22,Y,2026-08-17,MOCKLOAD,2026-09-12 23:05:03
1007,507,100701008,2026-08-18,100701,112,2026-08-18,8,294.36,OI,16,16,4709.76,174.26,10072,2026-08-22,Y,2026-08-18,MOCKLOAD,2026-09-12 23:05:03
1007,507,100701009,2026-08-19,100701,110,2026-08-19,9,233.4,OI,14,12,2800.8,103.63,10072,2026-08-22,Y,2026-08-19,MOCKLOAD,2026-09-12 23:05:03
1007,507,100701010,2026-08-20,100701,106,2026-08-20,10,445.16,OI,28,74,32941.84,1218.85,10072,2026-08-22,Y,2026-08-20,MOCKLOAD,2026-09-12 23:05:03
1007,507,100701011,2026-08-21,100701,107,2026-08-21,11,375.03,OI,27,55,20626.65,763.19,10072,2026-08-22,Y,2026-08-21,MOCKLOAD,2026-09-12 23:05:03
1007,507,100701012,2026-08-22,100701,111,2026-08-22,12,16.66,OI,11,14,233.24,8.63,10072,2026-08-22,Y,2026-08-22,MOCKLOAD,2026-09-12 23:05:03
1007,507,100701013,2026-08-23,100701,111,2026-08-23,13,76.1,OI,22,100,7610,281.57,10073,2026-08-28,Y,2026-08-23,MOCKLOAD,2026-09-12 23:05:03
1007,507,100701014,2026-08-24,100701,117,2026-08-24,14,177.24,OI,22,88,15597.12,577.09,10073,2026-08-28,Y,2026-08-24,MOCKLOAD,2026-09-12 23:05:03
1007,507,100701015,2026-08-25,100701,120,2026-08-25,15,456.04,OI,15,33,15049.32,556.82,10073,2026-08-28,Y,2026-08-25,MOCKLOAD,2026-09-12 23:05:03
1007,507,100701016,2026-08-26,100701,107,2026-08-26,16,119.37,OI,25,38,4536.06,167.83,10073,2026-08-28,Y,2026-08-26,MOCKLOAD,2026-09-12 23:05:03
1007,507,100701017,2026-08-27,100701,108,2026-08-27,17,120.74,OI,20,99,11953.26,442.27,10073,2026-08-28,Y,2026-08-27,MOCKLOAD,2026-09-12 23:05:03
1007,507,100701018,2026-08-28,100701,106,2026-08-28,18,222.52,OI,23,61,13573.72,502.23,10073,2026-08-28,Y,2026-08-28,MOCKLOAD,2026-09-12 23:05:03
1007,507,100701019,2026-08-29,100701,104,2026-08-29,19,122.84,OI,22,56,6879.04,254.52,10074,2026-09-03,Y,2026-08-29,MOCKLOAD,2026-09-12 23:05:03
1007,507,100701020,2026-08-30,100701,116,2026-08-30,20,11.62,OI,29,52,604.24,22.36,10074,2026-09-03,Y,2026-08-30,MOCKLOAD,2026-09-12 23:05:03
1007,507,100701021,2026-08-31,100701,101,2026-08-31,21,141.08,OI,15,100,14108,522,10074,2026-09-03,Y,2026-08-31,MOCKLOAD,2026-09-12 23:05:03
1007,507,100701022,2026-09-01,100701,106,2026-09-01,22,414.25,OI,15,13,5385.25,199.25,10074,2026-09-03,Y,2026-09-01,MOCKLOAD,2026-09-12 23:05:03
1007,507,100701023,2026-09-02,100701,101,2026-09-02,23,68.04,OI,26,41,2789.64,103.22,10074,2026-09-03,Y,2026-09-02,MOCKLOAD,2026-09-12 23:05:03
1007,507,100701024,2026-09-03,100701,103,2026-09-03,24,247.14,OI,29,29,7167.06,265.18,10074,2026-09-03,Y,2026-09-03,MOCKLOAD,2026-09-12 23:05:03
1007,507,100701025,2026-09-04,100701,102,2026-09-04,25,449.72,OI,14,4,1798.88,66.56,10075,2026-09-09,Y,2026-09-04,MOCKLOAD,2026-09-12 23:05:03
1007,507,100701026,2026-09-05,100701,101,2026-09-05,26,193.82,OI,24,1,193.82,7.17,10075,2026-09-09,Y,2026-09-05,MOCKLOAD,2026-09-12 23:05:03
1007,507,100701027,2026-09-06,100701,102,2026-09-06,27,249.97,OI,10,22,5499.34,203.48,10075,2026-09-09,Y,2026-09-06,MOCKLOAD,2026-09-12 23:05:03
1007,507,100701028,2026-09-07,100701,103,2026-09-07,28,379.59,OI,29,82,31126.38,1151.68,10075,2026-09-09,Y,2026-09-07,MOCKLOAD,2026-09-12 23:05:03
1007,507,100701029,2026-09-08,100701,109,2026-09-08,29,189.22,OI,19,37,7001.14,259.04,10075,2026-09-09,Y,2026-09-08,MOCKLOAD,2026-09-12 23:05:03
1007,507,100701030,2026-09-09,100701,117,2026-09-09,30,282.05,OI,27,76,21435.8,793.12,10075,2026-09-09,Y,2026-09-09,MOCKLOAD,2026-09-12 23:05:03
1007,507,100702001,2026-08-11,100702,113,2026-08-11,1,342.35,OI,22,89,30469.15,1127.36,10071,2026-08-16,Y,2026-08-11,MOCKLOAD,2026-09-12 23:05:03
1007,507,100702002,2026-08-12,100702,102,2026-08-12,2,353.79,OI,29,61,21581.19,798.5,10071,2026-08-16,Y,2026-08-12,MOCKLOAD,2026-09-12 23:05:03
1007,507,100702003,2026-08-13,100702,118,2026-08-13,3,266.41,OI,13,73,19447.93,719.57,10071,2026-08-16,Y,2026-08-13,MOCKLOAD,2026-09-12 23:05:03
1007,507,100702004,2026-08-14,100702,107,2026-08-14,4,322.85,OI,10,88,28410.8,1051.2,10071,2026-08-16,Y,2026-08-14,MOCKLOAD,2026-09-12 23:05:03
1007,507,100702005,2026-08-15,100702,119,2026-08-15,5,449.66,OI,19,98,44066.68,1630.47,10071,2026-08-16,Y,2026-08-15,MOCKLOAD,2026-09-12 23:05:03
1007,507,100702006,2026-08-16,100702,104,2026-08-16,6,351.77,OI,24,91,32011.07,1184.41,10071,2026-08-16,Y,2026-08-16,MOCKLOAD,2026-09-12 23:05:03
1007,507,100702007,2026-08-17,100702,114,2026-08-17,7,391.02,OI,17,16,6256.32,231.48,10072,2026-08-22,Y,2026-08-17,MOCKLOAD,2026-09-12 23:05:03
1007,507,100702008,2026-08-18,100702,117,2026-08-18,8,396.45,OI,15,7,2775.15,102.68,10072,2026-08-22,Y,2026-08-18,MOCKLOAD,2026-09-12 23:05:03
1007,507,100702009,2026-08-19,100702,111,2026-08-19,9,397.63,OI,26,56,22267.28,823.89,10072,2026-08-22,Y,2026-08-19,MOCKLOAD,2026-09-12 23:05:03
1007,507,100702010,2026-08-20,100702,114,2026-08-20,10,85.51,OI,26,9,769.59,28.47,10072,2026-08-22,Y,2026-08-20,MOCKLOAD,2026-09-12 23:05:03
1007,507,100702011,2026-08-21,100702,112,2026-08-21,11,86.27,OI,12,18,1552.86,57.46,10072,2026-08-22,Y,2026-08-21,MOCKLOAD,2026-09-12 23:05:03
1007,507,100702012,2026-08-22,100702,116,2026-08-22,12,173.64,OI,26,100,17364,642.47,10072,2026-08-22,Y,2026-08-22,MOCKLOAD,2026-09-12 23:05:03
1007,507,100702013,2026-08-23,100702,120,2026-08-23,13,393.44,OI,29,96,37770.24,1397.5,10073,2026-08-28,Y,2026-08-23,MOCKLOAD,2026-09-12 23:05:03
1007,507,100702014,2026-08-24,100702,107,2026-08-24,14,360.47,OI,10,85,30639.95,1133.68,10073,2026-08-28,Y,2026-08-24,MOCKLOAD,2026-09-12 23:05:03
1007,507,100702015,2026-08-25,100702,101,2026-08-25,15,142.23,OI,16,2,284.46,10.53,10073,2026-08-28,Y,2026-08-25,MOCKLOAD,2026-09-12 23:05:03
1007,507,100702016,2026-08-26,100702,105,2026-08-26,16,52.37,OI,24,39,2042.43,75.57,10073,2026-08-28,Y,2026-08-26,MOCKLOAD,2026-09-12 23:05:03
1007,507,100702017,2026-08-27,100702,102,2026-08-27,17,274.35,OI,19,85,23319.75,862.83,10073,2026-08-28,Y,2026-08-27,MOCKLOAD,2026-09-12 23:05:03
1007,507,100702018,2026-08-28,100702,105,2026-08-28,18,155.09,OI,13,46,7134.14,263.96,10073,2026-08-28,Y,2026-08-28,MOCKLOAD,2026-09-12 23:05:03
1007,507,100702019,2026-08-29,100702,103,2026-08-29,19,264.26,OI,17,58,15327.08,567.1,10074,2026-09-03,Y,2026-08-29,MOCKLOAD,2026-09-12 23:05:03
1007,507,100702020,2026-08-30,100702,119,2026-08-30,20,255.1,OI,14,65,16581.5,613.52,10074,2026-09-03,Y,2026-08-30,MOCKLOAD,2026-09-12 23:05:03
1007,507,100702021,2026-08-31,100702,113,2026-08-31,21,158.13,OI,13,54,8539.02,315.94,10074,2026-09-03,Y,2026-08-31,MOCKLOAD,2026-09-12 23:05:03
1007,507,100702022,2026-09-01,100702,109,2026-09-01,22,479.86,OI,28,44,21113.84,781.21,10074,2026-09-03,Y,2026-09-01,MOCKLOAD,2026-09-12 23:05:03
1007,507,100702023,2026-09-02,100702,112,2026-09-02,23,387.89,OI,11,20,7757.8,287.04,10074,2026-09-03,Y,2026-09-02,MOCKLOAD,2026-09-12 23:05:03
1007,507,100702024,2026-09-03,100702,104,2026-09-03,24,306.82,OI,24,22,6750.04,249.75,10074,2026-09-03,Y,2026-09-03,MOCKLOAD,2026-09-12 23:05:03
1007,507,100702025,2026-09-04,100702,108,2026-09-04,25,171.93,OI,19,82,14098.26,521.64,10075,2026-09-09,Y,2026-09-04,MOCKLOAD,2026-09-12 23:05:03
1007,507,100702026,2026-09-05,100702,105,2026-09-05,26,168.9,OI,17,5,844.5,31.25,10075,2026-09-09,Y,2026-09-05,MOCKLOAD,2026-09-12 23:05:03
1007,507,100702027,2026-09-06,100702,106,2026-09-06,27,343.61,OI,10,18,6184.98,228.84,10075,2026-09-09,Y,2026-09-06,MOCKLOAD,2026-09-12 23:05:03
1007,507,100702028,2026-09-07,100702,108,2026-09-07,28,138.08,OI,28,52,7180.16,265.67,10075,2026-09-09,Y,2026-09-07,MOCKLOAD,2026-09-12 23:05:03
1007,507,100702029,2026-09-08,100702,103,2026-09-08,29,243.58,OI,24,14,3410.12,126.17,10075,2026-09-09,Y,2026-09-08,MOCKLOAD,2026-09-12 23:05:03
1007,507,100702030,2026-09-09,100702,110,2026-09-09,30,130.95,OI,27,27,3535.65,130.82,10075,2026-09-09,Y,2026-09-09,MOCKLOAD,2026-09-12 23:05:03
1007,507,100703001,2026-08-11,100703,116,2026-08-11,1,22.44,OI,14,51,1144.44,42.34,10071,2026-08-16,Y,2026-08-11,MOCKLOAD,2026-09-12 23:05:03
1007,507,100703002,2026-08-12,100703,117,2026-08-12,2,197.63,OI,13,37,7312.31,270.56,10071,2026-08-16,Y,2026-08-12,MOCKLOAD,2026-09-12 23:05:03
1007,507,100703003,2026-08-13,100703,119,2026-08-13,3,243.35,OI,22,26,6327.1,234.1,10071,2026-08-16,Y,2026-08-13,MOCKLOAD,2026-09-12 23:05:03
1007,507,100703004,2026-08-14,100703,105,2026-08-14,4,243.24,OI,14,60,14594.4,539.99,10071,2026-08-16,Y,2026-08-14,MOCKLOAD,2026-09-12 23:05:03
1007,507,100703005,2026-08-15,100703,106,2026-08-15,5,199.62,OI,21,40,7984.8,295.44,10071,2026-08-16,Y,2026-08-15,MOCKLOAD,2026-09-12 23:05:03
1007,507,100703006,2026-08-16,100703,106,2026-08-16,6,200.11,OI,24,36,7203.96,266.55,10071,2026-08-16,Y,2026-08-16,MOCKLOAD,2026-09-12 23:05:03
1007,507,100703007,2026-08-17,100703,115,2026-08-17,7,189.94,OI,18,22,4178.68,154.61,10072,2026-08-22,Y,2026-08-17,MOCKLOAD,2026-09-12 23:05:03
1007,507,100703008,2026-08-18,100703,103,2026-08-18,8,486.45,OI,13,93,45239.85,1673.87,10072,2026-08-22,Y,2026-08-18,MOCKLOAD,2026-09-12 23:05:03
1007,507,100703009,2026-08-19,100703,105,2026-08-19,9,9.21,OI,10,75,690.75,25.56,10072,2026-08-22,Y,2026-08-19,MOCKLOAD,2026-09-12 23:05:03
1007,507,100703010,2026-08-20,100703,111,2026-08-20,10,158.17,OI,13,98,15500.66,573.52,10072,2026-08-22,Y,2026-08-20,MOCKLOAD,2026-09-12 23:05:03
1007,507,100703011,2026-08-21,100703,104,2026-08-21,11,228.15,OI,24,36,8213.4,303.9,10072,2026-08-22,Y,2026-08-21,MOCKLOAD,2026-09-12 23:05:03
1007,507,100703012,2026-08-22,100703,112,2026-08-22,12,243.57,OI,25,74,18024.18,666.89,10072,2026-08-22,Y,2026-08-22,MOCKLOAD,2026-09-12 23:05:03
1007,507,100703013,2026-08-23,100703,120,2026-08-23,13,86.88,OI,27,67,5820.96,215.38,10073,2026-08-28,Y,2026-08-23,MOCKLOAD,2026-09-12 23:05:03
1007,507,100703014,2026-08-24,100703,107,2026-08-24,14,59.46,OI,17,98,5827.08,215.6,10073,2026-08-28,Y,2026-08-24,MOCKLOAD,2026-09-12 23:05:03
1007,507,100703015,2026-08-25,100703,119,2026-08-25,15,15.08,OI,27,28,422.24,15.62,10073,2026-08-28,Y,2026-08-25,MOCKLOAD,2026-09-12 23:05:03
1007,507,100703016,2026-08-26,100703,118,2026-08-26,16,271.99,OI,24,27,7343.73,271.72,10073,2026-08-28,Y,2026-08-26,MOCKLOAD,2026-09-12 23:05:03
1007,507,100703017,2026-08-27,100703,101,2026-08-27,17,197.94,OI,15,33,6532.02,241.68,10073,2026-08-28,Y,2026-08-27,MOCKLOAD,2026-09-12 23:05:03
1007,507,100703018,2026-08-28,100703,104,2026-08-28,18,288.78,OI,10,42,12128.76,448.76,10073,2026-08-28,Y,2026-08-28,MOCKLOAD,2026-09-12 23:05:03
1007,507,100703019,2026-08-29,100703,106,2026-08-29,19,462.2,OI,18,17,7857.4,290.72,10074,2026-09-03,Y,2026-08-29,MOCKLOAD,2026-09-12 23:05:03
1007,507,100703020,2026-08-30,100703,103,2026-08-30,20,381.99,OI,16,57,21773.43,805.62,10074,2026-09-03,Y,2026-08-30,MOCKLOAD,2026-09-12 23:05:03
1007,507,100703021,2026-08-31,100703,108,2026-08-31,21,311,OI,12,41,12751,471.79,10074,2026-09-03,Y,2026-08-31,MOCKLOAD,2026-09-12 23:05:03
1007,507,100703022,2026-09-01,100703,107,2026-09-01,22,328.71,OI,20,38,12490.98,462.17,10074,2026-09-03,Y,2026-09-01,MOCKLOAD,2026-09-12 23:05:03
1007,507,100703023,2026-09-02,100703,107,2026-09-02,23,388.36,OI,27,56,21748.16,804.68,10074,2026-09-03,Y,2026-09-02,MOCKLOAD,2026-09-12 23:05:03
1007,507,100703024,2026-09-03,100703,108,2026-09-03,24,197.41,OI,27,66,13029.06,482.08,10074,2026-09-03,Y,2026-09-03,MOCKLOAD,2026-09-12 23:05:03
1007,507,100703025,2026-09-04,100703,113,2026-09-04,25,104.49,OI,19,6,626.94,23.2,10075,2026-09-09,Y,2026-09-04,MOCKLOAD,2026-09-12 23:05:03
1007,507,100703026,2026-09-05,100703,117,2026-09-05,26,166.06,OI,26,83,13782.98,509.97,10075,2026-09-09,Y,2026-09-05,MOCKLOAD,2026-09-12 23:05:03
1007,507,100703027,2026-09-06,100703,103,2026-09-06,27,437.94,OI,29,85,37224.9,1377.32,10075,2026-09-09,Y,2026-09-06,MOCKLOAD,2026-09-12 23:05:03
1007,507,100703028,2026-09-07,100703,105,2026-09-07,28,404.65,OI,20,71,28730.15,1063.02,10075,2026-09-09,Y,2026-09-07,MOCKLOAD,2026-09-12 23:05:03
1007,507,100703029,2026-09-08,100703,103,2026-09-08,29,444.15,OI,15,75,33311.25,1232.52,10075,2026-09-09,Y,2026-09-08,MOCKLOAD,2026-09-12 23:05:03
1007,507,100703030,2026-09-09,100703,114,2026-09-09,30,50.06,OI,24,68,3404.08,125.95,10075,2026-09-09,Y,2026-09-09,MOCKLOAD,2026-09-12 23:05:03
1007,507,100704001,2026-08-11,100704,103,2026-08-11,1,270.66,OI,18,27,7307.82,270.39,10071,2026-08-16,Y,2026-08-11,MOCKLOAD,2026-09-12 23:05:03
1007,507,100704002,2026-08-12,100704,104,2026-08-12,2,219.99,OI,18,45,9899.55,366.28,10071,2026-08-16,Y,2026-08-12,MOCKLOAD,2026-09-12 23:05:03
1007,507,100704003,2026-08-13,100704,120,2026-08-13,3,40.85,OI,16,69,2818.65,104.29,10071,2026-08-16,Y,2026-08-13,MOCKLOAD,2026-09-12 23:05:03
1007,507,100704004,2026-08-14,100704,113,2026-08-14,4,115.75,OI,12,78,9028.5,334.05,10071,2026-08-16,Y,2026-08-14,MOCKLOAD,2026-09-12 23:05:03
1007,507,100704005,2026-08-15,100704,113,2026-08-15,5,482.16,OI,25,46,22179.36,820.64,10071,2026-08-16,Y,2026-08-15,MOCKLOAD,2026-09-12 23:05:03
1007,507,100704006,2026-08-16,100704,116,2026-08-16,6,55.18,OI,28,73,4028.14,149.04,10071,2026-08-16,Y,2026-08-16,MOCKLOAD,2026-09-12 23:05:03
1007,507,100704007,2026-08-17,100704,104,2026-08-17,7,377.65,OI,26,21,7930.65,293.43,10072,2026-08-22,Y,2026-08-17,MOCKLOAD,2026-09-12 23:05:03
1007,507,100704008,2026-08-18,100704,104,2026-08-18,8,57.35,OI,19,28,1605.8,59.41,10072,2026-08-22,Y,2026-08-18,MOCKLOAD,2026-09-12 23:05:03
1007,507,100704009,2026-08-19,100704,101,2026-08-19,9,314.04,OI,18,31,9735.24,360.2,10072,2026-08-22,Y,2026-08-19,MOCKLOAD,2026-09-12 23:05:03
1007,507,100704010,2026-08-20,100704,119,2026-08-20,10,391.17,OI,28,68,26599.56,984.18,10072,2026-08-22,Y,2026-08-20,MOCKLOAD,2026-09-12 23:05:03
1007,507,100704011,2026-08-21,100704,108,2026-08-21,11,460.65,OI,24,9,4145.85,153.4,10072,2026-08-22,Y,2026-08-21,MOCKLOAD,2026-09-12 23:05:03
1007,507,100704012,2026-08-22,100704,119,2026-08-22,12,369.17,OI,20,89,32856.13,1215.68,10072,2026-08-22,Y,2026-08-22,MOCKLOAD,2026-09-12 23:05:03
1007,507,100704013,2026-08-23,100704,105,2026-08-23,13,259.18,OI,25,53,13736.54,508.25,10073,2026-08-28,Y,2026-08-23,MOCKLOAD,2026-09-12 23:05:03
1007,507,100704014,2026-08-24,100704,119,2026-08-24,14,485.17,OI,22,24,11644.08,430.83,10073,2026-08-28,Y,2026-08-24,MOCKLOAD,2026-09-12 23:05:03
1007,507,100704015,2026-08-25,100704,106,2026-08-25,15,173.9,OI,26,77,13390.3,495.44,10073,2026-08-28,Y,2026-08-25,MOCKLOAD,2026-09-12 23:05:03
1007,507,100704016,2026-08-26,100704,105,2026-08-26,16,324.3,OI,21,18,5837.4,215.98,10073,2026-08-28,Y,2026-08-26,MOCKLOAD,2026-09-12 23:05:03
1007,507,100704017,2026-08-27,100704,114,2026-08-27,17,465.1,OI,20,16,7441.6,275.34,10073,2026-08-28,Y,2026-08-27,MOCKLOAD,2026-09-12 23:05:03
1007,507,100704018,2026-08-28,100704,118,2026-08-28,18,357.53,OI,19,7,2502.71,92.6,10073,2026-08-28,Y,2026-08-28,MOCKLOAD,2026-09-12 23:05:03
1007,507,100704019,2026-08-29,100704,111,2026-08-29,19,226.2,OI,22,17,3845.4,142.28,10074,2026-09-03,Y,2026-08-29,MOCKLOAD,2026-09-12 23:05:03
1007,507,100704020,2026-08-30,100704,108,2026-08-30,20,207.8,OI,20,36,7480.8,276.79,10074,2026-09-03,Y,2026-08-30,MOCKLOAD,2026-09-12 23:05:03
1007,507,100704021,2026-08-31,100704,106,2026-08-31,21,26.77,OI,22,91,2436.07,90.13,10074,2026-09-03,Y,2026-08-31,MOCKLOAD,2026-09-12 23:05:03
1007,507,100704022,2026-09-01,100704,118,2026-09-01,22,356.47,OI,16,36,12832.92,474.82,10074,2026-09-03,Y,2026-09-01,MOCKLOAD,2026-09-12 23:05:03
1007,507,100704023,2026-09-02,100704,118,2026-09-02,23,60.95,OI,26,100,6095,225.52,10074,2026-09-03,Y,2026-09-02,MOCKLOAD,2026-09-12 23:05:03
1007,507,100704024,2026-09-03,100704,106,2026-09-03,24,214.34,OI,20,77,16504.18,610.65,10074,2026-09-03,Y,2026-09-03,MOCKLOAD,2026-09-12 23:05:03
1007,507,100704025,2026-09-04,100704,112,2026-09-04,25,491.23,OI,13,11,5403.53,199.93,10075,2026-09-09,Y,2026-09-04,MOCKLOAD,2026-09-12 23:05:03
1007,507,100704026,2026-09-05,100704,110,2026-09-05,26,275.48,OI,18,52,14324.96,530.02,10075,2026-09-09,Y,2026-09-05,MOCKLOAD,2026-09-12 23:05:03
1007,507,100704027,2026-09-06,100704,114,2026-09-06,27,116.69,OI,29,39,4550.91,168.38,10075,2026-09-09,Y,2026-09-06,MOCKLOAD,2026-09-12 23:05:03
1007,507,100704028,2026-09-07,100704,113,2026-09-07,28,319.43,OI,14,43,13735.49,508.21,10075,2026-09-09,Y,2026-09-07,MOCKLOAD,2026-09-12 23:05:03
1007,507,100704029,2026-09-08,100704,108,2026-09-08,29,122.6,OI,21,37,4536.2,167.84,10075,2026-09-09,Y,2026-09-08,MOCKLOAD,2026-09-12 23:05:03
1007,507,100704030,2026-09-09,100704,120,2026-09-09,30,225.22,OI,28,10,2252.2,83.33,10075,2026-09-09,Y,2026-09-09,MOCKLOAD,2026-09-12 23:05:03
1007,507,100705001,2026-08-11,100705,120,2026-08-11,1,331.72,OI,24,70,23220.4,859.15,10071,2026-08-16,Y,2026-08-11,MOCKLOAD,2026-09-12 23:05:03
1007,507,100705002,2026-08-12,100705,119,2026-08-12,2,396.69,OI,10,92,36495.48,1350.33,10071,2026-08-16,Y,2026-08-12,MOCKLOAD,2026-09-12 23:05:03
1007,507,100705003,2026-08-13,100705,112,2026-08-13,3,88.61,OI,27,45,3987.45,147.54,10071,2026-08-16,Y,2026-08-13,MOCKLOAD,2026-09-12 23:05:03
1007,507,100705004,2026-08-14,100705,109,2026-08-14,4,131.58,OI,21,11,1447.38,53.55,10071,2026-08-16,Y,2026-08-14,MOCKLOAD,2026-09-12 23:05:03
1007,507,100705005,2026-08-15,100705,101,2026-08-15,5,187.9,OI,17,64,12025.6,444.95,10071,2026-08-16,Y,2026-08-15,MOCKLOAD,2026-09-12 23:05:03
1007,507,100705006,2026-08-16,100705,115,2026-08-16,6,75.54,OI,24,84,6345.36,234.78,10071,2026-08-16,Y,2026-08-16,MOCKLOAD,2026-09-12 23:05:03
1007,507,100705007,2026-08-17,100705,104,2026-08-17,7,423.52,OI,13,70,29646.4,1096.92,10072,2026-08-22,Y,2026-08-17,MOCKLOAD,2026-09-12 23:05:03
1007,507,100705008,2026-08-18,100705,105,2026-08-18,8,29.77,OI,21,89,2649.53,98.03,10072,2026-08-22,Y,2026-08-18,MOCKLOAD,2026-09-12 23:05:03
1007,507,100705009,2026-08-19,100705,104,2026-08-19,9,447.38,OI,23,32,14316.16,529.7,10072,2026-08-22,Y,2026-08-19,MOCKLOAD,2026-09-12 23:05:03
1007,507,100705010,2026-08-20,100705,112,2026-08-20,10,483.04,OI,21,73,35261.92,1304.69,10072,2026-08-22,Y,2026-08-20,MOCKLOAD,2026-09-12 23:05:03
1007,507,100705011,2026-08-21,100705,116,2026-08-21,11,228.68,OI,17,98,22410.64,829.19,10072,2026-08-22,Y,2026-08-21,MOCKLOAD,2026-09-12 23:05:03
1007,507,100705012,2026-08-22,100705,113,2026-08-22,12,159.74,OI,28,76,12140.24,449.19,10072,2026-08-22,Y,2026-08-22,MOCKLOAD,2026-09-12 23:05:03
1007,507,100705013,2026-08-23,100705,114,2026-08-23,13,107.2,OI,23,87,9326.4,345.08,10073,2026-08-28,Y,2026-08-23,MOCKLOAD,2026-09-12 23:05:03
1007,507,100705014,2026-08-24,100705,115,2026-08-24,14,121.38,OI,16,100,12138,449.11,10073,2026-08-28,Y,2026-08-24,MOCKLOAD,2026-09-12 23:05:03
1007,507,100705015,2026-08-25,100705,104,2026-08-25,15,160.77,OI,12,91,14630.07,541.31,10073,2026-08-28,Y,2026-08-25,MOCKLOAD,2026-09-12 23:05:03
1007,507,100705016,2026-08-26,100705,116,2026-08-26,16,36.47,OI,17,32,1167.04,43.18,10073,2026-08-28,Y,2026-08-26,MOCKLOAD,2026-09-12 23:05:03
1007,507,100705017,2026-08-27,100705,112,2026-08-27,17,427.91,OI,22,93,39795.63,1472.44,10073,2026-08-28,Y,2026-08-27,MOCKLOAD,2026-09-12 23:05:03
1007,507,100705018,2026-08-28,100705,115,2026-08-28,18,295.96,OI,29,19,5623.24,208.06,10073,2026-08-28,Y,2026-08-28,MOCKLOAD,2026-09-12 23:05:03
1007,507,100705019,2026-08-29,100705,111,2026-08-29,19,475.56,OI,22,23,10937.88,404.7,10074,2026-09-03,Y,2026-08-29,MOCKLOAD,2026-09-12 23:05:03
1007,507,100705020,2026-08-30,100705,108,2026-08-30,20,63.1,OI,19,26,1640.6,60.7,10074,2026-09-03,Y,2026-08-30,MOCKLOAD,2026-09-12 23:05:03
1007,507,100705021,2026-08-31,100705,116,2026-08-31,21,196.85,OI,28,61,12007.85,444.29,10074,2026-09-03,Y,2026-08-31,MOCKLOAD,2026-09-12 23:05:03
1007,507,100705022,2026-09-01,100705,108,2026-09-01,22,177.33,OI,12,55,9753.15,360.87,10074,2026-09-03,Y,2026-09-01,MOCKLOAD,2026-09-12 23:05:03
1007,507,100705023,2026-09-02,100705,114,2026-09-02,23,231.47,OI,23,55,12730.85,471.04,10074,2026-09-03,Y,2026-09-02,MOCKLOAD,2026-09-12 23:05:03
1007,507,100705024,2026-09-03,100705,113,2026-09-03,24,421.24,OI,18,63,26538.12,981.91,10074,2026-09-03,Y,2026-09-03,MOCKLOAD,2026-09-12 23:05:03
1007,507,100705025,2026-09-04,100705,109,2026-09-04,25,157.89,OI,18,100,15789,584.19,10075,2026-09-09,Y,2026-09-04,MOCKLOAD,2026-09-12 23:05:03
1007,507,100705026,2026-09-05,100705,114,2026-09-05,26,325.84,OI,13,89,28999.76,1072.99,10075,2026-09-09,Y,2026-09-05,MOCKLOAD,2026-09-12 23:05:03
1007,507,100705027,2026-09-06,100705,112,2026-09-06,27,129.86,OI,18,23,2986.78,110.51,10075,2026-09-09,Y,2026-09-06,MOCKLOAD,2026-09-12 23:05:03
1007,507,100705028,2026-09-07,100705,108,2026-09-07,28,138.37,OI,15,47,6503.39,240.63,10075,2026-09-09,Y,2026-09-07,MOCKLOAD,2026-09-12 23:05:03
1007,507,100705029,2026-09-08,100705,102,2026-09-08,29,290.69,OI,26,67,19476.23,720.62,10075,2026-09-09,Y,2026-09-08,MOCKLOAD,2026-09-12 23:05:03
1007,507,100705030,2026-09-09,100705,118,2026-09-09,30,265.29,OI,15,20,5305.8,196.31,10075,2026-09-09,Y,2026-09-09,MOCKLOAD,2026-09-12 23:05:03
1007,507,100706001,2026-08-11,100706,111,2026-08-11,1,244.79,OI,29,56,13708.24,507.2,10071,2026-08-16,Y,2026-08-11,MOCKLOAD,2026-09-12 23:05:03
1007,507,100706002,2026-08-12,100706,111,2026-08-12,2,153.63,OI,12,50,7681.5,284.22,10071,2026-08-16,Y,2026-08-12,MOCKLOAD,2026-09-12 23:05:03
1007,507,100706003,2026-08-13,100706,106,2026-08-13,3,273.17,OI,20,9,2458.53,90.97,10071,2026-08-16,Y,2026-08-13,MOCKLOAD,2026-09-12 23:05:03
1007,507,100706004,2026-08-14,100706,103,2026-08-14,4,260.76,OI,22,5,1303.8,48.24,10071,2026-08-16,Y,2026-08-14,MOCKLOAD,2026-09-12 23:05:03
1007,507,100706005,2026-08-15,100706,105,2026-08-15,5,455.19,OI,29,3,1365.57,50.53,10071,2026-08-16,Y,2026-08-15,MOCKLOAD,2026-09-12 23:05:03
1007,507,100706006,2026-08-16,100706,116,2026-08-16,6,246.05,OI,25,25,6151.25,227.6,10071,2026-08-16,Y,2026-08-16,MOCKLOAD,2026-09-12 23:05:03
1007,507,100706007,2026-08-17,100706,120,2026-08-17,7,139.21,OI,26,31,4315.51,159.67,10072,2026-08-22,Y,2026-08-17,MOCKLOAD,2026-09-12 23:05:03
1007,507,100706008,2026-08-18,100706,106,2026-08-18,8,155.09,OI,11,20,3101.8,114.77,10072,2026-08-22,Y,2026-08-18,MOCKLOAD,2026-09-12 23:05:03
1007,507,100706009,2026-08-19,100706,119,2026-08-19,9,364.26,OI,13,44,16027.44,593.02,10072,2026-08-22,Y,2026-08-19,MOCKLOAD,2026-09-12 23:05:03
1007,507,100706010,2026-08-20,100706,120,2026-08-20,10,100.16,OI,17,67,6710.72,248.3,10072,2026-08-22,Y,2026-08-20,MOCKLOAD,2026-09-12 23:05:03
1007,507,100706011,2026-08-21,100706,102,2026-08-21,11,255.2,OI,16,96,24499.2,906.47,10072,2026-08-22,Y,2026-08-21,MOCKLOAD,2026-09-12 23:05:03
1007,507,100706012,2026-08-22,100706,108,2026-08-22,12,424.47,OI,22,4,1697.88,62.82,10072,2026-08-22,Y,2026-08-22,MOCKLOAD,2026-09-12 23:05:03
1007,507,100706013,2026-08-23,100706,112,2026-08-23,13,287.81,OI,25,26,7483.06,276.87,10073,2026-08-28,Y,2026-08-23,MOCKLOAD,2026-09-12 23:05:03
1007,507,100706014,2026-08-24,100706,110,2026-08-24,14,233.84,OI,24,35,8184.4,302.82,10073,2026-08-28,Y,2026-08-24,MOCKLOAD,2026-09-12 23:05:03
1007,507,100706015,2026-08-25,100706,104,2026-08-25,15,490.85,OI,14,23,11289.55,417.71,10073,2026-08-28,Y,2026-08-25,MOCKLOAD,2026-09-12 23:05:03
1007,507,100706016,2026-08-26,100706,110,2026-08-26,16,227.13,OI,10,54,12265.02,453.81,10073,2026-08-28,Y,2026-08-26,MOCKLOAD,2026-09-12 23:05:03
1007,507,100706017,2026-08-27,100706,102,2026-08-27,17,362.38,OI,19,74,26816.12,992.2,10073,2026-08-28,Y,2026-08-27,MOCKLOAD,2026-09-12 23:05:03
1007,507,100706018,2026-08-28,100706,109,2026-08-28,18,181.39,OI,23,68,12334.52,456.38,10073,2026-08-28,Y,2026-08-28,MOCKLOAD,2026-09-12 23:05:03
1007,507,100706019,2026-08-29,100706,110,2026-08-29,19,232.45,OI,19,63,14644.35,541.84,10074,2026-09-03,Y,2026-08-29,MOCKLOAD,2026-09-12 23:05:03
1007,507,100706020,2026-08-30,100706,112,2026-08-30,20,37.46,OI,16,11,412.06,15.25,10074,2026-09-03,Y,2026-08-30,MOCKLOAD,2026-09-12 23:05:03
1007,507,100706021,2026-08-31,100706,105,2026-08-31,21,448.76,OI,16,48,21540.48,797,10074,2026-09-03,Y,2026-08-31,MOCKLOAD,2026-09-12 23:05:03
1007,507,100706022,2026-09-01,100706,108,2026-09-01,22,335.24,OI,10,97,32518.28,1203.18,10074,2026-09-03,Y,2026-09-01,MOCKLOAD,2026-09-12 23:05:03
1007,507,100706023,2026-09-02,100706,111,2026-09-02,23,262.86,OI,20,19,4994.34,184.79,10074,2026-09-03,Y,2026-09-02,MOCKLOAD,2026-09-12 23:05:03
1007,507,100706024,2026-09-03,100706,104,2026-09-03,24,89.43,OI,29,62,5544.66,205.15,10074,2026-09-03,Y,2026-09-03,MOCKLOAD,2026-09-12 23:05:03
1007,507,100706025,2026-09-04,100706,115,2026-09-04,25,166.04,OI,17,88,14611.52,540.63,10075,2026-09-09,Y,2026-09-04,MOCKLOAD,2026-09-12 23:05:03
1007,507,100706026,2026-09-05,100706,118,2026-09-05,26,129.61,OI,24,67,8683.87,321.3,10075,2026-09-09,Y,2026-09-05,MOCKLOAD,2026-09-12 23:05:03
1007,507,100706027,2026-09-06,100706,111,2026-09-06,27,476.91,OI,25,83,39583.53,1464.59,10075,2026-09-09,Y,2026-09-06,MOCKLOAD,2026-09-12 23:05:03
1007,507,100706028,2026-09-07,100706,105,2026-09-07,28,128.9,OI,22,63,8120.7,300.47,10075,2026-09-09,Y,2026-09-07,MOCKLOAD,2026-09-12 23:05:03
1007,507,100706029,2026-09-08,100706,103,2026-09-08,29,197.21,OI,27,73,14396.33,532.66,10075,2026-09-09,Y,2026-09-08,MOCKLOAD,2026-09-12 23:05:03
1007,507,100706030,2026-09-09,100706,109,2026-09-09,30,441.08,OI,21,69,30434.52,1126.08,10075,2026-09-09,Y,2026-09-09,MOCKLOAD,2026-09-12 23:05:03
1007,507,100707001,2026-08-11,100707,111,2026-08-11,1,321.27,OI,16,74,23773.98,879.64,10071,2026-08-16,Y,2026-08-11,MOCKLOAD,2026-09-12 23:05:03
1007,507,100707002,2026-08-12,100707,118,2026-08-12,2,79.65,OI,17,30,2389.5,88.41,10071,2026-08-16,Y,2026-08-12,MOCKLOAD,2026-09-12 23:05:03
1007,507,100707003,2026-08-13,100707,119,2026-08-13,3,316.23,OI,16,54,17076.42,631.83,10071,2026-08-16,Y,2026-08-13,MOCKLOAD,2026-09-12 23:05:03
1007,507,100707004,2026-08-14,100707,105,2026-08-14,4,452.67,OI,12,23,10411.41,385.22,10071,2026-08-16,Y,2026-08-14,MOCKLOAD,2026-09-12 23:05:03
1007,507,100707005,2026-08-15,100707,111,2026-08-15,5,470.34,OI,15,41,19283.94,713.51,10071,2026-08-16,Y,2026-08-15,MOCKLOAD,2026-09-12 23:05:03
1007,507,100707006,2026-08-16,100707,109,2026-08-16,6,116.94,OI,23,81,9472.14,350.47,10071,2026-08-16,Y,2026-08-16,MOCKLOAD,2026-09-12 23:05:03
1007,507,100707007,2026-08-17,100707,105,2026-08-17,7,177.19,OI,26,51,9036.69,334.36,10072,2026-08-22,Y,2026-08-17,MOCKLOAD,2026-09-12 23:05:03
1007,507,100707008,2026-08-18,100707,101,2026-08-18,8,229.48,OI,14,24,5507.52,203.78,10072,2026-08-22,Y,2026-08-18,MOCKLOAD,2026-09-12 23:05:03
1007,507,100707009,2026-08-19,100707,108,2026-08-19,9,52.7,OI,13,7,368.9,13.65,10072,2026-08-22,Y,2026-08-19,MOCKLOAD,2026-09-12 23:05:03
1007,507,100707010,2026-08-20,100707,101,2026-08-20,10,52.06,OI,27,38,1978.28,73.2,10072,2026-08-22,Y,2026-08-20,MOCKLOAD,2026-09-12 23:05:03
1007,507,100707011,2026-08-21,100707,102,2026-08-21,11,292.88,OI,14,36,10543.68,390.12,10072,2026-08-22,Y,2026-08-21,MOCKLOAD,2026-09-12 23:05:03
1007,507,100707012,2026-08-22,100707,102,2026-08-22,12,417.84,OI,22,99,41366.16,1530.55,10072,2026-08-22,Y,2026-08-22,MOCKLOAD,2026-09-12 23:05:03
1007,507,100707013,2026-08-23,100707,119,2026-08-23,13,467.41,OI,12,86,40197.26,1487.3,10073,2026-08-28,Y,2026-08-23,MOCKLOAD,2026-09-12 23:05:03
1007,507,100707014,2026-08-24,100707,113,2026-08-24,14,269.93,OI,18,54,14576.22,539.32,10073,2026-08-28,Y,2026-08-24,MOCKLOAD,2026-09-12 23:05:03
1007,507,100707015,2026-08-25,100707,102,2026-08-25,15,413.63,OI,19,92,38053.96,1408,10073,2026-08-28,Y,2026-08-25,MOCKLOAD,2026-09-12 23:05:03
1007,507,100707016,2026-08-26,100707,110,2026-08-26,16,230.48,OI,13,3,691.44,25.58,10073,2026-08-28,Y,2026-08-26,MOCKLOAD,2026-09-12 23:05:03
1007,507,100707017,2026-08-27,100707,118,2026-08-27,17,422.71,OI,26,36,15217.56,563.05,10073,2026-08-28,Y,2026-08-27,MOCKLOAD,2026-09-12 23:05:03
1007,507,100707018,2026-08-28,100707,111,2026-08-28,18,456.51,OI,25,48,21912.48,810.76,10073,2026-08-28,Y,2026-08-28,MOCKLOAD,2026-09-12 23:05:03
1007,507,100707019,2026-08-29,100707,106,2026-08-29,19,221.33,OI,22,9,1991.97,73.7,10074,2026-09-03,Y,2026-08-29,MOCKLOAD,2026-09-12 23:05:03
1007,507,100707020,2026-08-30,100707,113,2026-08-30,20,211.3,OI,22,91,19228.3,711.45,10074,2026-09-03,Y,2026-08-30,MOCKLOAD,2026-09-12 23:05:03
1007,507,100707021,2026-08-31,100707,110,2026-08-31,21,437.84,OI,22,17,7443.28,275.4,10074,2026-09-03,Y,2026-08-31,MOCKLOAD,2026-09-12 23:05:03
1007,507,100707022,2026-09-01,100707,115,2026-09-01,22,439.22,OI,17,48,21082.56,780.05,10074,2026-09-03,Y,2026-09-01,MOCKLOAD,2026-09-12 23:05:03
1007,507,100707023,2026-09-02,100707,120,2026-09-02,23,321.89,OI,20,18,5794.02,214.38,10074,2026-09-03,Y,2026-09-02,MOCKLOAD,2026-09-12 23:05:03
1007,507,100707024,2026-09-03,100707,104,2026-09-03,24,131.99,OI,23,51,6731.49,249.07,10074,2026-09-03,Y,2026-09-03,MOCKLOAD,2026-09-12 23:05:03
1007,507,100707025,2026-09-04,100707,118,2026-09-04,25,470.08,OI,17,26,12222.08,452.22,10075,2026-09-09,Y,2026-09-04,MOCKLOAD,2026-09-12 23:05:03
1007,507,100707026,2026-09-05,100707,116,2026-09-05,26,474.44,OI,10,18,8539.92,315.98,10075,2026-09-09,Y,2026-09-05,MOCKLOAD,2026-09-12 23:05:03
1007,507,100707027,2026-09-06,100707,107,2026-09-06,27,349.97,OI,28,15,5249.55,194.23,10075,2026-09-09,Y,2026-09-06,MOCKLOAD,2026-09-12 23:05:03
1007,507,100707028,2026-09-07,100707,115,2026-09-07,28,269.09,OI,16,78,20989.02,776.59,10075,2026-09-09,Y,2026-09-07,MOCKLOAD,2026-09-12 23:05:03
1007,507,100707029,2026-09-08,100707,113,2026-09-08,29,216.03,OI,29,29,6264.87,231.8,10075,2026-09-09,Y,2026-09-08,MOCKLOAD,2026-09-12 23:05:03
1007,507,100707030,2026-09-09,100707,101,2026-09-09,30,111.5,OI,21,94,10481,387.8,10075,2026-09-09,Y,2026-09-09,MOCKLOAD,2026-09-12 23:05:03
1007,507,100708001,2026-08-11,100708,115,2026-08-11,1,463.46,OI,18,88,40784.48,1509.03,10071,2026-08-16,Y,2026-08-11,MOCKLOAD,2026-09-12 23:05:03
1007,507,100708002,2026-08-12,100708,111,2026-08-12,2,5.84,OI,11,71,414.64,15.34,10071,2026-08-16,Y,2026-08-12,MOCKLOAD,2026-09-12 23:05:03
1007,507,100708003,2026-08-13,100708,102,2026-08-13,3,243.64,OI,23,45,10963.8,405.66,10071,2026-08-16,Y,2026-08-13,MOCKLOAD,2026-09-12 23:05:03
1007,507,100708004,2026-08-14,100708,108,2026-08-14,4,425.69,OI,24,83,35332.27,1307.29,10071,2026-08-16,Y,2026-08-14,MOCKLOAD,2026-09-12 23:05:03
1007,507,100708005,2026-08-15,100708,109,2026-08-15,5,99.25,OI,15,46,4565.5,168.92,10071,2026-08-16,Y,2026-08-15,MOCKLOAD,2026-09-12 23:05:03
1007,507,100708006,2026-08-16,100708,102,2026-08-16,6,123.73,OI,21,14,1732.22,64.09,10071,2026-08-16,Y,2026-08-16,MOCKLOAD,2026-09-12 23:05:03
1007,507,100708007,2026-08-17,100708,117,2026-08-17,7,141.88,OI,15,77,10924.76,404.22,10072,2026-08-22,Y,2026-08-17,MOCKLOAD,2026-09-12 23:05:03
1007,507,100708008,2026-08-18,100708,114,2026-08-18,8,298.82,OI,20,97,28985.54,1072.46,10072,2026-08-22,Y,2026-08-18,MOCKLOAD,2026-09-12 23:05:03
1007,507,100708009,2026-08-19,100708,103,2026-08-19,9,324.82,OI,28,58,18839.56,697.06,10072,2026-08-22,Y,2026-08-19,MOCKLOAD,2026-09-12 23:05:03
1007,507,100708010,2026-08-20,100708,111,2026-08-20,10,348.94,OI,26,1,348.94,12.91,10072,2026-08-22,Y,2026-08-20,MOCKLOAD,2026-09-12 23:05:03
1007,507,100708011,2026-08-21,100708,119,2026-08-21,11,5.15,OI,27,49,252.35,9.34,10072,2026-08-22,Y,2026-08-21,MOCKLOAD,2026-09-12 23:05:03
1007,507,100708012,2026-08-22,100708,113,2026-08-22,12,384.5,OI,20,92,35374,1308.84,10072,2026-08-22,Y,2026-08-22,MOCKLOAD,2026-09-12 23:05:03
1007,507,100708013,2026-08-23,100708,120,2026-08-23,13,74.17,OI,20,97,7194.49,266.2,10073,2026-08-28,Y,2026-08-23,MOCKLOAD,2026-09-12 23:05:03
1007,507,100708014,2026-08-24,100708,106,2026-08-24,14,377.07,OI,19,89,33559.23,1241.69,10073,2026-08-28,Y,2026-08-24,MOCKLOAD,2026-09-12 23:05:03
1007,507,100708015,2026-08-25,100708,107,2026-08-25,15,454.16,OI,21,59,26795.44,991.43,10073,2026-08-28,Y,2026-08-25,MOCKLOAD,2026-09-12 23:05:03
1007,507,100708016,2026-08-26,100708,102,2026-08-26,16,466.6,OI,15,15,6999,258.96,10073,2026-08-28,Y,2026-08-26,MOCKLOAD,2026-09-12 23:05:03
1007,507,100708017,2026-08-27,100708,109,2026-08-27,17,198.57,OI,20,13,2581.41,95.51,10073,2026-08-28,Y,2026-08-27,MOCKLOAD,2026-09-12 23:05:03
1007,507,100708018,2026-08-28,100708,104,2026-08-28,18,39.75,OI,25,75,2981.25,110.31,10073,2026-08-28,Y,2026-08-28,MOCKLOAD,2026-09-12 23:05:03
1007,507,100708019,2026-08-29,100708,103,2026-08-29,19,403.36,OI,14,37,14924.32,552.2,10074,2026-09-03,Y,2026-08-29,MOCKLOAD,2026-09-12 23:05:03
1007,507,100708020,2026-08-30,100708,102,2026-08-30,20,202.31,OI,18,66,13352.46,494.04,10074,2026-09-03,Y,2026-08-30,MOCKLOAD,2026-09-12 23:05:03
1007,507,100708021,2026-08-31,100708,113,2026-08-31,21,126.21,OI,11,71,8960.91,331.55,10074,2026-09-03,Y,2026-08-31,MOCKLOAD,2026-09-12 23:05:03
1007,507,100708022,2026-09-01,100708,107,2026-09-01,22,211.37,OI,22,26,5495.62,203.34,10074,2026-09-03,Y,2026-09-01,MOCKLOAD,2026-09-12 23:05:03
1007,507,100708023,2026-09-02,100708,105,2026-09-02,23,407.37,OI,12,9,3666.33,135.65,10074,2026-09-03,Y,2026-09-02,MOCKLOAD,2026-09-12 23:05:03
1007,507,100708024,2026-09-03,100708,104,2026-09-03,24,480.26,OI,25,6,2881.56,106.62,10074,2026-09-03,Y,2026-09-03,MOCKLOAD,2026-09-12 23:05:03
1007,507,100708025,2026-09-04,100708,113,2026-09-04,25,232.58,OI,29,59,13722.22,507.72,10075,2026-09-09,Y,2026-09-04,MOCKLOAD,2026-09-12 23:05:03
1007,507,100708026,2026-09-05,100708,105,2026-09-05,26,366.92,OI,12,93,34123.56,1262.57,10075,2026-09-09,Y,2026-09-05,MOCKLOAD,2026-09-12 23:05:03
1007,507,100708027,2026-09-06,100708,107,2026-09-06,27,165.4,OI,19,30,4962,183.59,10075,2026-09-09,Y,2026-09-06,MOCKLOAD,2026-09-12 23:05:03
1007,507,100708028,2026-09-07,100708,119,2026-09-07,28,274.54,OI,13,78,21414.12,792.32,10075,2026-09-09,Y,2026-09-07,MOCKLOAD,2026-09-12 23:05:03
1007,507,100708029,2026-09-08,100708,102,2026-09-08,29,335.24,OI,13,45,15085.8,558.17,10075,2026-09-09,Y,2026-09-08,MOCKLOAD,2026-09-12 23:05:03
1007,507,100708030,2026-09-09,100708,120,2026-09-09,30,384.2,OI,13,92,35346.4,1307.82,10075,2026-09-09,Y,2026-09-09,MOCKLOAD,2026-09-12 23:05:03
1007,507,100709001,2026-08-11,100709,103,2026-08-11,1,288.26,OI,21,10,2882.6,106.66,10071,2026-08-16,Y,2026-08-11,MOCKLOAD,2026-09-12 23:05:03
1007,507,100709002,2026-08-12,100709,114,2026-08-12,2,142.52,OI,20,95,13539.4,500.96,10071,2026-08-16,Y,2026-08-12,MOCKLOAD,2026-09-12 23:05:03
1007,507,100709003,2026-08-13,100709,109,2026-08-13,3,84.61,OI,21,16,1353.76,50.09,10071,2026-08-16,Y,2026-08-13,MOCKLOAD,2026-09-12 23:05:03
1007,507,100709004,2026-08-14,100709,120,2026-08-14,4,403.2,OI,29,13,5241.6,193.94,10071,2026-08-16,Y,2026-08-14,MOCKLOAD,2026-09-12 23:05:03
1007,507,100709005,2026-08-15,100709,118,2026-08-15,5,187.05,OI,25,3,561.15,20.76,10071,2026-08-16,Y,2026-08-15,MOCKLOAD,2026-09-12 23:05:03
1007,507,100709006,2026-08-16,100709,112,2026-08-16,6,155.48,OI,11,99,15392.52,569.52,10071,2026-08-16,Y,2026-08-16,MOCKLOAD,2026-09-12 23:05:03
1007,507,100709007,2026-08-17,100709,112,2026-08-17,7,153.34,OI,27,45,6900.3,255.31,10072,2026-08-22,Y,2026-08-17,MOCKLOAD,2026-09-12 23:05:03
1007,507,100709008,2026-08-18,100709,104,2026-08-18,8,98.26,OI,14,31,3046.06,112.7,10072,2026-08-22,Y,2026-08-18,MOCKLOAD,2026-09-12 23:05:03
1007,507,100709009,2026-08-19,100709,112,2026-08-19,9,369.23,OI,27,36,13292.28,491.81,10072,2026-08-22,Y,2026-08-19,MOCKLOAD,2026-09-12 23:05:03
1007,507,100709010,2026-08-20,100709,117,2026-08-20,10,371.91,OI,22,3,1115.73,41.28,10072,2026-08-22,Y,2026-08-20,MOCKLOAD,2026-09-12 23:05:03
1007,507,100709011,2026-08-21,100709,110,2026-08-21,11,72.94,OI,25,80,5835.2,215.9,10072,2026-08-22,Y,2026-08-21,MOCKLOAD,2026-09-12 23:05:03
1007,507,100709012,2026-08-22,100709,103,2026-08-22,12,304.58,OI,18,91,27716.78,1025.52,10072,2026-08-22,Y,2026-08-22,MOCKLOAD,2026-09-12 23:05:03
1007,507,100709013,2026-08-23,100709,107,2026-08-23,13,16.32,OI,13,86,1403.52,51.93,10073,2026-08-28,Y,2026-08-23,MOCKLOAD,2026-09-12 23:05:03
1007,507,100709014,2026-08-24,100709,109,2026-08-24,14,70.19,OI,19,4,280.76,10.39,10073,2026-08-28,Y,2026-08-24,MOCKLOAD,2026-09-12 23:05:03
1007,507,100709015,2026-08-25,100709,102,2026-08-25,15,314.04,OI,16,98,30775.92,1138.71,10073,2026-08-28,Y,2026-08-25,MOCKLOAD,2026-09-12 23:05:03
1007,507,100709016,2026-08-26,100709,120,2026-08-26,16,375.95,OI,23,98,36843.1,1363.19,10073,2026-08-28,Y,2026-08-26,MOCKLOAD,2026-09-12 23:05:03
1007,507,100709017,2026-08-27,100709,101,2026-08-27,17,202.32,OI,27,6,1213.92,44.92,10073,2026-08-28,Y,2026-08-27,MOCKLOAD,2026-09-12 23:05:03
1007,507,100709018,2026-08-28,100709,110,2026-08-28,18,68.14,OI,28,26,1771.64,65.55,10073,2026-08-28,Y,2026-08-28,MOCKLOAD,2026-09-12 23:05:03
1007,507,100709019,2026-08-29,100709,109,2026-08-29,19,82.56,OI,22,68,5614.08,207.72,10074,2026-09-03,Y,2026-08-29,MOCKLOAD,2026-09-12 23:05:03
1007,507,100709020,2026-08-30,100709,118,2026-08-30,20,113.21,OI,10,57,6452.97,238.76,10074,2026-09-03,Y,2026-08-30,MOCKLOAD,2026-09-12 23:05:03
1007,507,100709021,2026-08-31,100709,117,2026-08-31,21,316.35,OI,23,56,17715.6,655.48,10074,2026-09-03,Y,2026-08-31,MOCKLOAD,2026-09-12 23:05:03
1007,507,100709022,2026-09-01,100709,117,2026-09-01,22,229.56,OI,25,35,8034.6,297.28,10074,2026-09-03,Y,2026-09-01,MOCKLOAD,2026-09-12 23:05:03
1007,507,100709023,2026-09-02,100709,102,2026-09-02,23,329.6,OI,24,13,4284.8,158.54,10074,2026-09-03,Y,2026-09-02,MOCKLOAD,2026-09-12 23:05:03
1007,507,100709024,2026-09-03,100709,116,2026-09-03,24,435.87,OI,13,87,37920.69,1403.07,10074,2026-09-03,Y,2026-09-03,MOCKLOAD,2026-09-12 23:05:03
1007,507,100709025,2026-09-04,100709,119,2026-09-04,25,345.17,OI,20,24,8284.08,306.51,10075,2026-09-09,Y,2026-09-04,MOCKLOAD,2026-09-12 23:05:03
1007,507,100709026,2026-09-05,100709,114,2026-09-05,26,467.92,OI,28,55,25735.6,952.22,10075,2026-09-09,Y,2026-09-05,MOCKLOAD,2026-09-12 23:05:03
1007,507,100709027,2026-09-06,100709,112,2026-09-06,27,30.95,OI,21,56,1733.2,64.13,10075,2026-09-09,Y,2026-09-06,MOCKLOAD,2026-09-12 23:05:03
1007,507,100709028,2026-09-07,100709,116,2026-09-07,28,319.54,OI,28,6,1917.24,70.94,10075,2026-09-09,Y,2026-09-07,MOCKLOAD,2026-09-12 23:05:03
1007,507,100709029,2026-09-08,100709,119,2026-09-08,29,437.22,OI,15,44,19237.68,711.79,10075,2026-09-09,Y,2026-09-08,MOCKLOAD,2026-09-12 23:05:03
1007,507,100709030,2026-09-09,100709,108,2026-09-09,30,75.37,OI,27,56,4220.72,156.17,10075,2026-09-09,Y,2026-09-09,MOCKLOAD,2026-09-12 23:05:03
1007,507,100710001,2026-08-11,100710,117,2026-08-11,1,175,OI,23,30,5250,194.25,10071,2026-08-16,Y,2026-08-11,MOCKLOAD,2026-09-12 23:05:03
1007,507,100710002,2026-08-12,100710,119,2026-08-12,2,226.57,OI,12,72,16313.04,603.58,10071,2026-08-16,Y,2026-08-12,MOCKLOAD,2026-09-12 23:05:03
1007,507,100710003,2026-08-13,100710,105,2026-08-13,3,384.49,OI,27,9,3460.41,128.04,10071,2026-08-16,Y,2026-08-13,MOCKLOAD,2026-09-12 23:05:03
1007,507,100710004,2026-08-14,100710,101,2026-08-14,4,211.83,OI,10,100,21183,783.77,10071,2026-08-16,Y,2026-08-14,MOCKLOAD,2026-09-12 23:05:03
1007,507,100710005,2026-08-15,100710,102,2026-08-15,5,461,OI,24,25,11525,426.43,10071,2026-08-16,Y,2026-08-15,MOCKLOAD,2026-09-12 23:05:03
1007,507,100710006,2026-08-16,100710,117,2026-08-16,6,379.07,OI,18,63,23881.41,883.61,10071,2026-08-16,Y,2026-08-16,MOCKLOAD,2026-09-12 23:05:03
1007,507,100710007,2026-08-17,100710,101,2026-08-17,7,316.72,OI,18,100,31672,1171.86,10072,2026-08-22,Y,2026-08-17,MOCKLOAD,2026-09-12 23:05:03
1007,507,100710008,2026-08-18,100710,102,2026-08-18,8,343.11,OI,14,36,12351.96,457.02,10072,2026-08-22,Y,2026-08-18,MOCKLOAD,2026-09-12 23:05:03
1007,507,100710009,2026-08-19,100710,106,2026-08-19,9,422.5,OI,22,75,31687.5,1172.44,10072,2026-08-22,Y,2026-08-19,MOCKLOAD,2026-09-12 23:05:03
1007,507,100710010,2026-08-20,100710,117,2026-08-20,10,141.99,OI,10,4,567.96,21.01,10072,2026-08-22,Y,2026-08-20,MOCKLOAD,2026-09-12 23:05:03
1007,507,100710011,2026-08-21,100710,119,2026-08-21,11,450.16,OI,23,96,43215.36,1598.97,10072,2026-08-22,Y,2026-08-21,MOCKLOAD,2026-09-12 23:05:03
1007,507,100710012,2026-08-22,100710,102,2026-08-22,12,109.57,OI,24,91,9970.87,368.92,10072,2026-08-22,Y,2026-08-22,MOCKLOAD,2026-09-12 23:05:03
1007,507,100710013,2026-08-23,100710,105,2026-08-23,13,110.49,OI,11,88,9723.12,359.76,10073,2026-08-28,Y,2026-08-23,MOCKLOAD,2026-09-12 23:05:03
1007,507,100710014,2026-08-24,100710,119,2026-08-24,14,132.7,OI,11,70,9289,343.69,10073,2026-08-28,Y,2026-08-24,MOCKLOAD,2026-09-12 23:05:03
1007,507,100710015,2026-08-25,100710,113,2026-08-25,15,8.99,OI,19,36,323.64,11.97,10073,2026-08-28,Y,2026-08-25,MOCKLOAD,2026-09-12 23:05:03
1007,507,100710016,2026-08-26,100710,107,2026-08-26,16,278.61,OI,11,87,24239.07,896.85,10073,2026-08-28,Y,2026-08-26,MOCKLOAD,2026-09-12 23:05:03
1007,507,100710017,2026-08-27,100710,101,2026-08-27,17,59.85,OI,29,34,2034.9,75.29,10073,2026-08-28,Y,2026-08-27,MOCKLOAD,2026-09-12 23:05:03
1007,507,100710018,2026-08-28,100710,103,2026-08-28,18,149.64,OI,18,83,12420.12,459.54,10073,2026-08-28,Y,2026-08-28,MOCKLOAD,2026-09-12 23:05:03
1007,507,100710019,2026-08-29,100710,115,2026-08-29,19,148.28,OI,20,15,2224.2,82.3,10074,2026-09-03,Y,2026-08-29,MOCKLOAD,2026-09-12 23:05:03
1007,507,100710020,2026-08-30,100710,107,2026-08-30,20,104.14,OI,14,68,7081.52,262.02,10074,2026-09-03,Y,2026-08-30,MOCKLOAD,2026-09-12 23:05:03
1007,507,100710021,2026-08-31,100710,109,2026-08-31,21,157.57,OI,12,92,14496.44,536.37,10074,2026-09-03,Y,2026-08-31,MOCKLOAD,2026-09-12 23:05:03
1007,507,100710022,2026-09-01,100710,101,2026-09-01,22,96.21,OI,13,6,577.26,21.36,10074,2026-09-03,Y,2026-09-01,MOCKLOAD,2026-09-12 23:05:03
1007,507,100710023,2026-09-02,100710,107,2026-09-02,23,471.13,OI,26,7,3297.91,122.02,10074,2026-09-03,Y,2026-09-02,MOCKLOAD,2026-09-12 23:05:03
1007,507,100710024,2026-09-03,100710,116,2026-09-03,24,378.29,OI,15,28,10592.12,391.91,10074,2026-09-03,Y,2026-09-03,MOCKLOAD,2026-09-12 23:05:03
1007,507,100710025,2026-09-04,100710,104,2026-09-04,25,321.3,OI,23,30,9639,356.64,10075,2026-09-09,Y,2026-09-04,MOCKLOAD,2026-09-12 23:05:03
1007,507,100710026,2026-09-05,100710,108,2026-09-05,26,131.82,OI,10,72,9491.04,351.17,10075,2026-09-09,Y,2026-09-05,MOCKLOAD,2026-09-12 23:05:03
1007,507,100710027,2026-09-06,100710,108,2026-09-06,27,483.61,OI,14,100,48361,1789.36,10075,2026-09-09,Y,2026-09-06,MOCKLOAD,2026-09-12 23:05:03
1007,507,100710028,2026-09-07,100710,111,2026-09-07,28,459.7,OI,27,82,37695.4,1394.73,10075,2026-09-09,Y,2026-09-07,MOCKLOAD,2026-09-12 23:05:03
1007,507,100710029,2026-09-08,100710,118,2026-09-08,29,208.81,OI,20,53,11066.93,409.48,10075,2026-09-09,Y,2026-09-08,MOCKLOAD,2026-09-12 23:05:03
1007,507,100710030,2026-09-09,100710,103,2026-09-09,30,246.15,OI,10,36,8861.4,327.87,10075,2026-09-09,Y,2026-09-09,MOCKLOAD,2026-09-12 23:05:03
1008,508,100801001,2026-08-11,100801,107,2026-08-11,1,285.19,MK,29,93,26522.67,4946.48,10081,2026-08-16,Y,2026-08-11,MOCKLOAD,2026-09-12 23:05:03
1008,508,100801002,2026-08-12,100801,104,2026-08-12,2,495.38,MK,16,65,32199.7,6005.24,10081,2026-08-16,Y,2026-08-12,MOCKLOAD,2026-09-12 23:05:03
1008,508,100801003,2026-08-13,100801,101,2026-08-13,3,436.4,MK,10,19,8291.6,1546.38,10081,2026-08-16,Y,2026-08-13,MOCKLOAD,2026-09-12 23:05:03
1008,508,100801004,2026-08-14,100801,103,2026-08-14,4,169.52,MK,25,37,6272.24,1169.77,10081,2026-08-16,Y,2026-08-14,MOCKLOAD,2026-09-12 23:05:03
1008,508,100801005,2026-08-15,100801,112,2026-08-15,5,489.07,MK,16,86,42060.02,7844.19,10081,2026-08-16,Y,2026-08-15,MOCKLOAD,2026-09-12 23:05:03
1008,508,100801006,2026-08-16,100801,107,2026-08-16,6,365.21,MK,14,26,9495.46,1770.9,10081,2026-08-16,Y,2026-08-16,MOCKLOAD,2026-09-12 23:05:03
1008,508,100801007,2026-08-17,100801,113,2026-08-17,7,289.4,MK,27,6,1736.4,323.84,10082,2026-08-22,Y,2026-08-17,MOCKLOAD,2026-09-12 23:05:03
1008,508,100801008,2026-08-18,100801,109,2026-08-18,8,265.54,MK,18,27,7169.58,1337.13,10082,2026-08-22,Y,2026-08-18,MOCKLOAD,2026-09-12 23:05:03
1008,508,100801009,2026-08-19,100801,116,2026-08-19,9,16.46,MK,10,16,263.36,49.12,10082,2026-08-22,Y,2026-08-19,MOCKLOAD,2026-09-12 23:05:03
1008,508,100801010,2026-08-20,100801,119,2026-08-20,10,72.7,MK,27,75,5452.5,1016.89,10082,2026-08-22,Y,2026-08-20,MOCKLOAD,2026-09-12 23:05:03
1008,508,100801011,2026-08-21,100801,116,2026-08-21,11,123.36,MK,26,57,7031.52,1311.38,10082,2026-08-22,Y,2026-08-21,MOCKLOAD,2026-09-12 23:05:03
1008,508,100801012,2026-08-22,100801,111,2026-08-22,12,386.61,MK,26,99,38274.39,7138.17,10082,2026-08-22,Y,2026-08-22,MOCKLOAD,2026-09-12 23:05:03
1008,508,100801013,2026-08-23,100801,116,2026-08-23,13,304.66,MK,16,100,30466,5681.91,10083,2026-08-28,Y,2026-08-23,MOCKLOAD,2026-09-12 23:05:03
1008,508,100801014,2026-08-24,100801,115,2026-08-24,14,168.41,MK,24,71,11957.11,2230,10083,2026-08-28,Y,2026-08-24,MOCKLOAD,2026-09-12 23:05:03
1008,508,100801015,2026-08-25,100801,104,2026-08-25,15,481.64,MK,27,87,41902.68,7814.85,10083,2026-08-28,Y,2026-08-25,MOCKLOAD,2026-09-12 23:05:03
1008,508,100801016,2026-08-26,100801,118,2026-08-26,16,407.85,MK,23,34,13866.9,2586.18,10083,2026-08-28,Y,2026-08-26,MOCKLOAD,2026-09-12 23:05:03
1008,508,100801017,2026-08-27,100801,102,2026-08-27,17,188.57,MK,11,15,2828.55,527.52,10083,2026-08-28,Y,2026-08-27,MOCKLOAD,2026-09-12 23:05:03
1008,508,100801018,2026-08-28,100801,117,2026-08-28,18,92.34,MK,26,95,8772.3,1636.03,10083,2026-08-28,Y,2026-08-28,MOCKLOAD,2026-09-12 23:05:03
1008,508,100801019,2026-08-29,100801,103,2026-08-29,19,495.02,MK,23,88,43561.76,8124.27,10084,2026-09-03,Y,2026-08-29,MOCKLOAD,2026-09-12 23:05:03
1008,508,100801020,2026-08-30,100801,107,2026-08-30,20,190.24,MK,23,68,12936.32,2412.62,10084,2026-09-03,Y,2026-08-30,MOCKLOAD,2026-09-12 23:05:03
1008,508,100801021,2026-08-31,100801,109,2026-08-31,21,212.68,MK,26,67,14249.56,2657.54,10084,2026-09-03,Y,2026-08-31,MOCKLOAD,2026-09-12 23:05:03
1008,508,100801022,2026-09-01,100801,117,2026-09-01,22,337.16,MK,17,60,20229.6,3772.82,10084,2026-09-03,Y,2026-09-01,MOCKLOAD,2026-09-12 23:05:03
1008,508,100801023,2026-09-02,100801,112,2026-09-02,23,360.63,MK,28,80,28850.4,5380.6,10084,2026-09-03,Y,2026-09-02,MOCKLOAD,2026-09-12 23:05:03
1008,508,100801024,2026-09-03,100801,114,2026-09-03,24,146.82,MK,17,77,11305.14,2108.41,10084,2026-09-03,Y,2026-09-03,MOCKLOAD,2026-09-12 23:05:03
1008,508,100801025,2026-09-04,100801,112,2026-09-04,25,67.49,MK,19,35,2362.15,440.54,10085,2026-09-09,Y,2026-09-04,MOCKLOAD,2026-09-12 23:05:03
1008,508,100801026,2026-09-05,100801,111,2026-09-05,26,264.4,MK,26,27,7138.8,1331.39,10085,2026-09-09,Y,2026-09-05,MOCKLOAD,2026-09-12 23:05:03
1008,508,100801027,2026-09-06,100801,107,2026-09-06,27,81.29,MK,22,33,2682.57,500.3,10085,2026-09-09,Y,2026-09-06,MOCKLOAD,2026-09-12 23:05:03
1008,508,100801028,2026-09-07,100801,107,2026-09-07,28,415.26,MK,18,92,38203.92,7125.03,10085,2026-09-09,Y,2026-09-07,MOCKLOAD,2026-09-12 23:05:03
1008,508,100801029,2026-09-08,100801,104,2026-09-08,29,62.73,MK,25,4,250.92,46.8,10085,2026-09-09,Y,2026-09-08,MOCKLOAD,2026-09-12 23:05:03
1008,508,100801030,2026-09-09,100801,110,2026-09-09,30,481.16,MK,21,87,41860.92,7807.06,10085,2026-09-09,Y,2026-09-09,MOCKLOAD,2026-09-12 23:05:03
1008,508,100802001,2026-08-11,100802,115,2026-08-11,1,479.15,MK,22,73,34977.95,6523.39,10081,2026-08-16,Y,2026-08-11,MOCKLOAD,2026-09-12 23:05:03
1008,508,100802002,2026-08-12,100802,119,2026-08-12,2,485.31,MK,11,97,47075.07,8779.5,10081,2026-08-16,Y,2026-08-12,MOCKLOAD,2026-09-12 23:05:03
1008,508,100802003,2026-08-13,100802,103,2026-08-13,3,453.09,MK,13,68,30810.12,5746.09,10081,2026-08-16,Y,2026-08-13,MOCKLOAD,2026-09-12 23:05:03
1008,508,100802004,2026-08-14,100802,111,2026-08-14,4,313.99,MK,11,88,27631.12,5153.2,10081,2026-08-16,Y,2026-08-14,MOCKLOAD,2026-09-12 23:05:03
1008,508,100802005,2026-08-15,100802,115,2026-08-15,5,483.16,MK,16,78,37686.48,7028.53,10081,2026-08-16,Y,2026-08-15,MOCKLOAD,2026-09-12 23:05:03
1008,508,100802006,2026-08-16,100802,115,2026-08-16,6,283.94,MK,26,86,24418.84,4554.11,10081,2026-08-16,Y,2026-08-16,MOCKLOAD,2026-09-12 23:05:03
1008,508,100802007,2026-08-17,100802,106,2026-08-17,7,325.94,MK,27,29,9452.26,1762.85,10082,2026-08-22,Y,2026-08-17,MOCKLOAD,2026-09-12 23:05:03
1008,508,100802008,2026-08-18,100802,113,2026-08-18,8,350.64,MK,26,70,24544.8,4577.61,10082,2026-08-22,Y,2026-08-18,MOCKLOAD,2026-09-12 23:05:03
1008,508,100802009,2026-08-19,100802,113,2026-08-19,9,402.14,MK,13,72,28954.08,5399.94,10082,2026-08-22,Y,2026-08-19,MOCKLOAD,2026-09-12 23:05:03
1008,508,100802010,2026-08-20,100802,103,2026-08-20,10,323.13,MK,28,39,12602.07,2350.29,10082,2026-08-22,Y,2026-08-20,MOCKLOAD,2026-09-12 23:05:03
1008,508,100802011,2026-08-21,100802,108,2026-08-21,11,445.32,MK,19,81,36070.92,6727.23,10082,2026-08-22,Y,2026-08-21,MOCKLOAD,2026-09-12 23:05:03
1008,508,100802012,2026-08-22,100802,110,2026-08-22,12,70.27,MK,25,32,2248.64,419.37,10082,2026-08-22,Y,2026-08-22,MOCKLOAD,2026-09-12 23:05:03
1008,508,100802013,2026-08-23,100802,105,2026-08-23,13,80.55,MK,22,1,80.55,15.02,10083,2026-08-28,Y,2026-08-23,MOCKLOAD,2026-09-12 23:05:03
1008,508,100802014,2026-08-24,100802,116,2026-08-24,14,425.39,MK,10,97,41262.83,7695.52,10083,2026-08-28,Y,2026-08-24,MOCKLOAD,2026-09-12 23:05:03
1008,508,100802015,2026-08-25,100802,107,2026-08-25,15,116.48,MK,18,12,1397.76,260.68,10083,2026-08-28,Y,2026-08-25,MOCKLOAD,2026-09-12 23:05:03
1008,508,100802016,2026-08-26,100802,106,2026-08-26,16,353.14,MK,27,19,6709.66,1251.35,10083,2026-08-28,Y,2026-08-26,MOCKLOAD,2026-09-12 23:05:03
1008,508,100802017,2026-08-27,100802,104,2026-08-27,17,284.99,MK,12,23,6554.77,1222.46,10083,2026-08-28,Y,2026-08-27,MOCKLOAD,2026-09-12 23:05:03
1008,508,100802018,2026-08-28,100802,118,2026-08-28,18,324.28,MK,13,72,23348.16,4354.43,10083,2026-08-28,Y,2026-08-28,MOCKLOAD,2026-09-12 23:05:03
1008,508,100802019,2026-08-29,100802,117,2026-08-29,19,51.44,MK,29,77,3960.88,738.7,10084,2026-09-03,Y,2026-08-29,MOCKLOAD,2026-09-12 23:05:03
1008,508,100802020,2026-08-30,100802,113,2026-08-30,20,391.98,MK,12,28,10975.44,2046.92,10084,2026-09-03,Y,2026-08-30,MOCKLOAD,2026-09-12 23:05:03
1008,508,100802021,2026-08-31,100802,115,2026-08-31,21,439.2,MK,22,77,33818.4,6307.13,10084,2026-09-03,Y,2026-08-31,MOCKLOAD,2026-09-12 23:05:03
1008,508,100802022,2026-09-01,100802,109,2026-09-01,22,495.5,MK,18,94,46577,8686.61,10084,2026-09-03,Y,2026-09-01,MOCKLOAD,2026-09-12 23:05:03
1008,508,100802023,2026-09-02,100802,103,2026-09-02,23,264.33,MK,13,14,3700.62,690.17,10084,2026-09-03,Y,2026-09-02,MOCKLOAD,2026-09-12 23:05:03
1008,508,100802024,2026-09-03,100802,102,2026-09-03,24,444.97,MK,13,23,10234.31,1908.7,10084,2026-09-03,Y,2026-09-03,MOCKLOAD,2026-09-12 23:05:03
1008,508,100802025,2026-09-04,100802,113,2026-09-04,25,405.7,MK,22,14,5679.8,1059.28,10085,2026-09-09,Y,2026-09-04,MOCKLOAD,2026-09-12 23:05:03
1008,508,100802026,2026-09-05,100802,116,2026-09-05,26,450.01,MK,29,57,25650.57,4783.83,10085,2026-09-09,Y,2026-09-05,MOCKLOAD,2026-09-12 23:05:03
1008,508,100802027,2026-09-06,100802,103,2026-09-06,27,61.17,MK,24,68,4159.56,775.76,10085,2026-09-09,Y,2026-09-06,MOCKLOAD,2026-09-12 23:05:03
1008,508,100802028,2026-09-07,100802,115,2026-09-07,28,305.75,MK,23,30,9172.5,1710.67,10085,2026-09-09,Y,2026-09-07,MOCKLOAD,2026-09-12 23:05:03
1008,508,100802029,2026-09-08,100802,117,2026-09-08,29,39.87,MK,22,11,438.57,81.79,10085,2026-09-09,Y,2026-09-08,MOCKLOAD,2026-09-12 23:05:03
1008,508,100802030,2026-09-09,100802,105,2026-09-09,30,87.39,MK,27,61,5330.79,994.19,10085,2026-09-09,Y,2026-09-09,MOCKLOAD,2026-09-12 23:05:03
1008,508,100803001,2026-08-11,100803,113,2026-08-11,1,69.29,MK,11,79,5473.91,1020.88,10081,2026-08-16,Y,2026-08-11,MOCKLOAD,2026-09-12 23:05:03
1008,508,100803002,2026-08-12,100803,105,2026-08-12,2,453.56,MK,15,48,21770.88,4060.27,10081,2026-08-16,Y,2026-08-12,MOCKLOAD,2026-09-12 23:05:03
1008,508,100803003,2026-08-13,100803,106,2026-08-13,3,60.68,MK,11,83,5036.44,939.3,10081,2026-08-16,Y,2026-08-13,MOCKLOAD,2026-09-12 23:05:03
1008,508,100803004,2026-08-14,100803,111,2026-08-14,4,454.1,MK,27,51,23159.1,4319.17,10081,2026-08-16,Y,2026-08-14,MOCKLOAD,2026-09-12 23:05:03
1008,508,100803005,2026-08-15,100803,101,2026-08-15,5,335.45,MK,20,14,4696.3,875.86,10081,2026-08-16,Y,2026-08-15,MOCKLOAD,2026-09-12 23:05:03
1008,508,100803006,2026-08-16,100803,114,2026-08-16,6,297.45,MK,27,65,19334.25,3605.84,10081,2026-08-16,Y,2026-08-16,MOCKLOAD,2026-09-12 23:05:03
1008,508,100803007,2026-08-17,100803,117,2026-08-17,7,290.63,MK,29,64,18600.32,3468.96,10082,2026-08-22,Y,2026-08-17,MOCKLOAD,2026-09-12 23:05:03
1008,508,100803008,2026-08-18,100803,103,2026-08-18,8,494.38,MK,14,74,36584.12,6822.94,10082,2026-08-22,Y,2026-08-18,MOCKLOAD,2026-09-12 23:05:03
1008,508,100803009,2026-08-19,100803,116,2026-08-19,9,146.29,MK,26,12,1755.48,327.4,10082,2026-08-22,Y,2026-08-19,MOCKLOAD,2026-09-12 23:05:03
1008,508,100803010,2026-08-20,100803,103,2026-08-20,10,458.76,MK,29,11,5046.36,941.15,10082,2026-08-22,Y,2026-08-20,MOCKLOAD,2026-09-12 23:05:03
1008,508,100803011,2026-08-21,100803,108,2026-08-21,11,50.31,MK,13,91,4578.21,853.84,10082,2026-08-22,Y,2026-08-21,MOCKLOAD,2026-09-12 23:05:03
1008,508,100803012,2026-08-22,100803,116,2026-08-22,12,405.53,MK,12,2,811.06,151.26,10082,2026-08-22,Y,2026-08-22,MOCKLOAD,2026-09-12 23:05:03
1008,508,100803013,2026-08-23,100803,108,2026-08-23,13,445.38,MK,29,70,31176.6,5814.44,10083,2026-08-28,Y,2026-08-23,MOCKLOAD,2026-09-12 23:05:03
1008,508,100803014,2026-08-24,100803,117,2026-08-24,14,44.87,MK,16,62,2781.94,518.83,10083,2026-08-28,Y,2026-08-24,MOCKLOAD,2026-09-12 23:05:03
1008,508,100803015,2026-08-25,100803,109,2026-08-25,15,412.38,MK,21,69,28454.22,5306.71,10083,2026-08-28,Y,2026-08-25,MOCKLOAD,2026-09-12 23:05:03
1008,508,100803016,2026-08-26,100803,109,2026-08-26,16,7.16,MK,29,38,272.08,50.74,10083,2026-08-28,Y,2026-08-26,MOCKLOAD,2026-09-12 23:05:03
1008,508,100803017,2026-08-27,100803,103,2026-08-27,17,364.64,MK,19,69,25160.16,4692.37,10083,2026-08-28,Y,2026-08-27,MOCKLOAD,2026-09-12 23:05:03
1008,508,100803018,2026-08-28,100803,106,2026-08-28,18,253.86,MK,26,15,3807.9,710.17,10083,2026-08-28,Y,2026-08-28,MOCKLOAD,2026-09-12 23:05:03
1008,508,100803019,2026-08-29,100803,108,2026-08-29,19,461.16,MK,13,32,14757.12,2752.2,10084,2026-09-03,Y,2026-08-29,MOCKLOAD,2026-09-12 23:05:03
1008,508,100803020,2026-08-30,100803,115,2026-08-30,20,453.36,MK,14,39,17681.04,3297.51,10084,2026-09-03,Y,2026-08-30,MOCKLOAD,2026-09-12 23:05:03
1008,508,100803021,2026-08-31,100803,110,2026-08-31,21,264.27,MK,29,43,11363.61,2119.31,10084,2026-09-03,Y,2026-08-31,MOCKLOAD,2026-09-12 23:05:03
1008,508,100803022,2026-09-01,100803,102,2026-09-01,22,392.24,MK,25,21,8237.04,1536.21,10084,2026-09-03,Y,2026-09-01,MOCKLOAD,2026-09-12 23:05:03
1008,508,100803023,2026-09-02,100803,115,2026-09-02,23,385.13,MK,13,39,15020.07,2801.24,10084,2026-09-03,Y,2026-09-02,MOCKLOAD,2026-09-12 23:05:03
1008,508,100803024,2026-09-03,100803,111,2026-09-03,24,16.49,MK,22,34,560.66,104.56,10084,2026-09-03,Y,2026-09-03,MOCKLOAD,2026-09-12 23:05:03
1008,508,100803025,2026-09-04,100803,103,2026-09-04,25,388.66,MK,11,54,20987.64,3914.19,10085,2026-09-09,Y,2026-09-04,MOCKLOAD,2026-09-12 23:05:03
1008,508,100803026,2026-09-05,100803,115,2026-09-05,26,12.94,MK,28,39,504.66,94.12,10085,2026-09-09,Y,2026-09-05,MOCKLOAD,2026-09-12 23:05:03
1008,508,100803027,2026-09-06,100803,106,2026-09-06,27,118.79,MK,15,7,831.53,155.08,10085,2026-09-09,Y,2026-09-06,MOCKLOAD,2026-09-12 23:05:03
1008,508,100803028,2026-09-07,100803,102,2026-09-07,28,154.94,MK,24,17,2633.98,491.24,10085,2026-09-09,Y,2026-09-07,MOCKLOAD,2026-09-12 23:05:03
1008,508,100803029,2026-09-08,100803,110,2026-09-08,29,356.13,MK,13,23,8190.99,1527.62,10085,2026-09-09,Y,2026-09-08,MOCKLOAD,2026-09-12 23:05:03
1008,508,100803030,2026-09-09,100803,115,2026-09-09,30,281.66,MK,18,42,11829.72,2206.24,10085,2026-09-09,Y,2026-09-09,MOCKLOAD,2026-09-12 23:05:03
1008,508,100804001,2026-08-11,100804,116,2026-08-11,1,340.82,MK,17,18,6134.76,1144.13,10081,2026-08-16,Y,2026-08-11,MOCKLOAD,2026-09-12 23:05:03
1008,508,100804002,2026-08-12,100804,103,2026-08-12,2,376.19,MK,11,71,26709.49,4981.32,10081,2026-08-16,Y,2026-08-12,MOCKLOAD,2026-09-12 23:05:03
1008,508,100804003,2026-08-13,100804,103,2026-08-13,3,392.16,MK,16,31,12156.96,2267.27,10081,2026-08-16,Y,2026-08-13,MOCKLOAD,2026-09-12 23:05:03
1008,508,100804004,2026-08-14,100804,106,2026-08-14,4,55.26,MK,22,41,2265.66,422.55,10081,2026-08-16,Y,2026-08-14,MOCKLOAD,2026-09-12 23:05:03
1008,508,100804005,2026-08-15,100804,119,2026-08-15,5,156.11,MK,18,93,14518.23,2707.65,10081,2026-08-16,Y,2026-08-15,MOCKLOAD,2026-09-12 23:05:03
1008,508,100804006,2026-08-16,100804,116,2026-08-16,6,428.37,MK,15,30,12851.1,2396.73,10081,2026-08-16,Y,2026-08-16,MOCKLOAD,2026-09-12 23:05:03
1008,508,100804007,2026-08-17,100804,101,2026-08-17,7,456.78,MK,11,44,20098.32,3748.34,10082,2026-08-22,Y,2026-08-17,MOCKLOAD,2026-09-12 23:05:03
1008,508,100804008,2026-08-18,100804,119,2026-08-18,8,434.1,MK,27,7,3038.7,566.72,10082,2026-08-22,Y,2026-08-18,MOCKLOAD,2026-09-12 23:05:03
1008,508,100804009,2026-08-19,100804,103,2026-08-19,9,43.4,MK,10,21,911.4,169.98,10082,2026-08-22,Y,2026-08-19,MOCKLOAD,2026-09-12 23:05:03
1008,508,100804010,2026-08-20,100804,115,2026-08-20,10,390.48,MK,23,17,6638.16,1238.02,10082,2026-08-22,Y,2026-08-20,MOCKLOAD,2026-09-12 23:05:03
1008,508,100804011,2026-08-21,100804,115,2026-08-21,11,120.94,MK,15,78,9433.32,1759.31,10082,2026-08-22,Y,2026-08-21,MOCKLOAD,2026-09-12 23:05:03
1008,508,100804012,2026-08-22,100804,103,2026-08-22,12,5.26,MK,16,40,210.4,39.24,10082,2026-08-22,Y,2026-08-22,MOCKLOAD,2026-09-12 23:05:03
1008,508,100804013,2026-08-23,100804,117,2026-08-23,13,40.34,MK,20,58,2339.72,436.36,10083,2026-08-28,Y,2026-08-23,MOCKLOAD,2026-09-12 23:05:03
1008,508,100804014,2026-08-24,100804,111,2026-08-24,14,399.13,MK,20,66,26342.58,4912.89,10083,2026-08-28,Y,2026-08-24,MOCKLOAD,2026-09-12 23:05:03
1008,508,100804015,2026-08-25,100804,117,2026-08-25,15,486.26,MK,18,64,31120.64,5804,10083,2026-08-28,Y,2026-08-25,MOCKLOAD,2026-09-12 23:05:03
1008,508,100804016,2026-08-26,100804,117,2026-08-26,16,105.11,MK,23,3,315.33,58.81,10083,2026-08-28,Y,2026-08-26,MOCKLOAD,2026-09-12 23:05:03
1008,508,100804017,2026-08-27,100804,120,2026-08-27,17,113.14,MK,25,52,5883.28,1097.23,10083,2026-08-28,Y,2026-08-27,MOCKLOAD,2026-09-12 23:05:03
1008,508,100804018,2026-08-28,100804,107,2026-08-28,18,184.71,MK,15,64,11821.44,2204.7,10083,2026-08-28,Y,2026-08-28,MOCKLOAD,2026-09-12 23:05:03
1008,508,100804019,2026-08-29,100804,106,2026-08-29,19,281.98,MK,22,87,24532.26,4575.27,10084,2026-09-03,Y,2026-08-29,MOCKLOAD,2026-09-12 23:05:03
1008,508,100804020,2026-08-30,100804,118,2026-08-30,20,378.21,MK,19,27,10211.67,1904.48,10084,2026-09-03,Y,2026-08-30,MOCKLOAD,2026-09-12 23:05:03
1008,508,100804021,2026-08-31,100804,106,2026-08-31,21,139.45,MK,15,90,12550.5,2340.67,10084,2026-09-03,Y,2026-08-31,MOCKLOAD,2026-09-12 23:05:03
1008,508,100804022,2026-09-01,100804,109,2026-09-01,22,17.98,MK,19,47,845.06,157.6,10084,2026-09-03,Y,2026-09-01,MOCKLOAD,2026-09-12 23:05:03
1008,508,100804023,2026-09-02,100804,115,2026-09-02,23,319.91,MK,19,51,16315.41,3042.82,10084,2026-09-03,Y,2026-09-02,MOCKLOAD,2026-09-12 23:05:03
1008,508,100804024,2026-09-03,100804,120,2026-09-03,24,412.46,MK,11,34,14023.64,2615.41,10084,2026-09-03,Y,2026-09-03,MOCKLOAD,2026-09-12 23:05:03
1008,508,100804025,2026-09-04,100804,114,2026-09-04,25,470.09,MK,14,44,20683.96,3857.56,10085,2026-09-09,Y,2026-09-04,MOCKLOAD,2026-09-12 23:05:03
1008,508,100804026,2026-09-05,100804,109,2026-09-05,26,85.27,MK,21,20,1705.4,318.06,10085,2026-09-09,Y,2026-09-05,MOCKLOAD,2026-09-12 23:05:03
1008,508,100804027,2026-09-06,100804,106,2026-09-06,27,27.42,MK,16,49,1343.58,250.58,10085,2026-09-09,Y,2026-09-06,MOCKLOAD,2026-09-12 23:05:03
1008,508,100804028,2026-09-07,100804,115,2026-09-07,28,446.44,MK,23,89,39733.16,7410.23,10085,2026-09-09,Y,2026-09-07,MOCKLOAD,2026-09-12 23:05:03
1008,508,100804029,2026-09-08,100804,107,2026-09-08,29,477.86,MK,21,67,32016.62,5971.1,10085,2026-09-09,Y,2026-09-08,MOCKLOAD,2026-09-12 23:05:03
1008,508,100804030,2026-09-09,100804,103,2026-09-09,30,196.81,MK,12,89,17516.09,3266.75,10085,2026-09-09,Y,2026-09-09,MOCKLOAD,2026-09-12 23:05:03
1008,508,100805001,2026-08-11,100805,110,2026-08-11,1,358.26,MK,24,52,18629.52,3474.41,10081,2026-08-16,Y,2026-08-11,MOCKLOAD,2026-09-12 23:05:03
1008,508,100805002,2026-08-12,100805,110,2026-08-12,2,64.8,MK,14,3,194.4,36.26,10081,2026-08-16,Y,2026-08-12,MOCKLOAD,2026-09-12 23:05:03
1008,508,100805003,2026-08-13,100805,117,2026-08-13,3,154.43,MK,17,35,5405.05,1008.04,10081,2026-08-16,Y,2026-08-13,MOCKLOAD,2026-09-12 23:05:03
1008,508,100805004,2026-08-14,100805,104,2026-08-14,4,453.2,MK,16,62,28098.4,5240.35,10081,2026-08-16,Y,2026-08-14,MOCKLOAD,2026-09-12 23:05:03
1008,508,100805005,2026-08-15,100805,113,2026-08-15,5,377.69,MK,16,49,18506.81,3451.52,10081,2026-08-16,Y,2026-08-15,MOCKLOAD,2026-09-12 23:05:03
1008,508,100805006,2026-08-16,100805,112,2026-08-16,6,276.87,MK,11,38,10521.06,1962.18,10081,2026-08-16,Y,2026-08-16,MOCKLOAD,2026-09-12 23:05:03
1008,508,100805007,2026-08-17,100805,114,2026-08-17,7,256.42,MK,15,88,22564.96,4208.37,10082,2026-08-22,Y,2026-08-17,MOCKLOAD,2026-09-12 23:05:03
1008,508,100805008,2026-08-18,100805,111,2026-08-18,8,416.2,MK,18,62,25804.4,4812.52,10082,2026-08-22,Y,2026-08-18,MOCKLOAD,2026-09-12 23:05:03
1008,508,100805009,2026-08-19,100805,119,2026-08-19,9,347.45,MK,19,3,1042.35,194.4,10082,2026-08-22,Y,2026-08-19,MOCKLOAD,2026-09-12 23:05:03
1008,508,100805010,2026-08-20,100805,104,2026-08-20,10,400.21,MK,16,76,30415.96,5672.58,10082,2026-08-22,Y,2026-08-20,MOCKLOAD,2026-09-12 23:05:03
1008,508,100805011,2026-08-21,100805,105,2026-08-21,11,47.6,MK,27,32,1523.2,284.08,10082,2026-08-22,Y,2026-08-21,MOCKLOAD,2026-09-12 23:05:03
1008,508,100805012,2026-08-22,100805,114,2026-08-22,12,135.52,MK,18,51,6911.52,1289,10082,2026-08-22,Y,2026-08-22,MOCKLOAD,2026-09-12 23:05:03
1008,508,100805013,2026-08-23,100805,112,2026-08-23,13,465.57,MK,12,52,24209.64,4515.1,10083,2026-08-28,Y,2026-08-23,MOCKLOAD,2026-09-12 23:05:03
1008,508,100805014,2026-08-24,100805,112,2026-08-24,14,127.65,MK,28,29,3701.85,690.4,10083,2026-08-28,Y,2026-08-24,MOCKLOAD,2026-09-12 23:05:03
1008,508,100805015,2026-08-25,100805,115,2026-08-25,15,17.63,MK,26,37,652.31,121.66,10083,2026-08-28,Y,2026-08-25,MOCKLOAD,2026-09-12 23:05:03
1008,508,100805016,2026-08-26,100805,113,2026-08-26,16,354.21,MK,10,6,2125.26,396.36,10083,2026-08-28,Y,2026-08-26,MOCKLOAD,2026-09-12 23:05:03
1008,508,100805017,2026-08-27,100805,115,2026-08-27,17,286.59,MK,15,38,10890.42,2031.06,10083,2026-08-28,Y,2026-08-27,MOCKLOAD,2026-09-12 23:05:03
1008,508,100805018,2026-08-28,100805,110,2026-08-28,18,8.34,MK,12,46,383.64,71.55,10083,2026-08-28,Y,2026-08-28,MOCKLOAD,2026-09-12 23:05:03
1008,508,100805019,2026-08-29,100805,104,2026-08-29,19,440.48,MK,29,48,21143.04,3943.18,10084,2026-09-03,Y,2026-08-29,MOCKLOAD,2026-09-12 23:05:03
1008,508,100805020,2026-08-30,100805,116,2026-08-30,20,359.39,MK,22,43,15453.77,2882.13,10084,2026-09-03,Y,2026-08-30,MOCKLOAD,2026-09-12 23:05:03
1008,508,100805021,2026-08-31,100805,110,2026-08-31,21,400.82,MK,12,96,38478.72,7176.28,10084,2026-09-03,Y,2026-08-31,MOCKLOAD,2026-09-12 23:05:03
1008,508,100805022,2026-09-01,100805,109,2026-09-01,22,346.33,MK,26,60,20779.8,3875.43,10084,2026-09-03,Y,2026-09-01,MOCKLOAD,2026-09-12 23:05:03
1008,508,100805023,2026-09-02,100805,112,2026-09-02,23,458.85,MK,16,41,18812.85,3508.6,10084,2026-09-03,Y,2026-09-02,MOCKLOAD,2026-09-12 23:05:03
1008,508,100805024,2026-09-03,100805,110,2026-09-03,24,209.67,MK,16,10,2096.7,391.03,10084,2026-09-03,Y,2026-09-03,MOCKLOAD,2026-09-12 23:05:03
1008,508,100805025,2026-09-04,100805,120,2026-09-04,25,231.49,MK,14,8,1851.92,345.38,10085,2026-09-09,Y,2026-09-04,MOCKLOAD,2026-09-12 23:05:03
1008,508,100805026,2026-09-05,100805,102,2026-09-05,26,131.19,MK,18,76,9970.44,1859.49,10085,2026-09-09,Y,2026-09-05,MOCKLOAD,2026-09-12 23:05:03
1008,508,100805027,2026-09-06,100805,104,2026-09-06,27,20.57,MK,15,68,1398.76,260.87,10085,2026-09-09,Y,2026-09-06,MOCKLOAD,2026-09-12 23:05:03
1008,508,100805028,2026-09-07,100805,109,2026-09-07,28,255.77,MK,17,3,767.31,143.1,10085,2026-09-09,Y,2026-09-07,MOCKLOAD,2026-09-12 23:05:03
1008,508,100805029,2026-09-08,100805,113,2026-09-08,29,357.38,MK,12,22,7862.36,1466.33,10085,2026-09-09,Y,2026-09-08,MOCKLOAD,2026-09-12 23:05:03
1008,508,100805030,2026-09-09,100805,101,2026-09-09,30,62.35,MK,10,12,748.2,139.54,10085,2026-09-09,Y,2026-09-09,MOCKLOAD,2026-09-12 23:05:03
1008,508,100806001,2026-08-11,100806,108,2026-08-11,1,22.72,MK,16,28,636.16,118.64,10081,2026-08-16,Y,2026-08-11,MOCKLOAD,2026-09-12 23:05:03
1008,508,100806002,2026-08-12,100806,118,2026-08-12,2,438.67,MK,24,51,22372.17,4172.41,10081,2026-08-16,Y,2026-08-12,MOCKLOAD,2026-09-12 23:05:03
1008,508,100806003,2026-08-13,100806,113,2026-08-13,3,244.12,MK,27,60,14647.2,2731.7,10081,2026-08-16,Y,2026-08-13,MOCKLOAD,2026-09-12 23:05:03
1008,508,100806004,2026-08-14,100806,114,2026-08-14,4,197.07,MK,23,22,4335.54,808.58,10081,2026-08-16,Y,2026-08-14,MOCKLOAD,2026-09-12 23:05:03
1008,508,100806005,2026-08-15,100806,112,2026-08-15,5,164.84,MK,12,26,4285.84,799.31,10081,2026-08-16,Y,2026-08-15,MOCKLOAD,2026-09-12 23:05:03
1008,508,100806006,2026-08-16,100806,102,2026-08-16,6,303.76,MK,28,22,6682.72,1246.33,10081,2026-08-16,Y,2026-08-16,MOCKLOAD,2026-09-12 23:05:03
1008,508,100806007,2026-08-17,100806,104,2026-08-17,7,182.69,MK,13,16,2923.04,545.15,10082,2026-08-22,Y,2026-08-17,MOCKLOAD,2026-09-12 23:05:03
1008,508,100806008,2026-08-18,100806,111,2026-08-18,8,210.63,MK,28,44,9267.72,1728.43,10082,2026-08-22,Y,2026-08-18,MOCKLOAD,2026-09-12 23:05:03
1008,508,100806009,2026-08-19,100806,112,2026-08-19,9,135.42,MK,29,41,5552.22,1035.49,10082,2026-08-22,Y,2026-08-19,MOCKLOAD,2026-09-12 23:05:03
1008,508,100806010,2026-08-20,100806,114,2026-08-20,10,264.43,MK,25,84,22212.12,4142.56,10082,2026-08-22,Y,2026-08-20,MOCKLOAD,2026-09-12 23:05:03
1008,508,100806011,2026-08-21,100806,119,2026-08-21,11,182.83,MK,15,72,13163.76,2455.04,10082,2026-08-22,Y,2026-08-21,MOCKLOAD,2026-09-12 23:05:03
1008,508,100806012,2026-08-22,100806,113,2026-08-22,12,186.35,MK,11,30,5590.5,1042.63,10082,2026-08-22,Y,2026-08-22,MOCKLOAD,2026-09-12 23:05:03
1008,508,100806013,2026-08-23,100806,113,2026-08-23,13,142.69,MK,10,39,5564.91,1037.86,10083,2026-08-28,Y,2026-08-23,MOCKLOAD,2026-09-12 23:05:03
1008,508,100806014,2026-08-24,100806,107,2026-08-24,14,335.32,MK,25,75,25149,4690.29,10083,2026-08-28,Y,2026-08-24,MOCKLOAD,2026-09-12 23:05:03
1008,508,100806015,2026-08-25,100806,103,2026-08-25,15,199.56,MK,11,42,8381.52,1563.15,10083,2026-08-28,Y,2026-08-25,MOCKLOAD,2026-09-12 23:05:03
1008,508,100806016,2026-08-26,100806,106,2026-08-26,16,166.93,MK,25,75,12519.75,2334.93,10083,2026-08-28,Y,2026-08-26,MOCKLOAD,2026-09-12 23:05:03
1008,508,100806017,2026-08-27,100806,117,2026-08-27,17,437.75,MK,10,24,10506,1959.37,10083,2026-08-28,Y,2026-08-27,MOCKLOAD,2026-09-12 23:05:03
1008,508,100806018,2026-08-28,100806,116,2026-08-28,18,170.12,MK,12,3,510.36,95.18,10083,2026-08-28,Y,2026-08-28,MOCKLOAD,2026-09-12 23:05:03
1008,508,100806019,2026-08-29,100806,108,2026-08-29,19,296.05,MK,23,24,7105.2,1325.12,10084,2026-09-03,Y,2026-08-29,MOCKLOAD,2026-09-12 23:05:03
1008,508,100806020,2026-08-30,100806,113,2026-08-30,20,78.13,MK,12,10,781.3,145.71,10084,2026-09-03,Y,2026-08-30,MOCKLOAD,2026-09-12 23:05:03
1008,508,100806021,2026-08-31,100806,115,2026-08-31,21,9.51,MK,28,29,275.79,51.43,10084,2026-09-03,Y,2026-08-31,MOCKLOAD,2026-09-12 23:05:03
1008,508,100806022,2026-09-01,100806,112,2026-09-01,22,172.57,MK,29,57,9836.49,1834.51,10084,2026-09-03,Y,2026-09-01,MOCKLOAD,2026-09-12 23:05:03
1008,508,100806023,2026-09-02,100806,111,2026-09-02,23,174.96,MK,14,18,3149.28,587.34,10084,2026-09-03,Y,2026-09-02,MOCKLOAD,2026-09-12 23:05:03
1008,508,100806024,2026-09-03,100806,105,2026-09-03,24,426.3,MK,11,81,34530.3,6439.9,10084,2026-09-03,Y,2026-09-03,MOCKLOAD,2026-09-12 23:05:03
1008,508,100806025,2026-09-04,100806,111,2026-09-04,25,382.16,MK,28,38,14522.08,2708.37,10085,2026-09-09,Y,2026-09-04,MOCKLOAD,2026-09-12 23:05:03
1008,508,100806026,2026-09-05,100806,101,2026-09-05,26,497.25,MK,11,26,12928.5,2411.17,10085,2026-09-09,Y,2026-09-05,MOCKLOAD,2026-09-12 23:05:03
1008,508,100806027,2026-09-06,100806,117,2026-09-06,27,226.05,MK,17,77,17405.85,3246.19,10085,2026-09-09,Y,2026-09-06,MOCKLOAD,2026-09-12 23:05:03
1008,508,100806028,2026-09-07,100806,105,2026-09-07,28,389.8,MK,11,9,3508.2,654.28,10085,2026-09-09,Y,2026-09-07,MOCKLOAD,2026-09-12 23:05:03
1008,508,100806029,2026-09-08,100806,104,2026-09-08,29,381.72,MK,10,49,18704.28,3488.35,10085,2026-09-09,Y,2026-09-08,MOCKLOAD,2026-09-12 23:05:03
1008,508,100806030,2026-09-09,100806,101,2026-09-09,30,135.15,MK,14,20,2703,504.11,10085,2026-09-09,Y,2026-09-09,MOCKLOAD,2026-09-12 23:05:03
1008,508,100807001,2026-08-11,100807,109,2026-08-11,1,281.37,MK,17,16,4501.92,839.61,10081,2026-08-16,Y,2026-08-11,MOCKLOAD,2026-09-12 23:05:03
1008,508,100807002,2026-08-12,100807,120,2026-08-12,2,99.27,MK,25,86,8537.22,1592.19,10081,2026-08-16,Y,2026-08-12,MOCKLOAD,2026-09-12 23:05:03
1008,508,100807003,2026-08-13,100807,109,2026-08-13,3,370.48,MK,17,41,15189.68,2832.88,10081,2026-08-16,Y,2026-08-13,MOCKLOAD,2026-09-12 23:05:03
1008,508,100807004,2026-08-14,100807,110,2026-08-14,4,182.38,MK,10,16,2918.08,544.22,10081,2026-08-16,Y,2026-08-14,MOCKLOAD,2026-09-12 23:05:03
1008,508,100807005,2026-08-15,100807,108,2026-08-15,5,183.09,MK,27,11,2013.99,375.61,10081,2026-08-16,Y,2026-08-15,MOCKLOAD,2026-09-12 23:05:03
1008,508,100807006,2026-08-16,100807,107,2026-08-16,6,251.57,MK,22,91,22892.87,4269.52,10081,2026-08-16,Y,2026-08-16,MOCKLOAD,2026-09-12 23:05:03
1008,508,100807007,2026-08-17,100807,101,2026-08-17,7,48.24,MK,21,3,144.72,26.99,10082,2026-08-22,Y,2026-08-17,MOCKLOAD,2026-09-12 23:05:03
1008,508,100807008,2026-08-18,100807,118,2026-08-18,8,378.32,MK,20,47,17781.04,3316.16,10082,2026-08-22,Y,2026-08-18,MOCKLOAD,2026-09-12 23:05:03
1008,508,100807009,2026-08-19,100807,110,2026-08-19,9,245.89,MK,10,94,23113.66,4310.7,10082,2026-08-22,Y,2026-08-19,MOCKLOAD,2026-09-12 23:05:03
1008,508,100807010,2026-08-20,100807,120,2026-08-20,10,212.57,MK,20,80,17005.6,3171.54,10082,2026-08-22,Y,2026-08-20,MOCKLOAD,2026-09-12 23:05:03
1008,508,100807011,2026-08-21,100807,108,2026-08-21,11,404.17,MK,27,35,14145.95,2638.22,10082,2026-08-22,Y,2026-08-21,MOCKLOAD,2026-09-12 23:05:03
1008,508,100807012,2026-08-22,100807,112,2026-08-22,12,144.83,MK,11,7,1013.81,189.08,10082,2026-08-22,Y,2026-08-22,MOCKLOAD,2026-09-12 23:05:03
1008,508,100807013,2026-08-23,100807,117,2026-08-23,13,450.47,MK,17,61,27478.67,5124.77,10083,2026-08-28,Y,2026-08-23,MOCKLOAD,2026-09-12 23:05:03
1008,508,100807014,2026-08-24,100807,111,2026-08-24,14,422.24,MK,26,40,16889.6,3149.91,10083,2026-08-28,Y,2026-08-24,MOCKLOAD,2026-09-12 23:05:03
1008,508,100807015,2026-08-25,100807,104,2026-08-25,15,62.78,MK,14,80,5022.4,936.68,10083,2026-08-28,Y,2026-08-25,MOCKLOAD,2026-09-12 23:05:03
1008,508,100807016,2026-08-26,100807,107,2026-08-26,16,25.84,MK,13,88,2273.92,424.09,10083,2026-08-28,Y,2026-08-26,MOCKLOAD,2026-09-12 23:05:03
1008,508,100807017,2026-08-27,100807,119,2026-08-27,17,326.06,MK,12,22,7173.32,1337.82,10083,2026-08-28,Y,2026-08-27,MOCKLOAD,2026-09-12 23:05:03
1008,508,100807018,2026-08-28,100807,112,2026-08-28,18,402.86,MK,26,19,7654.34,1427.53,10083,2026-08-28,Y,2026-08-28,MOCKLOAD,2026-09-12 23:05:03
1008,508,100807019,2026-08-29,100807,114,2026-08-29,19,194.63,MK,16,25,4865.75,907.46,10084,2026-09-03,Y,2026-08-29,MOCKLOAD,2026-09-12 23:05:03
1008,508,100807020,2026-08-30,100807,118,2026-08-30,20,354.42,MK,17,29,10278.18,1916.88,10084,2026-09-03,Y,2026-08-30,MOCKLOAD,2026-09-12 23:05:03
1008,508,100807021,2026-08-31,100807,103,2026-08-31,21,203.02,MK,18,22,4466.44,832.99,10084,2026-09-03,Y,2026-08-31,MOCKLOAD,2026-09-12 23:05:03
1008,508,100807022,2026-09-01,100807,108,2026-09-01,22,223.46,MK,23,95,21228.7,3959.15,10084,2026-09-03,Y,2026-09-01,MOCKLOAD,2026-09-12 23:05:03
1008,508,100807023,2026-09-02,100807,102,2026-09-02,23,61.43,MK,20,38,2334.34,435.35,10084,2026-09-03,Y,2026-09-02,MOCKLOAD,2026-09-12 23:05:03
1008,508,100807024,2026-09-03,100807,114,2026-09-03,24,454.6,MK,26,85,38641,7206.55,10084,2026-09-03,Y,2026-09-03,MOCKLOAD,2026-09-12 23:05:03
1008,508,100807025,2026-09-04,100807,101,2026-09-04,25,355.25,MK,20,6,2131.5,397.52,10085,2026-09-09,Y,2026-09-04,MOCKLOAD,2026-09-12 23:05:03
1008,508,100807026,2026-09-05,100807,110,2026-09-05,26,264.96,MK,19,72,19077.12,3557.88,10085,2026-09-09,Y,2026-09-05,MOCKLOAD,2026-09-12 23:05:03
1008,508,100807027,2026-09-06,100807,106,2026-09-06,27,405.7,MK,20,93,37730.1,7036.66,10085,2026-09-09,Y,2026-09-06,MOCKLOAD,2026-09-12 23:05:03
1008,508,100807028,2026-09-07,100807,119,2026-09-07,28,78.95,MK,15,12,947.4,176.69,10085,2026-09-09,Y,2026-09-07,MOCKLOAD,2026-09-12 23:05:03
1008,508,100807029,2026-09-08,100807,114,2026-09-08,29,338.86,MK,23,32,10843.52,2022.32,10085,2026-09-09,Y,2026-09-08,MOCKLOAD,2026-09-12 23:05:03
1008,508,100807030,2026-09-09,100807,103,2026-09-09,30,407.9,MK,23,88,35895.2,6694.45,10085,2026-09-09,Y,2026-09-09,MOCKLOAD,2026-09-12 23:05:03
1008,508,100808001,2026-08-11,100808,118,2026-08-11,1,489.57,MK,21,44,21541.08,4017.41,10081,2026-08-16,Y,2026-08-11,MOCKLOAD,2026-09-12 23:05:03
1008,508,100808002,2026-08-12,100808,120,2026-08-12,2,276.38,MK,16,24,6633.12,1237.08,10081,2026-08-16,Y,2026-08-12,MOCKLOAD,2026-09-12 23:05:03
1008,508,100808003,2026-08-13,100808,111,2026-08-13,3,120.47,MK,18,3,361.41,67.4,10081,2026-08-16,Y,2026-08-13,MOCKLOAD,2026-09-12 23:05:03
1008,508,100808004,2026-08-14,100808,105,2026-08-14,4,162.56,MK,13,31,5039.36,939.84,10081,2026-08-16,Y,2026-08-14,MOCKLOAD,2026-09-12 23:05:03
1008,508,100808005,2026-08-15,100808,115,2026-08-15,5,304.1,MK,18,91,27673.1,5161.03,10081,2026-08-16,Y,2026-08-15,MOCKLOAD,2026-09-12 23:05:03
1008,508,100808006,2026-08-16,100808,104,2026-08-16,6,188.58,MK,19,58,10937.64,2039.87,10081,2026-08-16,Y,2026-08-16,MOCKLOAD,2026-09-12 23:05:03
1008,508,100808007,2026-08-17,100808,118,2026-08-17,7,400.33,MK,15,88,35229.04,6570.22,10082,2026-08-22,Y,2026-08-17,MOCKLOAD,2026-09-12 23:05:03
1008,508,100808008,2026-08-18,100808,118,2026-08-18,8,359.28,MK,28,33,11856.24,2211.19,10082,2026-08-22,Y,2026-08-18,MOCKLOAD,2026-09-12 23:05:03
1008,508,100808009,2026-08-19,100808,115,2026-08-19,9,349.38,MK,23,71,24805.98,4626.32,10082,2026-08-22,Y,2026-08-19,MOCKLOAD,2026-09-12 23:05:03
1008,508,100808010,2026-08-20,100808,102,2026-08-20,10,154.06,MK,17,57,8781.42,1637.73,10082,2026-08-22,Y,2026-08-20,MOCKLOAD,2026-09-12 23:05:03
1008,508,100808011,2026-08-21,100808,111,2026-08-21,11,126.44,MK,16,33,4172.52,778.17,10082,2026-08-22,Y,2026-08-21,MOCKLOAD,2026-09-12 23:05:03
1008,508,100808012,2026-08-22,100808,104,2026-08-22,12,114.72,MK,29,48,5506.56,1026.97,10082,2026-08-22,Y,2026-08-22,MOCKLOAD,2026-09-12 23:05:03
1008,508,100808013,2026-08-23,100808,117,2026-08-23,13,116.58,MK,26,58,6761.64,1261.05,10083,2026-08-28,Y,2026-08-23,MOCKLOAD,2026-09-12 23:05:03
1008,508,100808014,2026-08-24,100808,115,2026-08-24,14,199.98,MK,25,5,999.9,186.48,10083,2026-08-28,Y,2026-08-24,MOCKLOAD,2026-09-12 23:05:03
1008,508,100808015,2026-08-25,100808,107,2026-08-25,15,355.84,MK,26,5,1779.2,331.82,10083,2026-08-28,Y,2026-08-25,MOCKLOAD,2026-09-12 23:05:03
1008,508,100808016,2026-08-26,100808,117,2026-08-26,16,361.37,MK,17,53,19152.61,3571.96,10083,2026-08-28,Y,2026-08-26,MOCKLOAD,2026-09-12 23:05:03
1008,508,100808017,2026-08-27,100808,114,2026-08-27,17,161.07,MK,22,79,12724.53,2373.12,10083,2026-08-28,Y,2026-08-27,MOCKLOAD,2026-09-12 23:05:03
1008,508,100808018,2026-08-28,100808,106,2026-08-28,18,414.21,MK,26,7,2899.47,540.75,10083,2026-08-28,Y,2026-08-28,MOCKLOAD,2026-09-12 23:05:03
1008,508,100808019,2026-08-29,100808,111,2026-08-29,19,192.2,MK,27,11,2114.2,394.3,10084,2026-09-03,Y,2026-08-29,MOCKLOAD,2026-09-12 23:05:03
1008,508,100808020,2026-08-30,100808,112,2026-08-30,20,82.48,MK,28,62,5113.76,953.72,10084,2026-09-03,Y,2026-08-30,MOCKLOAD,2026-09-12 23:05:03
1008,508,100808021,2026-08-31,100808,103,2026-08-31,21,60.72,MK,14,70,4250.4,792.7,10084,2026-09-03,Y,2026-08-31,MOCKLOAD,2026-09-12 23:05:03
1008,508,100808022,2026-09-01,100808,120,2026-09-01,22,197.9,MK,14,81,16029.9,2989.58,10084,2026-09-03,Y,2026-09-01,MOCKLOAD,2026-09-12 23:05:03
1008,508,100808023,2026-09-02,100808,114,2026-09-02,23,320.1,MK,14,8,2560.8,477.59,10084,2026-09-03,Y,2026-09-02,MOCKLOAD,2026-09-12 23:05:03
1008,508,100808024,2026-09-03,100808,112,2026-09-03,24,168.74,MK,19,79,13330.46,2486.13,10084,2026-09-03,Y,2026-09-03,MOCKLOAD,2026-09-12 23:05:03
1008,508,100808025,2026-09-04,100808,111,2026-09-04,25,113.49,MK,16,4,453.96,84.66,10085,2026-09-09,Y,2026-09-04,MOCKLOAD,2026-09-12 23:05:03
1008,508,100808026,2026-09-05,100808,118,2026-09-05,26,473.34,MK,19,41,19406.94,3619.39,10085,2026-09-09,Y,2026-09-05,MOCKLOAD,2026-09-12 23:05:03
1008,508,100808027,2026-09-06,100808,102,2026-09-06,27,377.55,MK,24,22,8306.1,1549.09,10085,2026-09-09,Y,2026-09-06,MOCKLOAD,2026-09-12 23:05:03
1008,508,100808028,2026-09-07,100808,102,2026-09-07,28,196.3,MK,19,29,5692.7,1061.69,10085,2026-09-09,Y,2026-09-07,MOCKLOAD,2026-09-12 23:05:03
1008,508,100808029,2026-09-08,100808,107,2026-09-08,29,461.57,MK,27,26,12000.82,2238.15,10085,2026-09-09,Y,2026-09-08,MOCKLOAD,2026-09-12 23:05:03
1008,508,100808030,2026-09-09,100808,117,2026-09-09,30,351.24,MK,10,5,1756.2,327.53,10085,2026-09-09,Y,2026-09-09,MOCKLOAD,2026-09-12 23:05:03
1008,508,100809001,2026-08-11,100809,112,2026-08-11,1,318.11,MK,28,46,14633.06,2729.07,10081,2026-08-16,Y,2026-08-11,MOCKLOAD,2026-09-12 23:05:03
1008,508,100809002,2026-08-12,100809,114,2026-08-12,2,127.6,MK,19,7,893.2,166.58,10081,2026-08-16,Y,2026-08-12,MOCKLOAD,2026-09-12 23:05:03
1008,508,100809003,2026-08-13,100809,106,2026-08-13,3,80.85,MK,26,47,3799.95,708.69,10081,2026-08-16,Y,2026-08-13,MOCKLOAD,2026-09-12 23:05:03
1008,508,100809004,2026-08-14,100809,119,2026-08-14,4,26.9,MK,29,86,2313.4,431.45,10081,2026-08-16,Y,2026-08-14,MOCKLOAD,2026-09-12 23:05:03
1008,508,100809005,2026-08-15,100809,112,2026-08-15,5,233,MK,21,80,18640,3476.36,10081,2026-08-16,Y,2026-08-15,MOCKLOAD,2026-09-12 23:05:03
1008,508,100809006,2026-08-16,100809,106,2026-08-16,6,194.59,MK,26,53,10313.27,1923.42,10081,2026-08-16,Y,2026-08-16,MOCKLOAD,2026-09-12 23:05:03
1008,508,100809007,2026-08-17,100809,116,2026-08-17,7,77.87,MK,21,58,4516.46,842.32,10082,2026-08-22,Y,2026-08-17,MOCKLOAD,2026-09-12 23:05:03
1008,508,100809008,2026-08-18,100809,120,2026-08-18,8,297.81,MK,20,70,20846.7,3887.91,10082,2026-08-22,Y,2026-08-18,MOCKLOAD,2026-09-12 23:05:03
1008,508,100809009,2026-08-19,100809,120,2026-08-19,9,138.93,MK,18,69,9586.17,1787.82,10082,2026-08-22,Y,2026-08-19,MOCKLOAD,2026-09-12 23:05:03
1008,508,100809010,2026-08-20,100809,106,2026-08-20,10,105.1,MK,17,81,8513.1,1587.69,10082,2026-08-22,Y,2026-08-20,MOCKLOAD,2026-09-12 23:05:03
1008,508,100809011,2026-08-21,100809,107,2026-08-21,11,376.78,MK,14,63,23737.14,4426.98,10082,2026-08-22,Y,2026-08-21,MOCKLOAD,2026-09-12 23:05:03
1008,508,100809012,2026-08-22,100809,114,2026-08-22,12,266.53,MK,17,43,11460.79,2137.44,10082,2026-08-22,Y,2026-08-22,MOCKLOAD,2026-09-12 23:05:03
1008,508,100809013,2026-08-23,100809,104,2026-08-23,13,274.87,MK,27,35,9620.45,1794.21,10083,2026-08-28,Y,2026-08-23,MOCKLOAD,2026-09-12 23:05:03
1008,508,100809014,2026-08-24,100809,114,2026-08-24,14,248.73,MK,15,98,24375.54,4546.04,10083,2026-08-28,Y,2026-08-24,MOCKLOAD,2026-09-12 23:05:03
1008,508,100809015,2026-08-25,100809,109,2026-08-25,15,293.43,MK,17,33,9683.19,1805.91,10083,2026-08-28,Y,2026-08-25,MOCKLOAD,2026-09-12 23:05:03
1008,508,100809016,2026-08-26,100809,110,2026-08-26,16,161.96,MK,14,89,14414.44,2688.29,10083,2026-08-28,Y,2026-08-26,MOCKLOAD,2026-09-12 23:05:03
1008,508,100809017,2026-08-27,100809,104,2026-08-27,17,230.13,MK,25,43,9895.59,1845.53,10083,2026-08-28,Y,2026-08-27,MOCKLOAD,2026-09-12 23:05:03
1008,508,100809018,2026-08-28,100809,101,2026-08-28,18,455.73,MK,14,91,41471.43,7734.42,10083,2026-08-28,Y,2026-08-28,MOCKLOAD,2026-09-12 23:05:03
1008,508,100809019,2026-08-29,100809,107,2026-08-29,19,344.93,MK,17,21,7243.53,1350.92,10084,2026-09-03,Y,2026-08-29,MOCKLOAD,2026-09-12 23:05:03
1008,508,100809020,2026-08-30,100809,116,2026-08-30,20,342.43,MK,15,83,28421.69,5300.65,10084,2026-09-03,Y,2026-08-30,MOCKLOAD,2026-09-12 23:05:03
1008,508,100809021,2026-08-31,100809,108,2026-08-31,21,480.84,MK,15,92,44237.28,8250.25,10084,2026-09-03,Y,2026-08-31,MOCKLOAD,2026-09-12 23:05:03
1008,508,100809022,2026-09-01,100809,115,2026-09-01,22,489.85,MK,29,86,42127.1,7856.7,10084,2026-09-03,Y,2026-09-01,MOCKLOAD,2026-09-12 23:05:03
1008,508,100809023,2026-09-02,100809,110,2026-09-02,23,63.14,MK,28,27,1704.78,317.94,10084,2026-09-03,Y,2026-09-02,MOCKLOAD,2026-09-12 23:05:03
1008,508,100809024,2026-09-03,100809,112,2026-09-03,24,163.79,MK,21,35,5732.65,1069.14,10084,2026-09-03,Y,2026-09-03,MOCKLOAD,2026-09-12 23:05:03
1008,508,100809025,2026-09-04,100809,110,2026-09-04,25,268.31,MK,10,75,20123.25,3752.99,10085,2026-09-09,Y,2026-09-04,MOCKLOAD,2026-09-12 23:05:03
1008,508,100809026,2026-09-05,100809,120,2026-09-05,26,450.46,MK,24,98,44145.08,8233.06,10085,2026-09-09,Y,2026-09-05,MOCKLOAD,2026-09-12 23:05:03
1008,508,100809027,2026-09-06,100809,104,2026-09-06,27,265.54,MK,12,4,1062.16,198.09,10085,2026-09-09,Y,2026-09-06,MOCKLOAD,2026-09-12 23:05:03
1008,508,100809028,2026-09-07,100809,117,2026-09-07,28,481.47,MK,27,95,45739.65,8530.44,10085,2026-09-09,Y,2026-09-07,MOCKLOAD,2026-09-12 23:05:03
1008,508,100809029,2026-09-08,100809,108,2026-09-08,29,443.46,MK,12,25,11086.5,2067.63,10085,2026-09-09,Y,2026-09-08,MOCKLOAD,2026-09-12 23:05:03
1008,508,100809030,2026-09-09,100809,108,2026-09-09,30,103.21,MK,13,98,10114.58,1886.37,10085,2026-09-09,Y,2026-09-09,MOCKLOAD,2026-09-12 23:05:03
1008,508,100810001,2026-08-11,100810,103,2026-08-11,1,41.7,MK,24,97,4044.9,754.37,10081,2026-08-16,Y,2026-08-11,MOCKLOAD,2026-09-12 23:05:03
1008,508,100810002,2026-08-12,100810,119,2026-08-12,2,162.33,MK,15,74,12012.42,2240.32,10081,2026-08-16,Y,2026-08-12,MOCKLOAD,2026-09-12 23:05:03
1008,508,100810003,2026-08-13,100810,102,2026-08-13,3,251.2,MK,23,5,1256,234.24,10081,2026-08-16,Y,2026-08-13,MOCKLOAD,2026-09-12 23:05:03
1008,508,100810004,2026-08-14,100810,103,2026-08-14,4,495.13,MK,14,14,6931.82,1292.78,10081,2026-08-16,Y,2026-08-14,MOCKLOAD,2026-09-12 23:05:03
1008,508,100810005,2026-08-15,100810,116,2026-08-15,5,191.86,MK,27,29,5563.94,1037.67,10081,2026-08-16,Y,2026-08-15,MOCKLOAD,2026-09-12 23:05:03
1008,508,100810006,2026-08-16,100810,111,2026-08-16,6,55.45,MK,26,6,332.7,62.05,10081,2026-08-16,Y,2026-08-16,MOCKLOAD,2026-09-12 23:05:03
1008,508,100810007,2026-08-17,100810,113,2026-08-17,7,493.62,MK,18,78,38502.36,7180.69,10082,2026-08-22,Y,2026-08-17,MOCKLOAD,2026-09-12 23:05:03
1008,508,100810008,2026-08-18,100810,113,2026-08-18,8,350.41,MK,24,45,15768.45,2940.82,10082,2026-08-22,Y,2026-08-18,MOCKLOAD,2026-09-12 23:05:03
1008,508,100810009,2026-08-19,100810,119,2026-08-19,9,90.42,MK,29,71,6419.82,1197.3,10082,2026-08-22,Y,2026-08-19,MOCKLOAD,2026-09-12 23:05:03
1008,508,100810010,2026-08-20,100810,108,2026-08-20,10,496.71,MK,28,24,11921.04,2223.27,10082,2026-08-22,Y,2026-08-20,MOCKLOAD,2026-09-12 23:05:03
1008,508,100810011,2026-08-21,100810,117,2026-08-21,11,148.96,MK,11,67,9980.32,1861.33,10082,2026-08-22,Y,2026-08-21,MOCKLOAD,2026-09-12 23:05:03
1008,508,100810012,2026-08-22,100810,101,2026-08-22,12,305.09,MK,23,86,26237.74,4893.34,10082,2026-08-22,Y,2026-08-22,MOCKLOAD,2026-09-12 23:05:03
1008,508,100810013,2026-08-23,100810,108,2026-08-23,13,139.72,MK,28,27,3772.44,703.56,10083,2026-08-28,Y,2026-08-23,MOCKLOAD,2026-09-12 23:05:03
1008,508,100810014,2026-08-24,100810,114,2026-08-24,14,362.67,MK,18,66,23936.22,4464.11,10083,2026-08-28,Y,2026-08-24,MOCKLOAD,2026-09-12 23:05:03
1008,508,100810015,2026-08-25,100810,116,2026-08-25,15,243.1,MK,10,32,7779.2,1450.82,10083,2026-08-28,Y,2026-08-25,MOCKLOAD,2026-09-12 23:05:03
1008,508,100810016,2026-08-26,100810,102,2026-08-26,16,253.61,MK,23,10,2536.1,472.98,10083,2026-08-28,Y,2026-08-26,MOCKLOAD,2026-09-12 23:05:03
1008,508,100810017,2026-08-27,100810,119,2026-08-27,17,270.33,MK,21,38,10272.54,1915.83,10083,2026-08-28,Y,2026-08-27,MOCKLOAD,2026-09-12 23:05:03
1008,508,100810018,2026-08-28,100810,102,2026-08-28,18,184.41,MK,19,42,7745.22,1444.48,10083,2026-08-28,Y,2026-08-28,MOCKLOAD,2026-09-12 23:05:03
1008,508,100810019,2026-08-29,100810,113,2026-08-29,19,103.67,MK,11,39,4043.13,754.04,10084,2026-09-03,Y,2026-08-29,MOCKLOAD,2026-09-12 23:05:03
1008,508,100810020,2026-08-30,100810,120,2026-08-30,20,345.34,MK,10,34,11741.56,2189.8,10084,2026-09-03,Y,2026-08-30,MOCKLOAD,2026-09-12 23:05:03
1008,508,100810021,2026-08-31,100810,107,2026-08-31,21,476.61,MK,12,97,46231.17,8622.11,10084,2026-09-03,Y,2026-08-31,MOCKLOAD,2026-09-12 23:05:03
1008,508,100810022,2026-09-01,100810,104,2026-09-01,22,474.45,MK,25,55,26094.75,4866.67,10084,2026-09-03,Y,2026-09-01,MOCKLOAD,2026-09-12 23:05:03
1008,508,100810023,2026-09-02,100810,115,2026-09-02,23,124.72,MK,27,4,498.88,93.04,10084,2026-09-03,Y,2026-09-02,MOCKLOAD,2026-09-12 23:05:03
1008,508,100810024,2026-09-03,100810,103,2026-09-03,24,433.55,MK,22,53,22978.15,4285.42,10084,2026-09-03,Y,2026-09-03,MOCKLOAD,2026-09-12 23:05:03
1008,508,100810025,2026-09-04,100810,120,2026-09-04,25,149.78,MK,17,79,11832.62,2206.78,10085,2026-09-09,Y,2026-09-04,MOCKLOAD,2026-09-12 23:05:03
1008,508,100810026,2026-09-05,100810,109,2026-09-05,26,83.6,MK,11,51,4263.6,795.16,10085,2026-09-09,Y,2026-09-05,MOCKLOAD,2026-09-12 23:05:03
1008,508,100810027,2026-09-06,100810,113,2026-09-06,27,63.4,MK,13,20,1268,236.48,10085,2026-09-09,Y,2026-09-06,MOCKLOAD,2026-09-12 23:05:03
1008,508,100810028,2026-09-07,100810,102,2026-09-07,28,134.46,MK,29,47,6319.62,1178.61,10085,2026-09-09,Y,2026-09-07,MOCKLOAD,2026-09-12 23:05:03
1008,508,100810029,2026-09-08,100810,103,2026-09-08,29,343.64,MK,20,34,11683.76,2179.02,10085,2026-09-09,Y,2026-09-08,MOCKLOAD,2026-09-12 23:05:03
1008,508,100810030,2026-09-09,100810,110,2026-09-09,30,231.42,MK,16,37,8562.54,1596.91,10085,2026-09-09,Y,2026-09-09,MOCKLOAD,2026-09-12 23:05:03
1009,509,100901001,2026-08-11,100901,109,2026-08-11,1,81.98,BD,27,88,7214.24,1259.61,10091,2026-08-16,Y,2026-08-11,MOCKLOAD,2026-09-12 23:05:03
1009,509,100901002,2026-08-12,100901,106,2026-08-12,2,407.6,BD,10,38,15488.8,2704.34,10091,2026-08-16,Y,2026-08-12,MOCKLOAD,2026-09-12 23:05:03
1009,509,100901003,2026-08-13,100901,116,2026-08-13,3,26.74,BD,11,97,2593.78,452.87,10091,2026-08-16,Y,2026-08-13,MOCKLOAD,2026-09-12 23:05:03
1009,509,100901004,2026-08-14,100901,114,2026-08-14,4,465.53,BD,16,77,35845.81,6258.68,10091,2026-08-16,Y,2026-08-14,MOCKLOAD,2026-09-12 23:05:03
1009,509,100901005,2026-08-15,100901,112,2026-08-15,5,82.3,BD,14,70,5761,1005.87,10091,2026-08-16,Y,2026-08-15,MOCKLOAD,2026-09-12 23:05:03
1009,509,100901006,2026-08-16,100901,107,2026-08-16,6,408.79,BD,16,80,32703.2,5709.98,10091,2026-08-16,Y,2026-08-16,MOCKLOAD,2026-09-12 23:05:03
1009,509,100901007,2026-08-17,100901,107,2026-08-17,7,42.95,BD,16,90,3865.5,674.92,10092,2026-08-22,Y,2026-08-17,MOCKLOAD,2026-09-12 23:05:03
1009,509,100901008,2026-08-18,100901,110,2026-08-18,8,297.03,BD,16,42,12475.26,2178.18,10092,2026-08-22,Y,2026-08-18,MOCKLOAD,2026-09-12 23:05:03
1009,509,100901009,2026-08-19,100901,103,2026-08-19,9,418.85,BD,29,2,837.7,146.26,10092,2026-08-22,Y,2026-08-19,MOCKLOAD,2026-09-12 23:05:03
1009,509,100901010,2026-08-20,100901,106,2026-08-20,10,98.43,BD,24,14,1378.02,240.6,10092,2026-08-22,Y,2026-08-20,MOCKLOAD,2026-09-12 23:05:03
1009,509,100901011,2026-08-21,100901,116,2026-08-21,11,479.81,BD,16,67,32147.27,5612.91,10092,2026-08-22,Y,2026-08-21,MOCKLOAD,2026-09-12 23:05:03
1009,509,100901012,2026-08-22,100901,117,2026-08-22,12,234.1,BD,10,92,21537.2,3760.4,10092,2026-08-22,Y,2026-08-22,MOCKLOAD,2026-09-12 23:05:03
1009,509,100901013,2026-08-23,100901,107,2026-08-23,13,35,BD,25,77,2695,470.55,10093,2026-08-28,Y,2026-08-23,MOCKLOAD,2026-09-12 23:05:03
1009,509,100901014,2026-08-24,100901,108,2026-08-24,14,14.35,BD,16,38,545.3,95.21,10093,2026-08-28,Y,2026-08-24,MOCKLOAD,2026-09-12 23:05:03
1009,509,100901015,2026-08-25,100901,108,2026-08-25,15,163.92,BD,17,92,15080.64,2633.08,10093,2026-08-28,Y,2026-08-25,MOCKLOAD,2026-09-12 23:05:03
1009,509,100901016,2026-08-26,100901,119,2026-08-26,16,163.82,BD,22,23,3767.86,657.87,10093,2026-08-28,Y,2026-08-26,MOCKLOAD,2026-09-12 23:05:03
1009,509,100901017,2026-08-27,100901,117,2026-08-27,17,175.35,BD,22,42,7364.7,1285.88,10093,2026-08-28,Y,2026-08-27,MOCKLOAD,2026-09-12 23:05:03
1009,509,100901018,2026-08-28,100901,120,2026-08-28,18,53.25,BD,26,74,3940.5,688.01,10093,2026-08-28,Y,2026-08-28,MOCKLOAD,2026-09-12 23:05:03
1009,509,100901019,2026-08-29,100901,109,2026-08-29,19,6.42,BD,10,47,301.74,52.68,10094,2026-09-03,Y,2026-08-29,MOCKLOAD,2026-09-12 23:05:03
1009,509,100901020,2026-08-30,100901,107,2026-08-30,20,490.12,BD,28,59,28917.08,5048.92,10094,2026-09-03,Y,2026-08-30,MOCKLOAD,2026-09-12 23:05:03
1009,509,100901021,2026-08-31,100901,120,2026-08-31,21,478.86,BD,23,63,30168.18,5267.36,10094,2026-09-03,Y,2026-08-31,MOCKLOAD,2026-09-12 23:05:03
1009,509,100901022,2026-09-01,100901,105,2026-09-01,22,109.01,BD,10,12,1308.12,228.4,10094,2026-09-03,Y,2026-09-01,MOCKLOAD,2026-09-12 23:05:03
1009,509,100901023,2026-09-02,100901,108,2026-09-02,23,121.07,BD,14,99,11985.93,2092.74,10094,2026-09-03,Y,2026-09-02,MOCKLOAD,2026-09-12 23:05:03
1009,509,100901024,2026-09-03,100901,101,2026-09-03,24,58.74,BD,18,44,2584.56,451.26,10094,2026-09-03,Y,2026-09-03,MOCKLOAD,2026-09-12 23:05:03
1009,509,100901025,2026-09-04,100901,109,2026-09-04,25,275.21,BD,11,9,2476.89,432.46,10095,2026-09-09,Y,2026-09-04,MOCKLOAD,2026-09-12 23:05:03
1009,509,100901026,2026-09-05,100901,101,2026-09-05,26,389.85,BD,17,26,10136.1,1769.76,10095,2026-09-09,Y,2026-09-05,MOCKLOAD,2026-09-12 23:05:03
1009,509,100901027,2026-09-06,100901,108,2026-09-06,27,376.79,BD,10,19,7159.01,1249.96,10095,2026-09-09,Y,2026-09-06,MOCKLOAD,2026-09-12 23:05:03
1009,509,100901028,2026-09-07,100901,115,2026-09-07,28,5.91,BD,17,35,206.85,36.12,10095,2026-09-09,Y,2026-09-07,MOCKLOAD,2026-09-12 23:05:03
1009,509,100901029,2026-09-08,100901,118,2026-09-08,29,307.51,BD,23,22,6765.22,1181.21,10095,2026-09-09,Y,2026-09-08,MOCKLOAD,2026-09-12 23:05:03
1009,509,100901030,2026-09-09,100901,114,2026-09-09,30,227.07,BD,25,18,4087.26,713.64,10095,2026-09-09,Y,2026-09-09,MOCKLOAD,2026-09-12 23:05:03
1009,509,100902001,2026-08-11,100902,119,2026-08-11,1,58.52,BD,29,5,292.6,51.09,10091,2026-08-16,Y,2026-08-11,MOCKLOAD,2026-09-12 23:05:03
1009,509,100902002,2026-08-12,100902,110,2026-08-12,2,340.33,BD,27,35,11911.55,2079.76,10091,2026-08-16,Y,2026-08-12,MOCKLOAD,2026-09-12 23:05:03
1009,509,100902003,2026-08-13,100902,118,2026-08-13,3,254.76,BD,27,36,9171.36,1601.32,10091,2026-08-16,Y,2026-08-13,MOCKLOAD,2026-09-12 23:05:03
1009,509,100902004,2026-08-14,100902,119,2026-08-14,4,356.26,BD,13,33,11756.58,2052.7,10091,2026-08-16,Y,2026-08-14,MOCKLOAD,2026-09-12 23:05:03
1009,509,100902005,2026-08-15,100902,113,2026-08-15,5,233.58,BD,13,71,16584.18,2895.6,10091,2026-08-16,Y,2026-08-15,MOCKLOAD,2026-09-12 23:05:03
1009,509,100902006,2026-08-16,100902,103,2026-08-16,6,270.68,BD,20,47,12721.96,2221.25,10091,2026-08-16,Y,2026-08-16,MOCKLOAD,2026-09-12 23:05:03
1009,509,100902007,2026-08-17,100902,102,2026-08-17,7,379.54,BD,25,15,5693.1,994.02,10092,2026-08-22,Y,2026-08-17,MOCKLOAD,2026-09-12 23:05:03
1009,509,100902008,2026-08-18,100902,117,2026-08-18,8,481.73,BD,29,86,41428.78,7233.46,10092,2026-08-22,Y,2026-08-18,MOCKLOAD,2026-09-12 23:05:03
1009,509,100902009,2026-08-19,100902,107,2026-08-19,9,363.9,BD,11,65,23653.5,4129.9,10092,2026-08-22,Y,2026-08-19,MOCKLOAD,2026-09-12 23:05:03
1009,509,100902010,2026-08-20,100902,120,2026-08-20,10,382.25,BD,29,38,14525.5,2536.15,10092,2026-08-22,Y,2026-08-20,MOCKLOAD,2026-09-12 23:05:03
1009,509,100902011,2026-08-21,100902,118,2026-08-21,11,407.78,BD,23,15,6116.7,1067.98,10092,2026-08-22,Y,2026-08-21,MOCKLOAD,2026-09-12 23:05:03
1009,509,100902012,2026-08-22,100902,108,2026-08-22,12,316.99,BD,26,43,13630.57,2379.9,10092,2026-08-22,Y,2026-08-22,MOCKLOAD,2026-09-12 23:05:03
1009,509,100902013,2026-08-23,100902,105,2026-08-23,13,335.43,BD,16,15,5031.45,878.49,10093,2026-08-28,Y,2026-08-23,MOCKLOAD,2026-09-12 23:05:03
1009,509,100902014,2026-08-24,100902,116,2026-08-24,14,285.2,BD,25,70,19964,3485.71,10093,2026-08-28,Y,2026-08-24,MOCKLOAD,2026-09-12 23:05:03
1009,509,100902015,2026-08-25,100902,120,2026-08-25,15,264.63,BD,16,33,8732.79,1524.75,10093,2026-08-28,Y,2026-08-25,MOCKLOAD,2026-09-12 23:05:03
1009,509,100902016,2026-08-26,100902,119,2026-08-26,16,93.7,BD,10,80,7496,1308.8,10093,2026-08-28,Y,2026-08-26,MOCKLOAD,2026-09-12 23:05:03
1009,509,100902017,2026-08-27,100902,101,2026-08-27,17,84.44,BD,22,100,8444,1474.32,10093,2026-08-28,Y,2026-08-27,MOCKLOAD,2026-09-12 23:05:03
1009,509,100902018,2026-08-28,100902,112,2026-08-28,18,28.99,BD,24,56,1623.44,283.45,10093,2026-08-28,Y,2026-08-28,MOCKLOAD,2026-09-12 23:05:03
1009,509,100902019,2026-08-29,100902,120,2026-08-29,19,380,BD,14,60,22800,3980.88,10094,2026-09-03,Y,2026-08-29,MOCKLOAD,2026-09-12 23:05:03
1009,509,100902020,2026-08-30,100902,103,2026-08-30,20,19.41,BD,17,82,1591.62,277.9,10094,2026-09-03,Y,2026-08-30,MOCKLOAD,2026-09-12 23:05:03
1009,509,100902021,2026-08-31,100902,104,2026-08-31,21,238.65,BD,23,43,10261.95,1791.74,10094,2026-09-03,Y,2026-08-31,MOCKLOAD,2026-09-12 23:05:03
1009,509,100902022,2026-09-01,100902,117,2026-09-01,22,67,BD,12,79,5293,924.16,10094,2026-09-03,Y,2026-09-01,MOCKLOAD,2026-09-12 23:05:03
1009,509,100902023,2026-09-02,100902,118,2026-09-02,23,300.12,BD,28,75,22509,3930.07,10094,2026-09-03,Y,2026-09-02,MOCKLOAD,2026-09-12 23:05:03
1009,509,100902024,2026-09-03,100902,114,2026-09-03,24,422.3,BD,25,37,15625.1,2728.14,10094,2026-09-03,Y,2026-09-03,MOCKLOAD,2026-09-12 23:05:03
1009,509,100902025,2026-09-04,100902,104,2026-09-04,25,66.42,BD,12,37,2457.54,429.09,10095,2026-09-09,Y,2026-09-04,MOCKLOAD,2026-09-12 23:05:03
1009,509,100902026,2026-09-05,100902,118,2026-09-05,26,158.67,BD,26,55,8726.85,1523.71,10095,2026-09-09,Y,2026-09-05,MOCKLOAD,2026-09-12 23:05:03
1009,509,100902027,2026-09-06,100902,114,2026-09-06,27,134.22,BD,17,18,2415.96,421.83,10095,2026-09-09,Y,2026-09-06,MOCKLOAD,2026-09-12 23:05:03
1009,509,100902028,2026-09-07,100902,101,2026-09-07,28,139.35,BD,17,95,13238.25,2311.4,10095,2026-09-09,Y,2026-09-07,MOCKLOAD,2026-09-12 23:05:03
1009,509,100902029,2026-09-08,100902,117,2026-09-08,29,210.9,BD,19,8,1687.2,294.59,10095,2026-09-09,Y,2026-09-08,MOCKLOAD,2026-09-12 23:05:03
1009,509,100902030,2026-09-09,100902,116,2026-09-09,30,210.87,BD,19,16,3373.92,589.09,10095,2026-09-09,Y,2026-09-09,MOCKLOAD,2026-09-12 23:05:03
1009,509,100903001,2026-08-11,100903,116,2026-08-11,1,357.53,BD,29,37,13228.61,2309.72,10091,2026-08-16,Y,2026-08-11,MOCKLOAD,2026-09-12 23:05:03
1009,509,100903002,2026-08-12,100903,106,2026-08-12,2,332.34,BD,26,5,1661.7,290.13,10091,2026-08-16,Y,2026-08-12,MOCKLOAD,2026-09-12 23:05:03
1009,509,100903003,2026-08-13,100903,117,2026-08-13,3,449.08,BD,27,69,30986.52,5410.25,10091,2026-08-16,Y,2026-08-13,MOCKLOAD,2026-09-12 23:05:03
1009,509,100903004,2026-08-14,100903,107,2026-08-14,4,486.63,BD,29,16,7786.08,1359.45,10091,2026-08-16,Y,2026-08-14,MOCKLOAD,2026-09-12 23:05:03
1009,509,100903005,2026-08-15,100903,102,2026-08-15,5,157.78,BD,16,71,11202.38,1955.94,10091,2026-08-16,Y,2026-08-15,MOCKLOAD,2026-09-12 23:05:03
1009,509,100903006,2026-08-16,100903,113,2026-08-16,6,455.98,BD,27,38,17327.24,3025.34,10091,2026-08-16,Y,2026-08-16,MOCKLOAD,2026-09-12 23:05:03
1009,509,100903007,2026-08-17,100903,116,2026-08-17,7,38.54,BD,23,57,2196.78,383.56,10092,2026-08-22,Y,2026-08-17,MOCKLOAD,2026-09-12 23:05:03
1009,509,100903008,2026-08-18,100903,103,2026-08-18,8,219.41,BD,24,18,3949.38,689.56,10092,2026-08-22,Y,2026-08-18,MOCKLOAD,2026-09-12 23:05:03
1009,509,100903009,2026-08-19,100903,101,2026-08-19,9,357.98,BD,17,50,17899,3125.17,10092,2026-08-22,Y,2026-08-19,MOCKLOAD,2026-09-12 23:05:03
1009,509,100903010,2026-08-20,100903,105,2026-08-20,10,379.39,BD,24,47,17831.33,3113.35,10092,2026-08-22,Y,2026-08-20,MOCKLOAD,2026-09-12 23:05:03
1009,509,100903011,2026-08-21,100903,101,2026-08-21,11,368.11,BD,14,65,23927.15,4177.68,10092,2026-08-22,Y,2026-08-21,MOCKLOAD,2026-09-12 23:05:03
1009,509,100903012,2026-08-22,100903,113,2026-08-22,12,398.2,BD,28,60,23892,4171.54,10092,2026-08-22,Y,2026-08-22,MOCKLOAD,2026-09-12 23:05:03
1009,509,100903013,2026-08-23,100903,120,2026-08-23,13,66.61,BD,19,44,2930.84,511.72,10093,2026-08-28,Y,2026-08-23,MOCKLOAD,2026-09-12 23:05:03
1009,509,100903014,2026-08-24,100903,108,2026-08-24,14,149.78,BD,22,73,10933.94,1909.07,10093,2026-08-28,Y,2026-08-24,MOCKLOAD,2026-09-12 23:05:03
1009,509,100903015,2026-08-25,100903,116,2026-08-25,15,72.51,BD,19,61,4423.11,772.28,10093,2026-08-28,Y,2026-08-25,MOCKLOAD,2026-09-12 23:05:03
1009,509,100903016,2026-08-26,100903,116,2026-08-26,16,19.82,BD,22,36,713.52,124.58,10093,2026-08-28,Y,2026-08-26,MOCKLOAD,2026-09-12 23:05:03
1009,509,100903017,2026-08-27,100903,103,2026-08-27,17,198.87,BD,24,77,15312.99,2673.65,10093,2026-08-28,Y,2026-08-27,MOCKLOAD,2026-09-12 23:05:03
1009,509,100903018,2026-08-28,100903,109,2026-08-28,18,422.31,BD,25,86,36318.66,6341.24,10093,2026-08-28,Y,2026-08-28,MOCKLOAD,2026-09-12 23:05:03
1009,509,100903019,2026-08-29,100903,105,2026-08-29,19,416.43,BD,14,84,34980.12,6107.53,10094,2026-09-03,Y,2026-08-29,MOCKLOAD,2026-09-12 23:05:03
1009,509,100903020,2026-08-30,100903,103,2026-08-30,20,62.03,BD,14,7,434.21,75.81,10094,2026-09-03,Y,2026-08-30,MOCKLOAD,2026-09-12 23:05:03
1009,509,100903021,2026-08-31,100903,105,2026-08-31,21,338.58,BD,21,7,2370.06,413.81,10094,2026-09-03,Y,2026-08-31,MOCKLOAD,2026-09-12 23:05:03
1009,509,100903022,2026-09-01,100903,119,2026-09-01,22,149.29,BD,13,49,7315.21,1277.24,10094,2026-09-03,Y,2026-09-01,MOCKLOAD,2026-09-12 23:05:03
1009,509,100903023,2026-09-02,100903,111,2026-09-02,23,304.04,BD,24,35,10641.4,1857.99,10094,2026-09-03,Y,2026-09-02,MOCKLOAD,2026-09-12 23:05:03
1009,509,100903024,2026-09-03,100903,113,2026-09-03,24,141.21,BD,14,92,12991.32,2268.28,10094,2026-09-03,Y,2026-09-03,MOCKLOAD,2026-09-12 23:05:03
1009,509,100903025,2026-09-04,100903,112,2026-09-04,25,448.65,BD,27,48,21535.2,3760.05,10095,2026-09-09,Y,2026-09-04,MOCKLOAD,2026-09-12 23:05:03
1009,509,100903026,2026-09-05,100903,113,2026-09-05,26,234.96,BD,16,11,2584.56,451.26,10095,2026-09-09,Y,2026-09-05,MOCKLOAD,2026-09-12 23:05:03
1009,509,100903027,2026-09-06,100903,118,2026-09-06,27,302.85,BD,10,23,6965.55,1216.19,10095,2026-09-09,Y,2026-09-06,MOCKLOAD,2026-09-12 23:05:03
1009,509,100903028,2026-09-07,100903,116,2026-09-07,28,356.37,BD,27,77,27440.49,4791.11,10095,2026-09-09,Y,2026-09-07,MOCKLOAD,2026-09-12 23:05:03
1009,509,100903029,2026-09-08,100903,120,2026-09-08,29,112.56,BD,13,96,10805.76,1886.69,10095,2026-09-09,Y,2026-09-08,MOCKLOAD,2026-09-12 23:05:03
1009,509,100903030,2026-09-09,100903,105,2026-09-09,30,483.64,BD,14,80,38691.2,6755.48,10095,2026-09-09,Y,2026-09-09,MOCKLOAD,2026-09-12 23:05:03
1009,509,100904001,2026-08-11,100904,109,2026-08-11,1,68.84,BD,21,92,6333.28,1105.79,10091,2026-08-16,Y,2026-08-11,MOCKLOAD,2026-09-12 23:05:03
1009,509,100904002,2026-08-12,100904,113,2026-08-12,2,161.62,BD,29,45,7272.9,1269.85,10091,2026-08-16,Y,2026-08-12,MOCKLOAD,2026-09-12 23:05:03
1009,509,100904003,2026-08-13,100904,114,2026-08-13,3,199.1,BD,19,36,7167.6,1251.46,10091,2026-08-16,Y,2026-08-13,MOCKLOAD,2026-09-12 23:05:03
1009,509,100904004,2026-08-14,100904,109,2026-08-14,4,233.8,BD,10,11,2571.8,449.04,10091,2026-08-16,Y,2026-08-14,MOCKLOAD,2026-09-12 23:05:03
1009,509,100904005,2026-08-15,100904,105,2026-08-15,5,473.41,BD,11,75,35505.75,6199.3,10091,2026-08-16,Y,2026-08-15,MOCKLOAD,2026-09-12 23:05:03
1009,509,100904006,2026-08-16,100904,120,2026-08-16,6,458.12,BD,13,64,29319.68,5119.22,10091,2026-08-16,Y,2026-08-16,MOCKLOAD,2026-09-12 23:05:03
1009,509,100904007,2026-08-17,100904,115,2026-08-17,7,23.81,BD,22,8,190.48,33.26,10092,2026-08-22,Y,2026-08-17,MOCKLOAD,2026-09-12 23:05:03
1009,509,100904008,2026-08-18,100904,110,2026-08-18,8,249.34,BD,23,40,9973.6,1741.39,10092,2026-08-22,Y,2026-08-18,MOCKLOAD,2026-09-12 23:05:03
1009,509,100904009,2026-08-19,100904,108,2026-08-19,9,191.91,BD,21,51,9787.41,1708.88,10092,2026-08-22,Y,2026-08-19,MOCKLOAD,2026-09-12 23:05:03
1009,509,100904010,2026-08-20,100904,112,2026-08-20,10,428.05,BD,24,8,3424.4,597.9,10092,2026-08-22,Y,2026-08-20,MOCKLOAD,2026-09-12 23:05:03
1009,509,100904011,2026-08-21,100904,118,2026-08-21,11,307.36,BD,27,16,4917.76,858.64,10092,2026-08-22,Y,2026-08-21,MOCKLOAD,2026-09-12 23:05:03
1009,509,100904012,2026-08-22,100904,111,2026-08-22,12,499.85,BD,14,30,14995.5,2618.21,10092,2026-08-22,Y,2026-08-22,MOCKLOAD,2026-09-12 23:05:03
1009,509,100904013,2026-08-23,100904,110,2026-08-23,13,180.15,BD,12,54,9728.1,1698.53,10093,2026-08-28,Y,2026-08-23,MOCKLOAD,2026-09-12 23:05:03
1009,509,100904014,2026-08-24,100904,108,2026-08-24,14,384.49,BD,28,59,22684.91,3960.79,10093,2026-08-28,Y,2026-08-24,MOCKLOAD,2026-09-12 23:05:03
1009,509,100904015,2026-08-25,100904,106,2026-08-25,15,399.25,BD,13,67,26749.75,4670.51,10093,2026-08-28,Y,2026-08-25,MOCKLOAD,2026-09-12 23:05:03
1009,509,100904016,2026-08-26,100904,111,2026-08-26,16,222.54,BD,17,16,3560.64,621.69,10093,2026-08-28,Y,2026-08-26,MOCKLOAD,2026-09-12 23:05:03
1009,509,100904017,2026-08-27,100904,106,2026-08-27,17,165.43,BD,24,57,9429.51,1646.39,10093,2026-08-28,Y,2026-08-27,MOCKLOAD,2026-09-12 23:05:03
1009,509,100904018,2026-08-28,100904,109,2026-08-28,18,93.04,BD,12,28,2605.12,454.85,10093,2026-08-28,Y,2026-08-28,MOCKLOAD,2026-09-12 23:05:03
1009,509,100904019,2026-08-29,100904,115,2026-08-29,19,430.78,BD,16,47,20246.66,3535.07,10094,2026-09-03,Y,2026-08-29,MOCKLOAD,2026-09-12 23:05:03
1009,509,100904020,2026-08-30,100904,107,2026-08-30,20,121.06,BD,27,64,7747.84,1352.77,10094,2026-09-03,Y,2026-08-30,MOCKLOAD,2026-09-12 23:05:03
1009,509,100904021,2026-08-31,100904,111,2026-08-31,21,33.24,BD,12,67,2227.08,388.85,10094,2026-09-03,Y,2026-08-31,MOCKLOAD,2026-09-12 23:05:03
1009,509,100904022,2026-09-01,100904,114,2026-09-01,22,300.94,BD,23,90,27084.6,4728.97,10094,2026-09-03,Y,2026-09-01,MOCKLOAD,2026-09-12 23:05:03
1009,509,100904023,2026-09-02,100904,104,2026-09-02,23,96.12,BD,17,69,6632.28,1158,10094,2026-09-03,Y,2026-09-02,MOCKLOAD,2026-09-12 23:05:03
1009,509,100904024,2026-09-03,100904,113,2026-09-03,24,175.34,BD,25,32,5610.88,979.66,10094,2026-09-03,Y,2026-09-03,MOCKLOAD,2026-09-12 23:05:03
1009,509,100904025,2026-09-04,100904,104,2026-09-04,25,289.94,BD,10,50,14497,2531.18,10095,2026-09-09,Y,2026-09-04,MOCKLOAD,2026-09-12 23:05:03
1009,509,100904026,2026-09-05,100904,113,2026-09-05,26,336.03,BD,14,7,2352.21,410.7,10095,2026-09-09,Y,2026-09-05,MOCKLOAD,2026-09-12 23:05:03
1009,509,100904027,2026-09-06,100904,119,2026-09-06,27,399.32,BD,15,92,36737.44,6414.36,10095,2026-09-09,Y,2026-09-06,MOCKLOAD,2026-09-12 23:05:03
1009,509,100904028,2026-09-07,100904,103,2026-09-07,28,133.81,BD,14,16,2140.96,373.81,10095,2026-09-09,Y,2026-09-07,MOCKLOAD,2026-09-12 23:05:03
1009,509,100904029,2026-09-08,100904,111,2026-09-08,29,37.87,BD,24,95,3597.65,628.15,10095,2026-09-09,Y,2026-09-08,MOCKLOAD,2026-09-12 23:05:03
1009,509,100904030,2026-09-09,100904,117,2026-09-09,30,132.76,BD,23,68,9027.68,1576.23,10095,2026-09-09,Y,2026-09-09,MOCKLOAD,2026-09-12 23:05:03
1009,509,100905001,2026-08-11,100905,107,2026-08-11,1,293.65,BD,13,12,3523.8,615.26,10091,2026-08-16,Y,2026-08-11,MOCKLOAD,2026-09-12 23:05:03
1009,509,100905002,2026-08-12,100905,106,2026-08-12,2,454.07,BD,10,4,1816.28,317.12,10091,2026-08-16,Y,2026-08-12,MOCKLOAD,2026-09-12 23:05:03
1009,509,100905003,2026-08-13,100905,102,2026-08-13,3,380.69,BD,27,62,23602.78,4121.05,10091,2026-08-16,Y,2026-08-13,MOCKLOAD,2026-09-12 23:05:03
1009,509,100905004,2026-08-14,100905,108,2026-08-14,4,419.89,BD,12,37,15535.93,2712.57,10091,2026-08-16,Y,2026-08-14,MOCKLOAD,2026-09-12 23:05:03
1009,509,100905005,2026-08-15,100905,107,2026-08-15,5,90.02,BD,16,66,5941.32,1037.35,10091,2026-08-16,Y,2026-08-15,MOCKLOAD,2026-09-12 23:05:03
1009,509,100905006,2026-08-16,100905,115,2026-08-16,6,473.17,BD,11,52,24604.84,4296.01,10091,2026-08-16,Y,2026-08-16,MOCKLOAD,2026-09-12 23:05:03
1009,509,100905007,2026-08-17,100905,105,2026-08-17,7,299.27,BD,22,19,5686.13,992.8,10092,2026-08-22,Y,2026-08-17,MOCKLOAD,2026-09-12 23:05:03
1009,509,100905008,2026-08-18,100905,116,2026-08-18,8,39.12,BD,14,85,3325.2,580.58,10092,2026-08-22,Y,2026-08-18,MOCKLOAD,2026-09-12 23:05:03
1009,509,100905009,2026-08-19,100905,108,2026-08-19,9,184.44,BD,11,51,9406.44,1642.36,10092,2026-08-22,Y,2026-08-19,MOCKLOAD,2026-09-12 23:05:03
1009,509,100905010,2026-08-20,100905,111,2026-08-20,10,144.04,BD,12,56,8066.24,1408.37,10092,2026-08-22,Y,2026-08-20,MOCKLOAD,2026-09-12 23:05:03
1009,509,100905011,2026-08-21,100905,111,2026-08-21,11,123.93,BD,29,93,11525.49,2012.35,10092,2026-08-22,Y,2026-08-21,MOCKLOAD,2026-09-12 23:05:03
1009,509,100905012,2026-08-22,100905,112,2026-08-22,12,201.66,BD,12,97,19561.02,3415.35,10092,2026-08-22,Y,2026-08-22,MOCKLOAD,2026-09-12 23:05:03
1009,509,100905013,2026-08-23,100905,102,2026-08-23,13,363.25,BD,13,3,1089.75,190.27,10093,2026-08-28,Y,2026-08-23,MOCKLOAD,2026-09-12 23:05:03
1009,509,100905014,2026-08-24,100905,112,2026-08-24,14,372.72,BD,13,5,1863.6,325.38,10093,2026-08-28,Y,2026-08-24,MOCKLOAD,2026-09-12 23:05:03
1009,509,100905015,2026-08-25,100905,101,2026-08-25,15,491.45,BD,22,92,45213.4,7894.26,10093,2026-08-28,Y,2026-08-25,MOCKLOAD,2026-09-12 23:05:03
1009,509,100905016,2026-08-26,100905,119,2026-08-26,16,182.54,BD,14,33,6023.82,1051.76,10093,2026-08-28,Y,2026-08-26,MOCKLOAD,2026-09-12 23:05:03
1009,509,100905017,2026-08-27,100905,106,2026-08-27,17,230.54,BD,18,29,6685.66,1167.32,10093,2026-08-28,Y,2026-08-27,MOCKLOAD,2026-09-12 23:05:03
1009,509,100905018,2026-08-28,100905,115,2026-08-28,18,308.77,BD,15,10,3087.7,539.11,10093,2026-08-28,Y,2026-08-28,MOCKLOAD,2026-09-12 23:05:03
1009,509,100905019,2026-08-29,100905,119,2026-08-29,19,115.02,BD,21,34,3910.68,682.8,10094,2026-09-03,Y,2026-08-29,MOCKLOAD,2026-09-12 23:05:03
1009,509,100905020,2026-08-30,100905,117,2026-08-30,20,183.7,BD,11,46,8450.2,1475.4,10094,2026-09-03,Y,2026-08-30,MOCKLOAD,2026-09-12 23:05:03
1009,509,100905021,2026-08-31,100905,101,2026-08-31,21,166.82,BD,27,38,6339.16,1106.82,10094,2026-09-03,Y,2026-08-31,MOCKLOAD,2026-09-12 23:05:03
1009,509,100905022,2026-09-01,100905,109,2026-09-01,22,371.64,BD,11,44,16352.16,2855.09,10094,2026-09-03,Y,2026-09-01,MOCKLOAD,2026-09-12 23:05:03
1009,509,100905023,2026-09-02,100905,104,2026-09-02,23,246.54,BD,20,37,9121.98,1592.7,10094,2026-09-03,Y,2026-09-02,MOCKLOAD,2026-09-12 23:05:03
1009,509,100905024,2026-09-03,100905,106,2026-09-03,24,496.45,BD,21,22,10921.9,1906.96,10094,2026-09-03,Y,2026-09-03,MOCKLOAD,2026-09-12 23:05:03
1009,509,100905025,2026-09-04,100905,102,2026-09-04,25,265.18,BD,11,17,4508.06,787.11,10095,2026-09-09,Y,2026-09-04,MOCKLOAD,2026-09-12 23:05:03
1009,509,100905026,2026-09-05,100905,119,2026-09-05,26,472.9,BD,23,28,13241.2,2311.91,10095,2026-09-09,Y,2026-09-05,MOCKLOAD,2026-09-12 23:05:03
1009,509,100905027,2026-09-06,100905,103,2026-09-06,27,490.68,BD,24,88,43179.84,7539.2,10095,2026-09-09,Y,2026-09-06,MOCKLOAD,2026-09-12 23:05:03
1009,509,100905028,2026-09-07,100905,101,2026-09-07,28,187.33,BD,28,27,5057.91,883.11,10095,2026-09-09,Y,2026-09-07,MOCKLOAD,2026-09-12 23:05:03
1009,509,100905029,2026-09-08,100905,115,2026-09-08,29,358.11,BD,12,32,11459.52,2000.83,10095,2026-09-09,Y,2026-09-08,MOCKLOAD,2026-09-12 23:05:03
1009,509,100905030,2026-09-09,100905,110,2026-09-09,30,283.84,BD,29,32,9082.88,1585.87,10095,2026-09-09,Y,2026-09-09,MOCKLOAD,2026-09-12 23:05:03
1009,509,100906001,2026-08-11,100906,111,2026-08-11,1,393.26,BD,21,85,33427.1,5836.37,10091,2026-08-16,Y,2026-08-11,MOCKLOAD,2026-09-12 23:05:03
1009,509,100906002,2026-08-12,100906,112,2026-08-12,2,32.83,BD,21,19,623.77,108.91,10091,2026-08-16,Y,2026-08-12,MOCKLOAD,2026-09-12 23:05:03
1009,509,100906003,2026-08-13,100906,119,2026-08-13,3,125.31,BD,22,39,4887.09,853.29,10091,2026-08-16,Y,2026-08-13,MOCKLOAD,2026-09-12 23:05:03
1009,509,100906004,2026-08-14,100906,108,2026-08-14,4,239.4,BD,10,78,18673.2,3260.34,10091,2026-08-16,Y,2026-08-14,MOCKLOAD,2026-09-12 23:05:03
1009,509,100906005,2026-08-15,100906,105,2026-08-15,5,379.75,BD,22,74,28101.5,4906.52,10091,2026-08-16,Y,2026-08-15,MOCKLOAD,2026-09-12 23:05:03
1009,509,100906006,2026-08-16,100906,112,2026-08-16,6,197.75,BD,16,1,197.75,34.53,10091,2026-08-16,Y,2026-08-16,MOCKLOAD,2026-09-12 23:05:03
1009,509,100906007,2026-08-17,100906,101,2026-08-17,7,279.8,BD,25,3,839.4,146.56,10092,2026-08-22,Y,2026-08-17,MOCKLOAD,2026-09-12 23:05:03
1009,509,100906008,2026-08-18,100906,114,2026-08-18,8,397.06,BD,19,76,30176.56,5268.83,10092,2026-08-22,Y,2026-08-18,MOCKLOAD,2026-09-12 23:05:03
1009,509,100906009,2026-08-19,100906,120,2026-08-19,9,476.34,BD,22,99,47157.66,8233.73,10092,2026-08-22,Y,2026-08-19,MOCKLOAD,2026-09-12 23:05:03
1009,509,100906010,2026-08-20,100906,113,2026-08-20,10,137.89,BD,27,2,275.78,48.15,10092,2026-08-22,Y,2026-08-20,MOCKLOAD,2026-09-12 23:05:03
1009,509,100906011,2026-08-21,100906,116,2026-08-21,11,71.84,BD,15,64,4597.76,802.77,10092,2026-08-22,Y,2026-08-21,MOCKLOAD,2026-09-12 23:05:03
1009,509,100906012,2026-08-22,100906,102,2026-08-22,12,83,BD,29,9,747,130.43,10092,2026-08-22,Y,2026-08-22,MOCKLOAD,2026-09-12 23:05:03
1009,509,100906013,2026-08-23,100906,104,2026-08-23,13,476.99,BD,17,46,21941.54,3830.99,10093,2026-08-28,Y,2026-08-23,MOCKLOAD,2026-09-12 23:05:03
1009,509,100906014,2026-08-24,100906,104,2026-08-24,14,334.41,BD,24,100,33441,5838.8,10093,2026-08-28,Y,2026-08-24,MOCKLOAD,2026-09-12 23:05:03
1009,509,100906015,2026-08-25,100906,117,2026-08-25,15,89.89,BD,12,47,4224.83,737.66,10093,2026-08-28,Y,2026-08-25,MOCKLOAD,2026-09-12 23:05:03
1009,509,100906016,2026-08-26,100906,101,2026-08-26,16,237.79,BD,11,43,10224.97,1785.28,10093,2026-08-28,Y,2026-08-26,MOCKLOAD,2026-09-12 23:05:03
1009,509,100906017,2026-08-27,100906,109,2026-08-27,17,494.31,BD,16,35,17300.85,3020.73,10093,2026-08-28,Y,2026-08-27,MOCKLOAD,2026-09-12 23:05:03
1009,509,100906018,2026-08-28,100906,117,2026-08-28,18,196.88,BD,14,14,2756.32,481.25,10093,2026-08-28,Y,2026-08-28,MOCKLOAD,2026-09-12 23:05:03
1009,509,100906019,2026-08-29,100906,104,2026-08-29,19,172.61,BD,10,25,4315.25,753.44,10094,2026-09-03,Y,2026-08-29,MOCKLOAD,2026-09-12 23:05:03
1009,509,100906020,2026-08-30,100906,110,2026-08-30,20,171.43,BD,12,66,11314.38,1975.49,10094,2026-09-03,Y,2026-08-30,MOCKLOAD,2026-09-12 23:05:03
1009,509,100906021,2026-08-31,100906,115,2026-08-31,21,388.49,BD,20,49,19036.01,3323.69,10094,2026-09-03,Y,2026-08-31,MOCKLOAD,2026-09-12 23:05:03
1009,509,100906022,2026-09-01,100906,102,2026-09-01,22,351.24,BD,10,2,702.48,122.65,10094,2026-09-03,Y,2026-09-01,MOCKLOAD,2026-09-12 23:05:03
1009,509,100906023,2026-09-02,100906,108,2026-09-02,23,441.42,BD,12,19,8386.98,1464.37,10094,2026-09-03,Y,2026-09-02,MOCKLOAD,2026-09-12 23:05:03
1009,509,100906024,2026-09-03,100906,104,2026-09-03,24,407.62,BD,13,88,35870.56,6263,10094,2026-09-03,Y,2026-09-03,MOCKLOAD,2026-09-12 23:05:03
1009,509,100906025,2026-09-04,100906,110,2026-09-04,25,367.68,BD,27,77,28311.36,4943.16,10095,2026-09-09,Y,2026-09-04,MOCKLOAD,2026-09-12 23:05:03
1009,509,100906026,2026-09-05,100906,117,2026-09-05,26,432.78,BD,14,10,4327.8,755.63,10095,2026-09-09,Y,2026-09-05,MOCKLOAD,2026-09-12 23:05:03
1009,509,100906027,2026-09-06,100906,114,2026-09-06,27,57.4,BD,24,8,459.2,80.18,10095,2026-09-09,Y,2026-09-06,MOCKLOAD,2026-09-12 23:05:03
1009,509,100906028,2026-09-07,100906,120,2026-09-07,28,273.72,BD,20,23,6295.56,1099.2,10095,2026-09-09,Y,2026-09-07,MOCKLOAD,2026-09-12 23:05:03
1009,509,100906029,2026-09-08,100906,102,2026-09-08,29,228.15,BD,17,37,8441.55,1473.89,10095,2026-09-09,Y,2026-09-08,MOCKLOAD,2026-09-12 23:05:03
1009,509,100906030,2026-09-09,100906,111,2026-09-09,30,15.4,BD,23,29,446.6,77.98,10095,2026-09-09,Y,2026-09-09,MOCKLOAD,2026-09-12 23:05:03
1009,509,100907001,2026-08-11,100907,104,2026-08-11,1,227.93,BD,24,58,13219.94,2308.2,10091,2026-08-16,Y,2026-08-11,MOCKLOAD,2026-09-12 23:05:03
1009,509,100907002,2026-08-12,100907,108,2026-08-12,2,487.5,BD,13,79,38512.5,6724.28,10091,2026-08-16,Y,2026-08-12,MOCKLOAD,2026-09-12 23:05:03
1009,509,100907003,2026-08-13,100907,120,2026-08-13,3,65.06,BD,29,36,2342.16,408.94,10091,2026-08-16,Y,2026-08-13,MOCKLOAD,2026-09-12 23:05:03
1009,509,100907004,2026-08-14,100907,118,2026-08-14,4,414.44,BD,21,70,29010.8,5065.29,10091,2026-08-16,Y,2026-08-14,MOCKLOAD,2026-09-12 23:05:03
1009,509,100907005,2026-08-15,100907,118,2026-08-15,5,154.92,BD,15,75,11619,2028.68,10091,2026-08-16,Y,2026-08-15,MOCKLOAD,2026-09-12 23:05:03
1009,509,100907006,2026-08-16,100907,111,2026-08-16,6,369.64,BD,11,10,3696.4,645.39,10091,2026-08-16,Y,2026-08-16,MOCKLOAD,2026-09-12 23:05:03
1009,509,100907007,2026-08-17,100907,111,2026-08-17,7,114.35,BD,29,86,9834.1,1717.03,10092,2026-08-22,Y,2026-08-17,MOCKLOAD,2026-09-12 23:05:03
1009,509,100907008,2026-08-18,100907,116,2026-08-18,8,258.57,BD,10,86,22237.02,3882.58,10092,2026-08-22,Y,2026-08-18,MOCKLOAD,2026-09-12 23:05:03
1009,509,100907009,2026-08-19,100907,102,2026-08-19,9,479.63,BD,23,1,479.63,83.74,10092,2026-08-22,Y,2026-08-19,MOCKLOAD,2026-09-12 23:05:03
1009,509,100907010,2026-08-20,100907,115,2026-08-20,10,288.05,BD,15,4,1152.2,201.17,10092,2026-08-22,Y,2026-08-20,MOCKLOAD,2026-09-12 23:05:03
1009,509,100907011,2026-08-21,100907,105,2026-08-21,11,473.59,BD,16,68,32204.12,5622.84,10092,2026-08-22,Y,2026-08-21,MOCKLOAD,2026-09-12 23:05:03
1009,509,100907012,2026-08-22,100907,118,2026-08-22,12,385.8,BD,11,85,32793,5725.66,10092,2026-08-22,Y,2026-08-22,MOCKLOAD,2026-09-12 23:05:03
1009,509,100907013,2026-08-23,100907,105,2026-08-23,13,148.43,BD,29,75,11132.25,1943.69,10093,2026-08-28,Y,2026-08-23,MOCKLOAD,2026-09-12 23:05:03
1009,509,100907014,2026-08-24,100907,106,2026-08-24,14,390.91,BD,20,26,10163.66,1774.58,10093,2026-08-28,Y,2026-08-24,MOCKLOAD,2026-09-12 23:05:03
1009,509,100907015,2026-08-25,100907,108,2026-08-25,15,186.6,BD,16,76,14181.6,2476.11,10093,2026-08-28,Y,2026-08-25,MOCKLOAD,2026-09-12 23:05:03
1009,509,100907016,2026-08-26,100907,110,2026-08-26,16,115.62,BD,11,21,2428.02,423.93,10093,2026-08-28,Y,2026-08-26,MOCKLOAD,2026-09-12 23:05:03
1009,509,100907017,2026-08-27,100907,109,2026-08-27,17,102.13,BD,11,96,9804.48,1711.86,10093,2026-08-28,Y,2026-08-27,MOCKLOAD,2026-09-12 23:05:03
1009,509,100907018,2026-08-28,100907,103,2026-08-28,18,164.95,BD,22,69,11381.55,1987.22,10093,2026-08-28,Y,2026-08-28,MOCKLOAD,2026-09-12 23:05:03
1009,509,100907019,2026-08-29,100907,108,2026-08-29,19,347.92,BD,17,97,33748.24,5892.44,10094,2026-09-03,Y,2026-08-29,MOCKLOAD,2026-09-12 23:05:03
1009,509,100907020,2026-08-30,100907,104,2026-08-30,20,467.79,BD,21,41,19179.39,3348.72,10094,2026-09-03,Y,2026-08-30,MOCKLOAD,2026-09-12 23:05:03
1009,509,100907021,2026-08-31,100907,120,2026-08-31,21,242.47,BD,22,14,3394.58,592.69,10094,2026-09-03,Y,2026-08-31,MOCKLOAD,2026-09-12 23:05:03
1009,509,100907022,2026-09-01,100907,106,2026-09-01,22,388.61,BD,12,61,23705.21,4138.93,10094,2026-09-03,Y,2026-09-01,MOCKLOAD,2026-09-12 23:05:03
1009,509,100907023,2026-09-02,100907,113,2026-09-02,23,227.41,BD,24,65,14781.65,2580.88,10094,2026-09-03,Y,2026-09-02,MOCKLOAD,2026-09-12 23:05:03
1009,509,100907024,2026-09-03,100907,111,2026-09-03,24,414.36,BD,29,58,24032.88,4196.14,10094,2026-09-03,Y,2026-09-03,MOCKLOAD,2026-09-12 23:05:03
1009,509,100907025,2026-09-04,100907,116,2026-09-04,25,73.23,BD,15,34,2489.82,434.72,10095,2026-09-09,Y,2026-09-04,MOCKLOAD,2026-09-12 23:05:03
1009,509,100907026,2026-09-05,100907,120,2026-09-05,26,230.65,BD,16,46,10609.9,1852.49,10095,2026-09-09,Y,2026-09-05,MOCKLOAD,2026-09-12 23:05:03
1009,509,100907027,2026-09-06,100907,108,2026-09-06,27,12.57,BD,17,90,1131.3,197.52,10095,2026-09-09,Y,2026-09-06,MOCKLOAD,2026-09-12 23:05:03
1009,509,100907028,2026-09-07,100907,115,2026-09-07,28,266.11,BD,29,92,24482.12,4274.58,10095,2026-09-09,Y,2026-09-07,MOCKLOAD,2026-09-12 23:05:03
1009,509,100907029,2026-09-08,100907,107,2026-09-08,29,492.14,BD,17,72,35434.08,6186.79,10095,2026-09-09,Y,2026-09-08,MOCKLOAD,2026-09-12 23:05:03
1009,509,100907030,2026-09-09,100907,107,2026-09-09,30,432.67,BD,28,47,20335.49,3550.58,10095,2026-09-09,Y,2026-09-09,MOCKLOAD,2026-09-12 23:05:03
1009,509,100908001,2026-08-11,100908,108,2026-08-11,1,204.69,BD,23,79,16170.51,2823.37,10091,2026-08-16,Y,2026-08-11,MOCKLOAD,2026-09-12 23:05:03
1009,509,100908002,2026-08-12,100908,114,2026-08-12,2,390.92,BD,23,29,11336.68,1979.38,10091,2026-08-16,Y,2026-08-12,MOCKLOAD,2026-09-12 23:05:03
1009,509,100908003,2026-08-13,100908,113,2026-08-13,3,363.46,BD,28,65,23624.9,4124.91,10091,2026-08-16,Y,2026-08-13,MOCKLOAD,2026-09-12 23:05:03
1009,509,100908004,2026-08-14,100908,102,2026-08-14,4,120.74,BD,13,80,9659.2,1686.5,10091,2026-08-16,Y,2026-08-14,MOCKLOAD,2026-09-12 23:05:03
1009,509,100908005,2026-08-15,100908,119,2026-08-15,5,398.47,BD,17,99,39448.53,6887.71,10091,2026-08-16,Y,2026-08-15,MOCKLOAD,2026-09-12 23:05:03
1009,509,100908006,2026-08-16,100908,119,2026-08-16,6,460.79,BD,23,42,19353.18,3379.07,10091,2026-08-16,Y,2026-08-16,MOCKLOAD,2026-09-12 23:05:03
1009,509,100908007,2026-08-17,100908,106,2026-08-17,7,46.78,BD,23,24,1122.72,196.03,10092,2026-08-22,Y,2026-08-17,MOCKLOAD,2026-09-12 23:05:03
1009,509,100908008,2026-08-18,100908,112,2026-08-18,8,116.88,BD,12,95,11103.6,1938.69,10092,2026-08-22,Y,2026-08-18,MOCKLOAD,2026-09-12 23:05:03
1009,509,100908009,2026-08-19,100908,108,2026-08-19,9,226.81,BD,14,62,14062.22,2455.26,10092,2026-08-22,Y,2026-08-19,MOCKLOAD,2026-09-12 23:05:03
1009,509,100908010,2026-08-20,100908,120,2026-08-20,10,70.36,BD,29,83,5839.88,1019.64,10092,2026-08-22,Y,2026-08-20,MOCKLOAD,2026-09-12 23:05:03
1009,509,100908011,2026-08-21,100908,103,2026-08-21,11,99.97,BD,21,45,4498.65,785.46,10092,2026-08-22,Y,2026-08-21,MOCKLOAD,2026-09-12 23:05:03
1009,509,100908012,2026-08-22,100908,117,2026-08-22,12,87.67,BD,25,55,4821.85,841.9,10092,2026-08-22,Y,2026-08-22,MOCKLOAD,2026-09-12 23:05:03
1009,509,100908013,2026-08-23,100908,110,2026-08-23,13,21.03,BD,23,63,1324.89,231.33,10093,2026-08-28,Y,2026-08-23,MOCKLOAD,2026-09-12 23:05:03
1009,509,100908014,2026-08-24,100908,108,2026-08-24,14,325.64,BD,23,29,9443.56,1648.85,10093,2026-08-28,Y,2026-08-24,MOCKLOAD,2026-09-12 23:05:03
1009,509,100908015,2026-08-25,100908,101,2026-08-25,15,345.88,BD,19,16,5534.08,966.25,10093,2026-08-28,Y,2026-08-25,MOCKLOAD,2026-09-12 23:05:03
1009,509,100908016,2026-08-26,100908,108,2026-08-26,16,379.48,BD,15,83,31496.84,5499.35,10093,2026-08-28,Y,2026-08-26,MOCKLOAD,2026-09-12 23:05:03
1009,509,100908017,2026-08-27,100908,103,2026-08-27,17,265.78,BD,23,80,21262.4,3712.42,10093,2026-08-28,Y,2026-08-27,MOCKLOAD,2026-09-12 23:05:03
1009,509,100908018,2026-08-28,100908,113,2026-08-28,18,201.19,BD,18,90,18107.1,3161.5,10093,2026-08-28,Y,2026-08-28,MOCKLOAD,2026-09-12 23:05:03
1009,509,100908019,2026-08-29,100908,105,2026-08-29,19,122.02,BD,25,62,7565.24,1320.89,10094,2026-09-03,Y,2026-08-29,MOCKLOAD,2026-09-12 23:05:03
1009,509,100908020,2026-08-30,100908,112,2026-08-30,20,322.45,BD,27,50,16122.5,2814.99,10094,2026-09-03,Y,2026-08-30,MOCKLOAD,2026-09-12 23:05:03
1009,509,100908021,2026-08-31,100908,119,2026-08-31,21,330.54,BD,17,38,12560.52,2193.07,10094,2026-09-03,Y,2026-08-31,MOCKLOAD,2026-09-12 23:05:03
1009,509,100908022,2026-09-01,100908,104,2026-09-01,22,385.39,BD,21,27,10405.53,1816.81,10094,2026-09-03,Y,2026-09-01,MOCKLOAD,2026-09-12 23:05:03
1009,509,100908023,2026-09-02,100908,105,2026-09-02,23,396.66,BD,25,74,29352.84,5125.01,10094,2026-09-03,Y,2026-09-02,MOCKLOAD,2026-09-12 23:05:03
1009,509,100908024,2026-09-03,100908,119,2026-09-03,24,183.15,BD,26,6,1098.9,191.87,10094,2026-09-03,Y,2026-09-03,MOCKLOAD,2026-09-12 23:05:03
1009,509,100908025,2026-09-04,100908,111,2026-09-04,25,481.44,BD,22,2,962.88,168.12,10095,2026-09-09,Y,2026-09-04,MOCKLOAD,2026-09-12 23:05:03
1009,509,100908026,2026-09-05,100908,108,2026-09-05,26,246.16,BD,15,92,22646.72,3954.12,10095,2026-09-09,Y,2026-09-05,MOCKLOAD,2026-09-12 23:05:03
1009,509,100908027,2026-09-06,100908,110,2026-09-06,27,297.14,BD,17,100,29714,5188.06,10095,2026-09-09,Y,2026-09-06,MOCKLOAD,2026-09-12 23:05:03
1009,509,100908028,2026-09-07,100908,111,2026-09-07,28,406.06,BD,19,86,34921.16,6097.23,10095,2026-09-09,Y,2026-09-07,MOCKLOAD,2026-09-12 23:05:03
1009,509,100908029,2026-09-08,100908,119,2026-09-08,29,160.35,BD,23,6,962.1,167.98,10095,2026-09-09,Y,2026-09-08,MOCKLOAD,2026-09-12 23:05:03
1009,509,100908030,2026-09-09,100908,110,2026-09-09,30,197.55,BD,10,68,13433.4,2345.47,10095,2026-09-09,Y,2026-09-09,MOCKLOAD,2026-09-12 23:05:03
1009,509,100909001,2026-08-11,100909,102,2026-08-11,1,247.88,BD,26,62,15368.56,2683.35,10091,2026-08-16,Y,2026-08-11,MOCKLOAD,2026-09-12 23:05:03
1009,509,100909002,2026-08-12,100909,116,2026-08-12,2,22.53,BD,26,27,608.31,106.21,10091,2026-08-16,Y,2026-08-12,MOCKLOAD,2026-09-12 23:05:03
1009,509,100909003,2026-08-13,100909,115,2026-08-13,3,289.78,BD,17,17,4926.26,860.12,10091,2026-08-16,Y,2026-08-13,MOCKLOAD,2026-09-12 23:05:03
1009,509,100909004,2026-08-14,100909,102,2026-08-14,4,463.07,BD,22,28,12965.96,2263.86,10091,2026-08-16,Y,2026-08-14,MOCKLOAD,2026-09-12 23:05:03
1009,509,100909005,2026-08-15,100909,103,2026-08-15,5,226.38,BD,26,52,11771.76,2055.35,10091,2026-08-16,Y,2026-08-15,MOCKLOAD,2026-09-12 23:05:03
1009,509,100909006,2026-08-16,100909,117,2026-08-16,6,259.22,BD,16,67,17367.74,3032.41,10091,2026-08-16,Y,2026-08-16,MOCKLOAD,2026-09-12 23:05:03
1009,509,100909007,2026-08-17,100909,109,2026-08-17,7,351.87,BD,12,29,10204.23,1781.66,10092,2026-08-22,Y,2026-08-17,MOCKLOAD,2026-09-12 23:05:03
1009,509,100909008,2026-08-18,100909,101,2026-08-18,8,40.78,BD,18,47,1916.66,334.65,10092,2026-08-22,Y,2026-08-18,MOCKLOAD,2026-09-12 23:05:03
1009,509,100909009,2026-08-19,100909,105,2026-08-19,9,408.9,BD,29,77,31485.3,5497.33,10092,2026-08-22,Y,2026-08-19,MOCKLOAD,2026-09-12 23:05:03
1009,509,100909010,2026-08-20,100909,110,2026-08-20,10,240.36,BD,29,77,18507.72,3231.45,10092,2026-08-22,Y,2026-08-20,MOCKLOAD,2026-09-12 23:05:03
1009,509,100909011,2026-08-21,100909,120,2026-08-21,11,190.32,BD,26,90,17128.8,2990.69,10092,2026-08-22,Y,2026-08-21,MOCKLOAD,2026-09-12 23:05:03
1009,509,100909012,2026-08-22,100909,113,2026-08-22,12,249.35,BD,12,3,748.05,130.61,10092,2026-08-22,Y,2026-08-22,MOCKLOAD,2026-09-12 23:05:03
1009,509,100909013,2026-08-23,100909,111,2026-08-23,13,479.19,BD,26,78,37376.82,6525.99,10093,2026-08-28,Y,2026-08-23,MOCKLOAD,2026-09-12 23:05:03
1009,509,100909014,2026-08-24,100909,107,2026-08-24,14,142.24,BD,26,88,12517.12,2185.49,10093,2026-08-28,Y,2026-08-24,MOCKLOAD,2026-09-12 23:05:03
1009,509,100909015,2026-08-25,100909,120,2026-08-25,15,326,BD,12,1,326,56.92,10093,2026-08-28,Y,2026-08-25,MOCKLOAD,2026-09-12 23:05:03
1009,509,100909016,2026-08-26,100909,105,2026-08-26,16,278.45,BD,17,93,25895.85,4521.42,10093,2026-08-28,Y,2026-08-26,MOCKLOAD,2026-09-12 23:05:03
1009,509,100909017,2026-08-27,100909,110,2026-08-27,17,163.79,BD,10,80,13103.2,2287.82,10093,2026-08-28,Y,2026-08-27,MOCKLOAD,2026-09-12 23:05:03
1009,509,100909018,2026-08-28,100909,110,2026-08-28,18,151.51,BD,27,28,4242.28,740.7,10093,2026-08-28,Y,2026-08-28,MOCKLOAD,2026-09-12 23:05:03
1009,509,100909019,2026-08-29,100909,112,2026-08-29,19,389.12,BD,20,85,33075.2,5774.93,10094,2026-09-03,Y,2026-08-29,MOCKLOAD,2026-09-12 23:05:03
1009,509,100909020,2026-08-30,100909,109,2026-08-30,20,472.95,BD,24,12,5675.4,990.92,10094,2026-09-03,Y,2026-08-30,MOCKLOAD,2026-09-12 23:05:03
1009,509,100909021,2026-08-31,100909,101,2026-08-31,21,122.84,BD,26,26,3193.84,557.64,10094,2026-09-03,Y,2026-08-31,MOCKLOAD,2026-09-12 23:05:03
1009,509,100909022,2026-09-01,100909,103,2026-09-01,22,256.97,BD,10,47,12077.59,2108.75,10094,2026-09-03,Y,2026-09-01,MOCKLOAD,2026-09-12 23:05:03
1009,509,100909023,2026-09-02,100909,103,2026-09-02,23,400.47,BD,17,91,36442.77,6362.91,10094,2026-09-03,Y,2026-09-02,MOCKLOAD,2026-09-12 23:05:03
1009,509,100909024,2026-09-03,100909,120,2026-09-03,24,340.51,BD,25,16,5448.16,951.25,10094,2026-09-03,Y,2026-09-03,MOCKLOAD,2026-09-12 23:05:03
1009,509,100909025,2026-09-04,100909,115,2026-09-04,25,499.93,BD,11,86,42993.98,7506.75,10095,2026-09-09,Y,2026-09-04,MOCKLOAD,2026-09-12 23:05:03
1009,509,100909026,2026-09-05,100909,116,2026-09-05,26,422.2,BD,18,82,34620.4,6044.72,10095,2026-09-09,Y,2026-09-05,MOCKLOAD,2026-09-12 23:05:03
1009,509,100909027,2026-09-06,100909,107,2026-09-06,27,39.37,BD,11,61,2401.57,419.31,10095,2026-09-09,Y,2026-09-06,MOCKLOAD,2026-09-12 23:05:03
1009,509,100909028,2026-09-07,100909,115,2026-09-07,28,268.34,BD,25,86,23077.24,4029.29,10095,2026-09-09,Y,2026-09-07,MOCKLOAD,2026-09-12 23:05:03
1009,509,100909029,2026-09-08,100909,101,2026-09-08,29,40.13,BD,12,34,1364.42,238.23,10095,2026-09-09,Y,2026-09-08,MOCKLOAD,2026-09-12 23:05:03
1009,509,100909030,2026-09-09,100909,120,2026-09-09,30,213.76,BD,29,81,17314.56,3023.12,10095,2026-09-09,Y,2026-09-09,MOCKLOAD,2026-09-12 23:05:03
1009,509,100910001,2026-08-11,100910,120,2026-08-11,1,267.07,BD,29,23,6142.61,1072.5,10091,2026-08-16,Y,2026-08-11,MOCKLOAD,2026-09-12 23:05:03
1009,509,100910002,2026-08-12,100910,103,2026-08-12,2,174.38,BD,10,44,7672.72,1339.66,10091,2026-08-16,Y,2026-08-12,MOCKLOAD,2026-09-12 23:05:03
1009,509,100910003,2026-08-13,100910,105,2026-08-13,3,104.56,BD,17,12,1254.72,219.07,10091,2026-08-16,Y,2026-08-13,MOCKLOAD,2026-09-12 23:05:03
1009,509,100910004,2026-08-14,100910,117,2026-08-14,4,267.39,BD,25,27,7219.53,1260.53,10091,2026-08-16,Y,2026-08-14,MOCKLOAD,2026-09-12 23:05:03
1009,509,100910005,2026-08-15,100910,103,2026-08-15,5,59.75,BD,17,20,1195,208.65,10091,2026-08-16,Y,2026-08-15,MOCKLOAD,2026-09-12 23:05:03
1009,509,100910006,2026-08-16,100910,115,2026-08-16,6,95.97,BD,15,92,8829.24,1541.59,10091,2026-08-16,Y,2026-08-16,MOCKLOAD,2026-09-12 23:05:03
1009,509,100910007,2026-08-17,100910,109,2026-08-17,7,233.42,BD,21,34,7936.28,1385.67,10092,2026-08-22,Y,2026-08-17,MOCKLOAD,2026-09-12 23:05:03
1009,509,100910008,2026-08-18,100910,105,2026-08-18,8,166.48,BD,24,98,16315.04,2848.61,10092,2026-08-22,Y,2026-08-18,MOCKLOAD,2026-09-12 23:05:03
1009,509,100910009,2026-08-19,100910,106,2026-08-19,9,51.74,BD,28,6,310.44,54.2,10092,2026-08-22,Y,2026-08-19,MOCKLOAD,2026-09-12 23:05:03
1009,509,100910010,2026-08-20,100910,118,2026-08-20,10,401.6,BD,16,69,27710.4,4838.24,10092,2026-08-22,Y,2026-08-20,MOCKLOAD,2026-09-12 23:05:03
1009,509,100910011,2026-08-21,100910,120,2026-08-21,11,348.11,BD,19,28,9747.08,1701.84,10092,2026-08-22,Y,2026-08-21,MOCKLOAD,2026-09-12 23:05:03
1009,509,100910012,2026-08-22,100910,116,2026-08-22,12,65.6,BD,29,7,459.2,80.18,10092,2026-08-22,Y,2026-08-22,MOCKLOAD,2026-09-12 23:05:03
1009,509,100910013,2026-08-23,100910,113,2026-08-23,13,395.68,BD,29,69,27301.92,4766.92,10093,2026-08-28,Y,2026-08-23,MOCKLOAD,2026-09-12 23:05:03
1009,509,100910014,2026-08-24,100910,105,2026-08-24,14,394.77,BD,27,41,16185.57,2826,10093,2026-08-28,Y,2026-08-24,MOCKLOAD,2026-09-12 23:05:03
1009,509,100910015,2026-08-25,100910,111,2026-08-25,15,69.19,BD,26,26,1798.94,314.09,10093,2026-08-28,Y,2026-08-25,MOCKLOAD,2026-09-12 23:05:03
1009,509,100910016,2026-08-26,100910,103,2026-08-26,16,281.44,BD,29,95,26736.8,4668.25,10093,2026-08-28,Y,2026-08-26,MOCKLOAD,2026-09-12 23:05:03
1009,509,100910017,2026-08-27,100910,115,2026-08-27,17,210.3,BD,16,59,12407.7,2166.38,10093,2026-08-28,Y,2026-08-27,MOCKLOAD,2026-09-12 23:05:03
1009,509,100910018,2026-08-28,100910,107,2026-08-28,18,276.92,BD,22,50,13846,2417.51,10093,2026-08-28,Y,2026-08-28,MOCKLOAD,2026-09-12 23:05:03
1009,509,100910019,2026-08-29,100910,109,2026-08-29,19,10.5,BD,21,94,987,172.33,10094,2026-09-03,Y,2026-08-29,MOCKLOAD,2026-09-12 23:05:03
1009,509,100910020,2026-08-30,100910,116,2026-08-30,20,233.29,BD,13,78,18196.62,3177.13,10094,2026-09-03,Y,2026-08-30,MOCKLOAD,2026-09-12 23:05:03
1009,509,100910021,2026-08-31,100910,116,2026-08-31,21,326.1,BD,29,97,31631.7,5522.89,10094,2026-09-03,Y,2026-08-31,MOCKLOAD,2026-09-12 23:05:03
1009,509,100910022,2026-09-01,100910,118,2026-09-01,22,289.26,BD,16,17,4917.42,858.58,10094,2026-09-03,Y,2026-09-01,MOCKLOAD,2026-09-12 23:05:03
1009,509,100910023,2026-09-02,100910,114,2026-09-02,23,431.86,BD,22,97,41890.42,7314.07,10094,2026-09-03,Y,2026-09-02,MOCKLOAD,2026-09-12 23:05:03
1009,509,100910024,2026-09-03,100910,101,2026-09-03,24,174.47,BD,12,40,6978.8,1218.5,10094,2026-09-03,Y,2026-09-03,MOCKLOAD,2026-09-12 23:05:03
1009,509,100910025,2026-09-04,100910,112,2026-09-04,25,235.64,BD,14,22,5184.08,905.14,10095,2026-09-09,Y,2026-09-04,MOCKLOAD,2026-09-12 23:05:03
1009,509,100910026,2026-09-05,100910,109,2026-09-05,26,392.37,BD,10,94,36882.78,6439.73,10095,2026-09-09,Y,2026-09-05,MOCKLOAD,2026-09-12 23:05:03
1009,509,100910027,2026-09-06,100910,101,2026-09-06,27,123.68,BD,27,37,4576.16,799,10095,2026-09-09,Y,2026-09-06,MOCKLOAD,2026-09-12 23:05:03
1009,509,100910028,2026-09-07,100910,115,2026-09-07,28,200.72,BD,15,30,6021.6,1051.37,10095,2026-09-09,Y,2026-09-07,MOCKLOAD,2026-09-12 23:05:03
1009,509,100910029,2026-09-08,100910,108,2026-09-08,29,413.4,BD,20,5,2067,360.9,10095,2026-09-09,Y,2026-09-08,MOCKLOAD,2026-09-12 23:05:03
1009,509,100910030,2026-09-09,100910,114,2026-09-09,30,327.24,BD,19,30,9817.2,1714.08,10095,2026-09-09,Y,2026-09-09,MOCKLOAD,2026-09-12 23:05:03
1010,510,101001001,2026-08-11,101001,115,2026-08-11,1,139.24,OI,25,61,8493.64,1153.44,10101,2026-08-16,Y,2026-08-11,MOCKLOAD,2026-09-12 23:05:03
1010,510,101001002,2026-08-12,101001,107,2026-08-12,2,407.77,OI,15,21,8563.17,1162.88,10101,2026-08-16,Y,2026-08-12,MOCKLOAD,2026-09-12 23:05:03
1010,510,101001003,2026-08-13,101001,109,2026-08-13,3,94.18,OI,26,67,6310.06,856.91,10101,2026-08-16,Y,2026-08-13,MOCKLOAD,2026-09-12 23:05:03
1010,510,101001004,2026-08-14,101001,114,2026-08-14,4,461.82,OI,11,16,7389.12,1003.44,10101,2026-08-16,Y,2026-08-14,MOCKLOAD,2026-09-12 23:05:03
1010,510,101001005,2026-08-15,101001,118,2026-08-15,5,73.38,OI,23,42,3081.96,418.53,10101,2026-08-16,Y,2026-08-15,MOCKLOAD,2026-09-12 23:05:03
1010,510,101001006,2026-08-16,101001,101,2026-08-16,6,33.19,OI,12,13,431.47,58.59,10101,2026-08-16,Y,2026-08-16,MOCKLOAD,2026-09-12 23:05:03
1010,510,101001007,2026-08-17,101001,109,2026-08-17,7,23.24,OI,16,45,1045.8,142.02,10102,2026-08-22,Y,2026-08-17,MOCKLOAD,2026-09-12 23:05:03
1010,510,101001008,2026-08-18,101001,107,2026-08-18,8,80.74,OI,19,51,4117.74,559.19,10102,2026-08-22,Y,2026-08-18,MOCKLOAD,2026-09-12 23:05:03
1010,510,101001009,2026-08-19,101001,109,2026-08-19,9,130.12,OI,12,59,7677.08,1042.55,10102,2026-08-22,Y,2026-08-19,MOCKLOAD,2026-09-12 23:05:03
1010,510,101001010,2026-08-20,101001,102,2026-08-20,10,366.56,OI,18,89,32623.84,4430.32,10102,2026-08-22,Y,2026-08-20,MOCKLOAD,2026-09-12 23:05:03
1010,510,101001011,2026-08-21,101001,115,2026-08-21,11,321.97,OI,28,53,17064.41,2317.35,10102,2026-08-22,Y,2026-08-21,MOCKLOAD,2026-09-12 23:05:03
1010,510,101001012,2026-08-22,101001,101,2026-08-22,12,117.15,OI,23,39,4568.85,620.45,10102,2026-08-22,Y,2026-08-22,MOCKLOAD,2026-09-12 23:05:03
1010,510,101001013,2026-08-23,101001,109,2026-08-23,13,108.19,OI,23,60,6491.4,881.53,10103,2026-08-28,Y,2026-08-23,MOCKLOAD,2026-09-12 23:05:03
1010,510,101001014,2026-08-24,101001,107,2026-08-24,14,220.99,OI,16,40,8839.6,1200.42,10103,2026-08-28,Y,2026-08-24,MOCKLOAD,2026-09-12 23:05:03
1010,510,101001015,2026-08-25,101001,101,2026-08-25,15,439.35,OI,16,63,27679.05,3758.81,10103,2026-08-28,Y,2026-08-25,MOCKLOAD,2026-09-12 23:05:03
1010,510,101001016,2026-08-26,101001,108,2026-08-26,16,248.24,OI,25,54,13404.96,1820.39,10103,2026-08-28,Y,2026-08-26,MOCKLOAD,2026-09-12 23:05:03
1010,510,101001017,2026-08-27,101001,116,2026-08-27,17,368.43,OI,19,23,8473.89,1150.75,10103,2026-08-28,Y,2026-08-27,MOCKLOAD,2026-09-12 23:05:03
1010,510,101001018,2026-08-28,101001,120,2026-08-28,18,399.97,OI,25,26,10399.22,1412.21,10103,2026-08-28,Y,2026-08-28,MOCKLOAD,2026-09-12 23:05:03
1010,510,101001019,2026-08-29,101001,115,2026-08-29,19,254.49,OI,23,46,11706.54,1589.75,10104,2026-09-03,Y,2026-08-29,MOCKLOAD,2026-09-12 23:05:03
1010,510,101001020,2026-08-30,101001,111,2026-08-30,20,398.74,OI,10,10,3987.4,541.49,10104,2026-09-03,Y,2026-08-30,MOCKLOAD,2026-09-12 23:05:03
1010,510,101001021,2026-08-31,101001,102,2026-08-31,21,392.01,OI,20,8,3136.08,425.88,10104,2026-09-03,Y,2026-08-31,MOCKLOAD,2026-09-12 23:05:03
1010,510,101001022,2026-09-01,101001,116,2026-09-01,22,301.76,OI,27,40,12070.4,1639.16,10104,2026-09-03,Y,2026-09-01,MOCKLOAD,2026-09-12 23:05:03
1010,510,101001023,2026-09-02,101001,110,2026-09-02,23,411.8,OI,16,59,24296.2,3299.42,10104,2026-09-03,Y,2026-09-02,MOCKLOAD,2026-09-12 23:05:03
1010,510,101001024,2026-09-03,101001,113,2026-09-03,24,309.58,OI,19,45,13931.1,1891.84,10104,2026-09-03,Y,2026-09-03,MOCKLOAD,2026-09-12 23:05:03
1010,510,101001025,2026-09-04,101001,112,2026-09-04,25,360.95,OI,11,42,15159.9,2058.71,10105,2026-09-09,Y,2026-09-04,MOCKLOAD,2026-09-12 23:05:03
1010,510,101001026,2026-09-05,101001,113,2026-09-05,26,234.29,OI,25,40,9371.6,1272.66,10105,2026-09-09,Y,2026-09-05,MOCKLOAD,2026-09-12 23:05:03
1010,510,101001027,2026-09-06,101001,102,2026-09-06,27,222.43,OI,23,21,4671.03,634.33,10105,2026-09-09,Y,2026-09-06,MOCKLOAD,2026-09-12 23:05:03
1010,510,101001028,2026-09-07,101001,101,2026-09-07,28,321.43,OI,12,91,29250.13,3972.17,10105,2026-09-09,Y,2026-09-07,MOCKLOAD,2026-09-12 23:05:03
1010,510,101001029,2026-09-08,101001,109,2026-09-08,29,378.11,OI,11,2,756.22,102.69,10105,2026-09-09,Y,2026-09-08,MOCKLOAD,2026-09-12 23:05:03
1010,510,101001030,2026-09-09,101001,101,2026-09-09,30,173.21,OI,25,36,6235.56,846.79,10105,2026-09-09,Y,2026-09-09,MOCKLOAD,2026-09-12 23:05:03
1010,510,101002001,2026-08-11,101002,105,2026-08-11,1,170.69,OI,27,31,5291.39,718.57,10101,2026-08-16,Y,2026-08-11,MOCKLOAD,2026-09-12 23:05:03
1010,510,101002002,2026-08-12,101002,108,2026-08-12,2,117.94,OI,20,87,10260.78,1393.41,10101,2026-08-16,Y,2026-08-12,MOCKLOAD,2026-09-12 23:05:03
1010,510,101002003,2026-08-13,101002,106,2026-08-13,3,352.95,OI,20,55,19412.25,2636.18,10101,2026-08-16,Y,2026-08-13,MOCKLOAD,2026-09-12 23:05:03
1010,510,101002004,2026-08-14,101002,118,2026-08-14,4,119.6,OI,13,41,4903.6,665.91,10101,2026-08-16,Y,2026-08-14,MOCKLOAD,2026-09-12 23:05:03
1010,510,101002005,2026-08-15,101002,120,2026-08-15,5,259.3,OI,26,80,20744,2817.04,10101,2026-08-16,Y,2026-08-15,MOCKLOAD,2026-09-12 23:05:03
1010,510,101002006,2026-08-16,101002,118,2026-08-16,6,459.24,OI,25,75,34443,4677.36,10101,2026-08-16,Y,2026-08-16,MOCKLOAD,2026-09-12 23:05:03
1010,510,101002007,2026-08-17,101002,106,2026-08-17,7,78.48,OI,12,62,4865.76,660.77,10102,2026-08-22,Y,2026-08-17,MOCKLOAD,2026-09-12 23:05:03
1010,510,101002008,2026-08-18,101002,118,2026-08-18,8,421.4,OI,28,61,25705.4,3490.79,10102,2026-08-22,Y,2026-08-18,MOCKLOAD,2026-09-12 23:05:03
1010,510,101002009,2026-08-19,101002,111,2026-08-19,9,300.33,OI,12,26,7808.58,1060.41,10102,2026-08-22,Y,2026-08-19,MOCKLOAD,2026-09-12 23:05:03
1010,510,101002010,2026-08-20,101002,108,2026-08-20,10,154.45,OI,12,58,8958.1,1216.51,10102,2026-08-22,Y,2026-08-20,MOCKLOAD,2026-09-12 23:05:03
1010,510,101002011,2026-08-21,101002,105,2026-08-21,11,404.93,OI,19,89,36038.77,4894.06,10102,2026-08-22,Y,2026-08-21,MOCKLOAD,2026-09-12 23:05:03
1010,510,101002012,2026-08-22,101002,107,2026-08-22,12,265.04,OI,29,60,15902.4,2159.55,10102,2026-08-22,Y,2026-08-22,MOCKLOAD,2026-09-12 23:05:03
1010,510,101002013,2026-08-23,101002,113,2026-08-23,13,238.23,OI,29,89,21202.47,2879.3,10103,2026-08-28,Y,2026-08-23,MOCKLOAD,2026-09-12 23:05:03
1010,510,101002014,2026-08-24,101002,111,2026-08-24,14,47.1,OI,28,23,1083.3,147.11,10103,2026-08-28,Y,2026-08-24,MOCKLOAD,2026-09-12 23:05:03
1010,510,101002015,2026-08-25,101002,101,2026-08-25,15,418.48,OI,13,22,9206.56,1250.25,10103,2026-08-28,Y,2026-08-25,MOCKLOAD,2026-09-12 23:05:03
1010,510,101002016,2026-08-26,101002,104,2026-08-26,16,280.56,OI,21,57,15991.92,2171.7,10103,2026-08-28,Y,2026-08-26,MOCKLOAD,2026-09-12 23:05:03
1010,510,101002017,2026-08-27,101002,106,2026-08-27,17,356.58,OI,28,38,13550.04,1840.1,10103,2026-08-28,Y,2026-08-27,MOCKLOAD,2026-09-12 23:05:03
1010,510,101002018,2026-08-28,101002,117,2026-08-28,18,304.71,OI,29,25,7617.75,1034.49,10103,2026-08-28,Y,2026-08-28,MOCKLOAD,2026-09-12 23:05:03
1010,510,101002019,2026-08-29,101002,115,2026-08-29,19,480.94,OI,23,25,12023.5,1632.79,10104,2026-09-03,Y,2026-08-29,MOCKLOAD,2026-09-12 23:05:03
1010,510,101002020,2026-08-30,101002,103,2026-08-30,20,222.02,OI,10,81,17983.62,2442.18,10104,2026-09-03,Y,2026-08-30,MOCKLOAD,2026-09-12 23:05:03
1010,510,101002021,2026-08-31,101002,102,2026-08-31,21,74.69,OI,24,83,6199.27,841.86,10104,2026-09-03,Y,2026-08-31,MOCKLOAD,2026-09-12 23:05:03
1010,510,101002022,2026-09-01,101002,107,2026-09-01,22,310.42,OI,14,77,23902.34,3245.94,10104,2026-09-03,Y,2026-09-01,MOCKLOAD,2026-09-12 23:05:03
1010,510,101002023,2026-09-02,101002,107,2026-09-02,23,197.93,OI,15,84,16626.12,2257.83,10104,2026-09-03,Y,2026-09-02,MOCKLOAD,2026-09-12 23:05:03
1010,510,101002024,2026-09-03,101002,103,2026-09-03,24,119.88,OI,20,68,8151.84,1107.02,10104,2026-09-03,Y,2026-09-03,MOCKLOAD,2026-09-12 23:05:03
1010,510,101002025,2026-09-04,101002,101,2026-09-04,25,224.15,OI,24,88,19725.2,2678.68,10105,2026-09-09,Y,2026-09-04,MOCKLOAD,2026-09-12 23:05:03
1010,510,101002026,2026-09-05,101002,111,2026-09-05,26,80.52,OI,26,12,966.24,131.22,10105,2026-09-09,Y,2026-09-05,MOCKLOAD,2026-09-12 23:05:03
1010,510,101002027,2026-09-06,101002,117,2026-09-06,27,182.71,OI,15,48,8770.08,1190.98,10105,2026-09-09,Y,2026-09-06,MOCKLOAD,2026-09-12 23:05:03
1010,510,101002028,2026-09-07,101002,114,2026-09-07,28,399.69,OI,26,100,39969,5427.79,10105,2026-09-09,Y,2026-09-07,MOCKLOAD,2026-09-12 23:05:03
1010,510,101002029,2026-09-08,101002,112,2026-09-08,29,314.34,OI,13,98,30805.32,4183.36,10105,2026-09-09,Y,2026-09-08,MOCKLOAD,2026-09-12 23:05:03
1010,510,101002030,2026-09-09,101002,109,2026-09-09,30,150.88,OI,26,38,5733.44,778.6,10105,2026-09-09,Y,2026-09-09,MOCKLOAD,2026-09-12 23:05:03
1010,510,101003001,2026-08-11,101003,116,2026-08-11,1,349.81,OI,23,92,32182.52,4370.39,10101,2026-08-16,Y,2026-08-11,MOCKLOAD,2026-09-12 23:05:03
1010,510,101003002,2026-08-12,101003,114,2026-08-12,2,189.85,OI,24,50,9492.5,1289.08,10101,2026-08-16,Y,2026-08-12,MOCKLOAD,2026-09-12 23:05:03
1010,510,101003003,2026-08-13,101003,113,2026-08-13,3,317.63,OI,24,73,23186.99,3148.79,10101,2026-08-16,Y,2026-08-13,MOCKLOAD,2026-09-12 23:05:03
1010,510,101003004,2026-08-14,101003,101,2026-08-14,4,153.62,OI,24,59,9063.58,1230.83,10101,2026-08-16,Y,2026-08-14,MOCKLOAD,2026-09-12 23:05:03
1010,510,101003005,2026-08-15,101003,117,2026-08-15,5,79.36,OI,12,68,5396.48,732.84,10101,2026-08-16,Y,2026-08-15,MOCKLOAD,2026-09-12 23:05:03
1010,510,101003006,2026-08-16,101003,103,2026-08-16,6,343.23,OI,23,17,5834.91,792.38,10101,2026-08-16,Y,2026-08-16,MOCKLOAD,2026-09-12 23:05:03
1010,510,101003007,2026-08-17,101003,101,2026-08-17,7,86.44,OI,19,60,5186.4,704.31,10102,2026-08-22,Y,2026-08-17,MOCKLOAD,2026-09-12 23:05:03
1010,510,101003008,2026-08-18,101003,110,2026-08-18,8,185.24,OI,15,76,14078.24,1911.82,10102,2026-08-22,Y,2026-08-18,MOCKLOAD,2026-09-12 23:05:03
1010,510,101003009,2026-08-19,101003,105,2026-08-19,9,142.29,OI,26,17,2418.93,328.49,10102,2026-08-22,Y,2026-08-19,MOCKLOAD,2026-09-12 23:05:03
1010,510,101003010,2026-08-20,101003,106,2026-08-20,10,61.54,OI,19,93,5723.22,777.21,10102,2026-08-22,Y,2026-08-20,MOCKLOAD,2026-09-12 23:05:03
1010,510,101003011,2026-08-21,101003,114,2026-08-21,11,147.74,OI,29,30,4432.2,601.89,10102,2026-08-22,Y,2026-08-21,MOCKLOAD,2026-09-12 23:05:03
1010,510,101003012,2026-08-22,101003,112,2026-08-22,12,190.8,OI,20,61,11638.8,1580.55,10102,2026-08-22,Y,2026-08-22,MOCKLOAD,2026-09-12 23:05:03
1010,510,101003013,2026-08-23,101003,112,2026-08-23,13,29.91,OI,26,69,2063.79,280.26,10103,2026-08-28,Y,2026-08-23,MOCKLOAD,2026-09-12 23:05:03
1010,510,101003014,2026-08-24,101003,111,2026-08-24,14,347.36,OI,28,68,23620.48,3207.66,10103,2026-08-28,Y,2026-08-24,MOCKLOAD,2026-09-12 23:05:03
1010,510,101003015,2026-08-25,101003,118,2026-08-25,15,199.33,OI,25,51,10165.83,1380.52,10103,2026-08-28,Y,2026-08-25,MOCKLOAD,2026-09-12 23:05:03
1010,510,101003016,2026-08-26,101003,115,2026-08-26,16,90.6,OI,26,82,7429.2,1008.89,10103,2026-08-28,Y,2026-08-26,MOCKLOAD,2026-09-12 23:05:03
1010,510,101003017,2026-08-27,101003,112,2026-08-27,17,465.2,OI,15,62,28842.4,3916.8,10103,2026-08-28,Y,2026-08-27,MOCKLOAD,2026-09-12 23:05:03
1010,510,101003018,2026-08-28,101003,119,2026-08-28,18,40.17,OI,25,91,3655.47,496.41,10103,2026-08-28,Y,2026-08-28,MOCKLOAD,2026-09-12 23:05:03
1010,510,101003019,2026-08-29,101003,106,2026-08-29,19,94.53,OI,11,17,1607.01,218.23,10104,2026-09-03,Y,2026-08-29,MOCKLOAD,2026-09-12 23:05:03
1010,510,101003020,2026-08-30,101003,101,2026-08-30,20,248.26,OI,18,41,10178.66,1382.26,10104,2026-09-03,Y,2026-08-30,MOCKLOAD,2026-09-12 23:05:03
1010,510,101003021,2026-08-31,101003,119,2026-08-31,21,89.94,OI,20,10,899.4,122.14,10104,2026-09-03,Y,2026-08-31,MOCKLOAD,2026-09-12 23:05:03
1010,510,101003022,2026-09-01,101003,116,2026-09-01,22,495.17,OI,28,83,41099.11,5581.26,10104,2026-09-03,Y,2026-09-01,MOCKLOAD,2026-09-12 23:05:03
1010,510,101003023,2026-09-02,101003,113,2026-09-02,23,318.68,OI,29,76,24219.68,3289.03,10104,2026-09-03,Y,2026-09-02,MOCKLOAD,2026-09-12 23:05:03
1010,510,101003024,2026-09-03,101003,106,2026-09-03,24,224.03,OI,24,48,10753.44,1460.32,10104,2026-09-03,Y,2026-09-03,MOCKLOAD,2026-09-12 23:05:03
1010,510,101003025,2026-09-04,101003,119,2026-09-04,25,432.97,OI,15,22,9525.34,1293.54,10105,2026-09-09,Y,2026-09-04,MOCKLOAD,2026-09-12 23:05:03
1010,510,101003026,2026-09-05,101003,102,2026-09-05,26,432.42,OI,19,63,27242.46,3699.53,10105,2026-09-09,Y,2026-09-05,MOCKLOAD,2026-09-12 23:05:03
1010,510,101003027,2026-09-06,101003,114,2026-09-06,27,50.11,OI,26,77,3858.47,523.98,10105,2026-09-09,Y,2026-09-06,MOCKLOAD,2026-09-12 23:05:03
1010,510,101003028,2026-09-07,101003,106,2026-09-07,28,310.33,OI,27,77,23895.41,3245,10105,2026-09-09,Y,2026-09-07,MOCKLOAD,2026-09-12 23:05:03
1010,510,101003029,2026-09-08,101003,110,2026-09-08,29,312.15,OI,22,69,21538.35,2924.91,10105,2026-09-09,Y,2026-09-08,MOCKLOAD,2026-09-12 23:05:03
1010,510,101003030,2026-09-09,101003,115,2026-09-09,30,146.18,OI,14,35,5116.3,694.79,10105,2026-09-09,Y,2026-09-09,MOCKLOAD,2026-09-12 23:05:03
1010,510,101004001,2026-08-11,101004,118,2026-08-11,1,273.51,OI,19,94,25709.94,3491.41,10101,2026-08-16,Y,2026-08-11,MOCKLOAD,2026-09-12 23:05:03
1010,510,101004002,2026-08-12,101004,117,2026-08-12,2,333.37,OI,12,85,28336.45,3848.09,10101,2026-08-16,Y,2026-08-12,MOCKLOAD,2026-09-12 23:05:03
1010,510,101004003,2026-08-13,101004,112,2026-08-13,3,181.6,OI,25,33,5992.8,813.82,10101,2026-08-16,Y,2026-08-13,MOCKLOAD,2026-09-12 23:05:03
1010,510,101004004,2026-08-14,101004,111,2026-08-14,4,323.55,OI,17,61,19736.55,2680.22,10101,2026-08-16,Y,2026-08-14,MOCKLOAD,2026-09-12 23:05:03
1010,510,101004005,2026-08-15,101004,114,2026-08-15,5,279.73,OI,25,89,24895.97,3380.87,10101,2026-08-16,Y,2026-08-15,MOCKLOAD,2026-09-12 23:05:03
1010,510,101004006,2026-08-16,101004,104,2026-08-16,6,70.69,OI,19,2,141.38,19.2,10101,2026-08-16,Y,2026-08-16,MOCKLOAD,2026-09-12 23:05:03
1010,510,101004007,2026-08-17,101004,101,2026-08-17,7,137.03,OI,16,61,8358.83,1135.13,10102,2026-08-22,Y,2026-08-17,MOCKLOAD,2026-09-12 23:05:03
1010,510,101004008,2026-08-18,101004,114,2026-08-18,8,300.73,OI,29,7,2105.11,285.87,10102,2026-08-22,Y,2026-08-18,MOCKLOAD,2026-09-12 23:05:03
1010,510,101004009,2026-08-19,101004,107,2026-08-19,9,330.95,OI,22,59,19526.05,2651.64,10102,2026-08-22,Y,2026-08-19,MOCKLOAD,2026-09-12 23:05:03
1010,510,101004010,2026-08-20,101004,101,2026-08-20,10,121.62,OI,18,37,4499.94,611.09,10102,2026-08-22,Y,2026-08-20,MOCKLOAD,2026-09-12 23:05:03
1010,510,101004011,2026-08-21,101004,104,2026-08-21,11,266,OI,24,9,2394,325.11,10102,2026-08-22,Y,2026-08-21,MOCKLOAD,2026-09-12 23:05:03
1010,510,101004012,2026-08-22,101004,107,2026-08-22,12,64.93,OI,25,11,714.23,96.99,10102,2026-08-22,Y,2026-08-22,MOCKLOAD,2026-09-12 23:05:03
1010,510,101004013,2026-08-23,101004,102,2026-08-23,13,228.17,OI,15,32,7301.44,991.54,10103,2026-08-28,Y,2026-08-23,MOCKLOAD,2026-09-12 23:05:03
1010,510,101004014,2026-08-24,101004,106,2026-08-24,14,25.45,OI,18,69,1756.05,238.47,10103,2026-08-28,Y,2026-08-24,MOCKLOAD,2026-09-12 23:05:03
1010,510,101004015,2026-08-25,101004,109,2026-08-25,15,148.11,OI,17,83,12293.13,1669.41,10103,2026-08-28,Y,2026-08-25,MOCKLOAD,2026-09-12 23:05:03
1010,510,101004016,2026-08-26,101004,115,2026-08-26,16,65.93,OI,22,48,3164.64,429.76,10103,2026-08-28,Y,2026-08-26,MOCKLOAD,2026-09-12 23:05:03
1010,510,101004017,2026-08-27,101004,110,2026-08-27,17,314.74,OI,21,36,11330.64,1538.7,10103,2026-08-28,Y,2026-08-27,MOCKLOAD,2026-09-12 23:05:03
1010,510,101004018,2026-08-28,101004,109,2026-08-28,18,37.52,OI,22,92,3451.84,468.76,10103,2026-08-28,Y,2026-08-28,MOCKLOAD,2026-09-12 23:05:03
1010,510,101004019,2026-08-29,101004,120,2026-08-29,19,193.93,OI,23,30,5817.9,790.07,10104,2026-09-03,Y,2026-08-29,MOCKLOAD,2026-09-12 23:05:03
1010,510,101004020,2026-08-30,101004,111,2026-08-30,20,99.49,OI,28,21,2089.29,283.73,10104,2026-09-03,Y,2026-08-30,MOCKLOAD,2026-09-12 23:05:03
1010,510,101004021,2026-08-31,101004,114,2026-08-31,21,175.47,OI,14,92,16143.24,2192.25,10104,2026-09-03,Y,2026-08-31,MOCKLOAD,2026-09-12 23:05:03
1010,510,101004022,2026-09-01,101004,109,2026-09-01,22,284.66,OI,19,87,24765.42,3363.14,10104,2026-09-03,Y,2026-09-01,MOCKLOAD,2026-09-12 23:05:03
1010,510,101004023,2026-09-02,101004,114,2026-09-02,23,177.17,OI,11,8,1417.36,192.48,10104,2026-09-03,Y,2026-09-02,MOCKLOAD,2026-09-12 23:05:03
1010,510,101004024,2026-09-03,101004,119,2026-09-03,24,328.79,OI,11,5,1643.95,223.25,10104,2026-09-03,Y,2026-09-03,MOCKLOAD,2026-09-12 23:05:03
1010,510,101004025,2026-09-04,101004,104,2026-09-04,25,335.16,OI,21,65,21785.4,2958.46,10105,2026-09-09,Y,2026-09-04,MOCKLOAD,2026-09-12 23:05:03
1010,510,101004026,2026-09-05,101004,118,2026-09-05,26,62.42,OI,24,78,4868.76,661.18,10105,2026-09-09,Y,2026-09-05,MOCKLOAD,2026-09-12 23:05:03
1010,510,101004027,2026-09-06,101004,116,2026-09-06,27,92.16,OI,18,15,1382.4,187.73,10105,2026-09-09,Y,2026-09-06,MOCKLOAD,2026-09-12 23:05:03
1010,510,101004028,2026-09-07,101004,101,2026-09-07,28,424.58,OI,14,28,11888.24,1614.42,10105,2026-09-09,Y,2026-09-07,MOCKLOAD,2026-09-12 23:05:03
1010,510,101004029,2026-09-08,101004,120,2026-09-08,29,212.32,OI,22,45,9554.4,1297.49,10105,2026-09-09,Y,2026-09-08,MOCKLOAD,2026-09-12 23:05:03
1010,510,101004030,2026-09-09,101004,119,2026-09-09,30,55.63,OI,13,12,667.56,90.65,10105,2026-09-09,Y,2026-09-09,MOCKLOAD,2026-09-12 23:05:03
1010,510,101005001,2026-08-11,101005,104,2026-08-11,1,470.71,OI,15,29,13650.59,1853.75,10101,2026-08-16,Y,2026-08-11,MOCKLOAD,2026-09-12 23:05:03
1010,510,101005002,2026-08-12,101005,109,2026-08-12,2,458.27,OI,22,35,16039.45,2178.16,10101,2026-08-16,Y,2026-08-12,MOCKLOAD,2026-09-12 23:05:03
1010,510,101005003,2026-08-13,101005,109,2026-08-13,3,247.57,OI,11,89,22033.73,2992.18,10101,2026-08-16,Y,2026-08-13,MOCKLOAD,2026-09-12 23:05:03
1010,510,101005004,2026-08-14,101005,106,2026-08-14,4,333.51,OI,16,65,21678.15,2943.89,10101,2026-08-16,Y,2026-08-14,MOCKLOAD,2026-09-12 23:05:03
1010,510,101005005,2026-08-15,101005,119,2026-08-15,5,121.54,OI,27,92,11181.68,1518.47,10101,2026-08-16,Y,2026-08-15,MOCKLOAD,2026-09-12 23:05:03
1010,510,101005006,2026-08-16,101005,120,2026-08-16,6,344.17,OI,21,45,15487.65,2103.22,10101,2026-08-16,Y,2026-08-16,MOCKLOAD,2026-09-12 23:05:03
1010,510,101005007,2026-08-17,101005,117,2026-08-17,7,302.8,OI,28,11,3330.8,452.32,10102,2026-08-22,Y,2026-08-17,MOCKLOAD,2026-09-12 23:05:03
1010,510,101005008,2026-08-18,101005,112,2026-08-18,8,436.29,OI,21,39,17015.31,2310.68,10102,2026-08-22,Y,2026-08-18,MOCKLOAD,2026-09-12 23:05:03
1010,510,101005009,2026-08-19,101005,102,2026-08-19,9,281.29,OI,22,27,7594.83,1031.38,10102,2026-08-22,Y,2026-08-19,MOCKLOAD,2026-09-12 23:05:03
1010,510,101005010,2026-08-20,101005,110,2026-08-20,10,290.71,OI,27,48,13954.08,1894.96,10102,2026-08-22,Y,2026-08-20,MOCKLOAD,2026-09-12 23:05:03
1010,510,101005011,2026-08-21,101005,102,2026-08-21,11,287.39,OI,24,51,14656.89,1990.41,10102,2026-08-22,Y,2026-08-21,MOCKLOAD,2026-09-12 23:05:03
1010,510,101005012,2026-08-22,101005,102,2026-08-22,12,346.01,OI,17,88,30448.88,4134.96,10102,2026-08-22,Y,2026-08-22,MOCKLOAD,2026-09-12 23:05:03
1010,510,101005013,2026-08-23,101005,111,2026-08-23,13,91.42,OI,24,37,3382.54,459.35,10103,2026-08-28,Y,2026-08-23,MOCKLOAD,2026-09-12 23:05:03
1010,510,101005014,2026-08-24,101005,102,2026-08-24,14,309.94,OI,11,45,13947.3,1894.04,10103,2026-08-28,Y,2026-08-24,MOCKLOAD,2026-09-12 23:05:03
1010,510,101005015,2026-08-25,101005,104,2026-08-25,15,300.47,OI,19,50,15023.5,2040.19,10103,2026-08-28,Y,2026-08-25,MOCKLOAD,2026-09-12 23:05:03
1010,510,101005016,2026-08-26,101005,106,2026-08-26,16,65.27,OI,29,36,2349.72,319.09,10103,2026-08-28,Y,2026-08-26,MOCKLOAD,2026-09-12 23:05:03
1010,510,101005017,2026-08-27,101005,118,2026-08-27,17,64.63,OI,10,86,5558.18,754.8,10103,2026-08-28,Y,2026-08-27,MOCKLOAD,2026-09-12 23:05:03
1010,510,101005018,2026-08-28,101005,118,2026-08-28,18,39.56,OI,11,18,712.08,96.7,10103,2026-08-28,Y,2026-08-28,MOCKLOAD,2026-09-12 23:05:03
1010,510,101005019,2026-08-29,101005,110,2026-08-29,19,478.24,OI,25,11,5260.64,714.39,10104,2026-09-03,Y,2026-08-29,MOCKLOAD,2026-09-12 23:05:03
1010,510,101005020,2026-08-30,101005,112,2026-08-30,20,260.5,OI,18,49,12764.5,1733.42,10104,2026-09-03,Y,2026-08-30,MOCKLOAD,2026-09-12 23:05:03
1010,510,101005021,2026-08-31,101005,106,2026-08-31,21,374.47,OI,22,71,26587.37,3610.56,10104,2026-09-03,Y,2026-08-31,MOCKLOAD,2026-09-12 23:05:03
1010,510,101005022,2026-09-01,101005,108,2026-09-01,22,481.42,OI,23,61,29366.62,3987.99,10104,2026-09-03,Y,2026-09-01,MOCKLOAD,2026-09-12 23:05:03
1010,510,101005023,2026-09-02,101005,118,2026-09-02,23,191.5,OI,16,7,1340.5,182.04,10104,2026-09-03,Y,2026-09-02,MOCKLOAD,2026-09-12 23:05:03
1010,510,101005024,2026-09-03,101005,118,2026-09-03,24,236.67,OI,13,54,12780.18,1735.55,10104,2026-09-03,Y,2026-09-03,MOCKLOAD,2026-09-12 23:05:03
1010,510,101005025,2026-09-04,101005,110,2026-09-04,25,253.85,OI,17,27,6853.95,930.77,10105,2026-09-09,Y,2026-09-04,MOCKLOAD,2026-09-12 23:05:03
1010,510,101005026,2026-09-05,101005,107,2026-09-05,26,453.7,OI,16,2,907.4,123.22,10105,2026-09-09,Y,2026-09-05,MOCKLOAD,2026-09-12 23:05:03
1010,510,101005027,2026-09-06,101005,101,2026-09-06,27,367.57,OI,29,67,24627.19,3344.37,10105,2026-09-09,Y,2026-09-06,MOCKLOAD,2026-09-12 23:05:03
1010,510,101005028,2026-09-07,101005,113,2026-09-07,28,70.19,OI,28,66,4632.54,629.1,10105,2026-09-09,Y,2026-09-07,MOCKLOAD,2026-09-12 23:05:03
1010,510,101005029,2026-09-08,101005,109,2026-09-08,29,274.59,OI,23,4,1098.36,149.16,10105,2026-09-09,Y,2026-09-08,MOCKLOAD,2026-09-12 23:05:03
1010,510,101005030,2026-09-09,101005,104,2026-09-09,30,244.91,OI,26,61,14939.51,2028.79,10105,2026-09-09,Y,2026-09-09,MOCKLOAD,2026-09-12 23:05:03
1010,510,101006001,2026-08-11,101006,113,2026-08-11,1,179.95,OI,19,77,13856.15,1881.67,10101,2026-08-16,Y,2026-08-11,MOCKLOAD,2026-09-12 23:05:03
1010,510,101006002,2026-08-12,101006,114,2026-08-12,2,192.53,OI,15,34,6546.02,888.95,10101,2026-08-16,Y,2026-08-12,MOCKLOAD,2026-09-12 23:05:03
1010,510,101006003,2026-08-13,101006,101,2026-08-13,3,473.7,OI,22,24,11368.8,1543.88,10101,2026-08-16,Y,2026-08-13,MOCKLOAD,2026-09-12 23:05:03
1010,510,101006004,2026-08-14,101006,115,2026-08-14,4,160.91,OI,18,74,11907.34,1617.02,10101,2026-08-16,Y,2026-08-14,MOCKLOAD,2026-09-12 23:05:03
1010,510,101006005,2026-08-15,101006,105,2026-08-15,5,379.86,OI,29,11,4178.46,567.43,10101,2026-08-16,Y,2026-08-15,MOCKLOAD,2026-09-12 23:05:03
1010,510,101006006,2026-08-16,101006,109,2026-08-16,6,333.08,OI,14,77,25647.16,3482.88,10101,2026-08-16,Y,2026-08-16,MOCKLOAD,2026-09-12 23:05:03
1010,510,101006007,2026-08-17,101006,116,2026-08-17,7,28.44,OI,21,34,966.96,131.31,10102,2026-08-22,Y,2026-08-17,MOCKLOAD,2026-09-12 23:05:03
1010,510,101006008,2026-08-18,101006,108,2026-08-18,8,433.96,OI,29,46,19962.16,2710.86,10102,2026-08-22,Y,2026-08-18,MOCKLOAD,2026-09-12 23:05:03
1010,510,101006009,2026-08-19,101006,118,2026-08-19,9,111.72,OI,11,49,5474.28,743.41,10102,2026-08-22,Y,2026-08-19,MOCKLOAD,2026-09-12 23:05:03
1010,510,101006010,2026-08-20,101006,117,2026-08-20,10,230.62,OI,22,87,20063.94,2724.68,10102,2026-08-22,Y,2026-08-20,MOCKLOAD,2026-09-12 23:05:03
1010,510,101006011,2026-08-21,101006,111,2026-08-21,11,290.64,OI,20,100,29064,3946.89,10102,2026-08-22,Y,2026-08-21,MOCKLOAD,2026-09-12 23:05:03
1010,510,101006012,2026-08-22,101006,118,2026-08-22,12,376.59,OI,17,35,13180.65,1789.93,10102,2026-08-22,Y,2026-08-22,MOCKLOAD,2026-09-12 23:05:03
1010,510,101006013,2026-08-23,101006,113,2026-08-23,13,223.76,OI,19,28,6265.28,850.83,10103,2026-08-28,Y,2026-08-23,MOCKLOAD,2026-09-12 23:05:03
1010,510,101006014,2026-08-24,101006,113,2026-08-24,14,413.32,OI,19,46,19012.72,2581.93,10103,2026-08-28,Y,2026-08-24,MOCKLOAD,2026-09-12 23:05:03
1010,510,101006015,2026-08-25,101006,108,2026-08-25,15,341.37,OI,10,13,4437.81,602.65,10103,2026-08-28,Y,2026-08-25,MOCKLOAD,2026-09-12 23:05:03
1010,510,101006016,2026-08-26,101006,118,2026-08-26,16,493.81,OI,10,27,13332.87,1810.6,10103,2026-08-28,Y,2026-08-26,MOCKLOAD,2026-09-12 23:05:03
1010,510,101006017,2026-08-27,101006,117,2026-08-27,17,61.16,OI,28,35,2140.6,290.69,10103,2026-08-28,Y,2026-08-27,MOCKLOAD,2026-09-12 23:05:03
1010,510,101006018,2026-08-28,101006,117,2026-08-28,18,311.63,OI,28,11,3427.93,465.51,10103,2026-08-28,Y,2026-08-28,MOCKLOAD,2026-09-12 23:05:03
1010,510,101006019,2026-08-29,101006,106,2026-08-29,19,363.15,OI,22,48,17431.2,2367.16,10104,2026-09-03,Y,2026-08-29,MOCKLOAD,2026-09-12 23:05:03
1010,510,101006020,2026-08-30,101006,109,2026-08-30,20,485.8,OI,29,40,19432,2638.87,10104,2026-09-03,Y,2026-08-30,MOCKLOAD,2026-09-12 23:05:03
1010,510,101006021,2026-08-31,101006,112,2026-08-31,21,465.15,OI,29,26,12093.9,1642.35,10104,2026-09-03,Y,2026-08-31,MOCKLOAD,2026-09-12 23:05:03
1010,510,101006022,2026-09-01,101006,114,2026-09-01,22,195.41,OI,21,68,13287.88,1804.49,10104,2026-09-03,Y,2026-09-01,MOCKLOAD,2026-09-12 23:05:03
1010,510,101006023,2026-09-02,101006,107,2026-09-02,23,139.33,OI,25,42,5851.86,794.68,10104,2026-09-03,Y,2026-09-02,MOCKLOAD,2026-09-12 23:05:03
1010,510,101006024,2026-09-03,101006,116,2026-09-03,24,10.4,OI,28,44,457.6,62.14,10104,2026-09-03,Y,2026-09-03,MOCKLOAD,2026-09-12 23:05:03
1010,510,101006025,2026-09-04,101006,102,2026-09-04,25,463.42,OI,22,31,14366.02,1950.91,10105,2026-09-09,Y,2026-09-04,MOCKLOAD,2026-09-12 23:05:03
1010,510,101006026,2026-09-05,101006,117,2026-09-05,26,189.03,OI,10,8,1512.24,205.36,10105,2026-09-09,Y,2026-09-05,MOCKLOAD,2026-09-12 23:05:03
1010,510,101006027,2026-09-06,101006,114,2026-09-06,27,81.03,OI,23,47,3808.41,517.18,10105,2026-09-09,Y,2026-09-06,MOCKLOAD,2026-09-12 23:05:03
1010,510,101006028,2026-09-07,101006,111,2026-09-07,28,483.46,OI,23,2,966.92,131.31,10105,2026-09-09,Y,2026-09-07,MOCKLOAD,2026-09-12 23:05:03
1010,510,101006029,2026-09-08,101006,118,2026-09-08,29,335.58,OI,12,12,4026.96,546.86,10105,2026-09-09,Y,2026-09-08,MOCKLOAD,2026-09-12 23:05:03
1010,510,101006030,2026-09-09,101006,120,2026-09-09,30,474.4,OI,16,53,25143.2,3414.45,10105,2026-09-09,Y,2026-09-09,MOCKLOAD,2026-09-12 23:05:03
1010,510,101007001,2026-08-11,101007,101,2026-08-11,1,44.7,OI,13,43,1922.1,261.02,10101,2026-08-16,Y,2026-08-11,MOCKLOAD,2026-09-12 23:05:03
1010,510,101007002,2026-08-12,101007,114,2026-08-12,2,135.42,OI,22,65,8802.3,1195.35,10101,2026-08-16,Y,2026-08-12,MOCKLOAD,2026-09-12 23:05:03
1010,510,101007003,2026-08-13,101007,120,2026-08-13,3,291.84,OI,18,34,9922.56,1347.48,10101,2026-08-16,Y,2026-08-13,MOCKLOAD,2026-09-12 23:05:03
1010,510,101007004,2026-08-14,101007,116,2026-08-14,4,198.31,OI,12,5,991.55,134.65,10101,2026-08-16,Y,2026-08-14,MOCKLOAD,2026-09-12 23:05:03
1010,510,101007005,2026-08-15,101007,113,2026-08-15,5,84.09,OI,21,48,4036.32,548.13,10101,2026-08-16,Y,2026-08-15,MOCKLOAD,2026-09-12 23:05:03
1010,510,101007006,2026-08-16,101007,110,2026-08-16,6,384.94,OI,29,76,29255.44,3972.89,10101,2026-08-16,Y,2026-08-16,MOCKLOAD,2026-09-12 23:05:03
1010,510,101007007,2026-08-17,101007,117,2026-08-17,7,214.11,OI,14,94,20126.34,2733.16,10102,2026-08-22,Y,2026-08-17,MOCKLOAD,2026-09-12 23:05:03
1010,510,101007008,2026-08-18,101007,116,2026-08-18,8,423.29,OI,18,17,7195.93,977.21,10102,2026-08-22,Y,2026-08-18,MOCKLOAD,2026-09-12 23:05:03
1010,510,101007009,2026-08-19,101007,110,2026-08-19,9,405.14,OI,13,54,21877.56,2970.97,10102,2026-08-22,Y,2026-08-19,MOCKLOAD,2026-09-12 23:05:03
1010,510,101007010,2026-08-20,101007,108,2026-08-20,10,482.88,OI,18,37,17866.56,2426.28,10102,2026-08-22,Y,2026-08-20,MOCKLOAD,2026-09-12 23:05:03
1010,510,101007011,2026-08-21,101007,107,2026-08-21,11,191.82,OI,18,4,767.28,104.2,10102,2026-08-22,Y,2026-08-21,MOCKLOAD,2026-09-12 23:05:03
1010,510,101007012,2026-08-22,101007,117,2026-08-22,12,196.49,OI,26,93,18273.57,2481.55,10102,2026-08-22,Y,2026-08-22,MOCKLOAD,2026-09-12 23:05:03
1010,510,101007013,2026-08-23,101007,103,2026-08-23,13,454.18,OI,15,43,19529.74,2652.14,10103,2026-08-28,Y,2026-08-23,MOCKLOAD,2026-09-12 23:05:03
1010,510,101007014,2026-08-24,101007,106,2026-08-24,14,30.9,OI,20,52,1606.8,218.2,10103,2026-08-28,Y,2026-08-24,MOCKLOAD,2026-09-12 23:05:03
1010,510,101007015,2026-08-25,101007,119,2026-08-25,15,282.94,OI,13,10,2829.4,384.23,10103,2026-08-28,Y,2026-08-25,MOCKLOAD,2026-09-12 23:05:03
1010,510,101007016,2026-08-26,101007,112,2026-08-26,16,86.71,OI,26,54,4682.34,635.86,10103,2026-08-28,Y,2026-08-26,MOCKLOAD,2026-09-12 23:05:03
1010,510,101007017,2026-08-27,101007,102,2026-08-27,17,161.06,OI,18,58,9341.48,1268.57,10103,2026-08-28,Y,2026-08-27,MOCKLOAD,2026-09-12 23:05:03
1010,510,101007018,2026-08-28,101007,112,2026-08-28,18,131.7,OI,27,65,8560.5,1162.52,10103,2026-08-28,Y,2026-08-28,MOCKLOAD,2026-09-12 23:05:03
1010,510,101007019,2026-08-29,101007,116,2026-08-29,19,154.96,OI,20,56,8677.76,1178.44,10104,2026-09-03,Y,2026-08-29,MOCKLOAD,2026-09-12 23:05:03
1010,510,101007020,2026-08-30,101007,108,2026-08-30,20,292.45,OI,21,69,20179.05,2740.31,10104,2026-09-03,Y,2026-08-30,MOCKLOAD,2026-09-12 23:05:03
1010,510,101007021,2026-08-31,101007,113,2026-08-31,21,137.34,OI,17,32,4394.88,596.82,10104,2026-09-03,Y,2026-08-31,MOCKLOAD,2026-09-12 23:05:03
1010,510,101007022,2026-09-01,101007,108,2026-09-01,22,170.78,OI,29,50,8539,1159.6,10104,2026-09-03,Y,2026-09-01,MOCKLOAD,2026-09-12 23:05:03
1010,510,101007023,2026-09-02,101007,120,2026-09-02,23,86,OI,26,33,2838,385.4,10104,2026-09-03,Y,2026-09-02,MOCKLOAD,2026-09-12 23:05:03
1010,510,101007024,2026-09-03,101007,111,2026-09-03,24,358.5,OI,23,26,9321,1265.79,10104,2026-09-03,Y,2026-09-03,MOCKLOAD,2026-09-12 23:05:03
1010,510,101007025,2026-09-04,101007,112,2026-09-04,25,369.02,OI,12,45,16605.9,2255.08,10105,2026-09-09,Y,2026-09-04,MOCKLOAD,2026-09-12 23:05:03
1010,510,101007026,2026-09-05,101007,114,2026-09-05,26,245.95,OI,18,70,17216.5,2338,10105,2026-09-09,Y,2026-09-05,MOCKLOAD,2026-09-12 23:05:03
1010,510,101007027,2026-09-06,101007,107,2026-09-06,27,96.93,OI,24,1,96.93,13.16,10105,2026-09-09,Y,2026-09-06,MOCKLOAD,2026-09-12 23:05:03
1010,510,101007028,2026-09-07,101007,115,2026-09-07,28,218.23,OI,18,29,6328.67,859.43,10105,2026-09-09,Y,2026-09-07,MOCKLOAD,2026-09-12 23:05:03
1010,510,101007029,2026-09-08,101007,118,2026-09-08,29,407.96,OI,10,58,23661.68,3213.26,10105,2026-09-09,Y,2026-09-08,MOCKLOAD,2026-09-12 23:05:03
1010,510,101007030,2026-09-09,101007,117,2026-09-09,30,384.14,OI,11,14,5377.96,730.33,10105,2026-09-09,Y,2026-09-09,MOCKLOAD,2026-09-12 23:05:03
1010,510,101008001,2026-08-11,101008,110,2026-08-11,1,268.28,OI,16,42,11267.76,1530.16,10101,2026-08-16,Y,2026-08-11,MOCKLOAD,2026-09-12 23:05:03
1010,510,101008002,2026-08-12,101008,101,2026-08-12,2,298.66,OI,16,96,28671.36,3893.57,10101,2026-08-16,Y,2026-08-12,MOCKLOAD,2026-09-12 23:05:03
1010,510,101008003,2026-08-13,101008,119,2026-08-13,3,363.85,OI,23,43,15645.55,2124.67,10101,2026-08-16,Y,2026-08-13,MOCKLOAD,2026-09-12 23:05:03
1010,510,101008004,2026-08-14,101008,108,2026-08-14,4,49.7,OI,12,100,4970,674.93,10101,2026-08-16,Y,2026-08-14,MOCKLOAD,2026-09-12 23:05:03
1010,510,101008005,2026-08-15,101008,103,2026-08-15,5,97.78,OI,13,61,5964.58,809.99,10101,2026-08-16,Y,2026-08-15,MOCKLOAD,2026-09-12 23:05:03
1010,510,101008006,2026-08-16,101008,117,2026-08-16,6,291.03,OI,27,29,8439.87,1146.13,10101,2026-08-16,Y,2026-08-16,MOCKLOAD,2026-09-12 23:05:03
1010,510,101008007,2026-08-17,101008,112,2026-08-17,7,479.75,OI,21,99,47495.25,6449.85,10102,2026-08-22,Y,2026-08-17,MOCKLOAD,2026-09-12 23:05:03
1010,510,101008008,2026-08-18,101008,103,2026-08-18,8,238.36,OI,15,94,22405.84,3042.71,10102,2026-08-22,Y,2026-08-18,MOCKLOAD,2026-09-12 23:05:03
1010,510,101008009,2026-08-19,101008,113,2026-08-19,9,176.38,OI,11,27,4762.26,646.71,10102,2026-08-22,Y,2026-08-19,MOCKLOAD,2026-09-12 23:05:03
1010,510,101008010,2026-08-20,101008,104,2026-08-20,10,422.4,OI,29,64,27033.6,3671.16,10102,2026-08-22,Y,2026-08-20,MOCKLOAD,2026-09-12 23:05:03
1010,510,101008011,2026-08-21,101008,109,2026-08-21,11,111.4,OI,22,23,2562.2,347.95,10102,2026-08-22,Y,2026-08-21,MOCKLOAD,2026-09-12 23:05:03
1010,510,101008012,2026-08-22,101008,106,2026-08-22,12,341.48,OI,28,98,33465.04,4544.55,10102,2026-08-22,Y,2026-08-22,MOCKLOAD,2026-09-12 23:05:03
1010,510,101008013,2026-08-23,101008,105,2026-08-23,13,349.35,OI,24,42,14672.7,1992.55,10103,2026-08-28,Y,2026-08-23,MOCKLOAD,2026-09-12 23:05:03
1010,510,101008014,2026-08-24,101008,109,2026-08-24,14,268.5,OI,25,47,12619.5,1713.73,10103,2026-08-28,Y,2026-08-24,MOCKLOAD,2026-09-12 23:05:03
1010,510,101008015,2026-08-25,101008,118,2026-08-25,15,316.87,OI,22,14,4436.18,602.43,10103,2026-08-28,Y,2026-08-25,MOCKLOAD,2026-09-12 23:05:03
1010,510,101008016,2026-08-26,101008,106,2026-08-26,16,448.13,OI,17,52,23302.76,3164.51,10103,2026-08-28,Y,2026-08-26,MOCKLOAD,2026-09-12 23:05:03
1010,510,101008017,2026-08-27,101008,109,2026-08-27,17,175.55,OI,16,42,7373.1,1001.27,10103,2026-08-28,Y,2026-08-27,MOCKLOAD,2026-09-12 23:05:03
1010,510,101008018,2026-08-28,101008,112,2026-08-28,18,49.12,OI,14,13,638.56,86.72,10103,2026-08-28,Y,2026-08-28,MOCKLOAD,2026-09-12 23:05:03
1010,510,101008019,2026-08-29,101008,102,2026-08-29,19,265.14,OI,14,28,7423.92,1008.17,10104,2026-09-03,Y,2026-08-29,MOCKLOAD,2026-09-12 23:05:03
1010,510,101008020,2026-08-30,101008,109,2026-08-30,20,86.09,OI,25,82,7059.38,958.66,10104,2026-09-03,Y,2026-08-30,MOCKLOAD,2026-09-12 23:05:03
1010,510,101008021,2026-08-31,101008,113,2026-08-31,21,244.86,OI,19,77,18854.22,2560.4,10104,2026-09-03,Y,2026-08-31,MOCKLOAD,2026-09-12 23:05:03
1010,510,101008022,2026-09-01,101008,101,2026-09-01,22,353.6,OI,10,63,22276.8,3025.19,10104,2026-09-03,Y,2026-09-01,MOCKLOAD,2026-09-12 23:05:03
1010,510,101008023,2026-09-02,101008,102,2026-09-02,23,291.63,OI,12,79,23038.77,3128.66,10104,2026-09-03,Y,2026-09-02,MOCKLOAD,2026-09-12 23:05:03
1010,510,101008024,2026-09-03,101008,120,2026-09-03,24,165.83,OI,20,9,1492.47,202.68,10104,2026-09-03,Y,2026-09-03,MOCKLOAD,2026-09-12 23:05:03
1010,510,101008025,2026-09-04,101008,111,2026-09-04,25,255.96,OI,13,46,11774.16,1598.93,10105,2026-09-09,Y,2026-09-04,MOCKLOAD,2026-09-12 23:05:03
1010,510,101008026,2026-09-05,101008,119,2026-09-05,26,145.71,OI,26,23,3351.33,455.11,10105,2026-09-09,Y,2026-09-05,MOCKLOAD,2026-09-12 23:05:03
1010,510,101008027,2026-09-06,101008,114,2026-09-06,27,348.39,OI,26,4,1393.56,189.25,10105,2026-09-09,Y,2026-09-06,MOCKLOAD,2026-09-12 23:05:03
1010,510,101008028,2026-09-07,101008,116,2026-09-07,28,490.03,OI,19,11,5390.33,732.01,10105,2026-09-09,Y,2026-09-07,MOCKLOAD,2026-09-12 23:05:03
1010,510,101008029,2026-09-08,101008,107,2026-09-08,29,444.9,OI,23,84,37371.6,5075.06,10105,2026-09-09,Y,2026-09-08,MOCKLOAD,2026-09-12 23:05:03
1010,510,101008030,2026-09-09,101008,114,2026-09-09,30,344.71,OI,20,31,10686.01,1451.16,10105,2026-09-09,Y,2026-09-09,MOCKLOAD,2026-09-12 23:05:03
1010,510,101009001,2026-08-11,101009,101,2026-08-11,1,230.84,OI,10,38,8771.92,1191.23,10101,2026-08-16,Y,2026-08-11,MOCKLOAD,2026-09-12 23:05:03
1010,510,101009002,2026-08-12,101009,112,2026-08-12,2,279.02,OI,28,56,15625.12,2121.89,10101,2026-08-16,Y,2026-08-12,MOCKLOAD,2026-09-12 23:05:03
1010,510,101009003,2026-08-13,101009,120,2026-08-13,3,66.84,OI,15,21,1403.64,190.61,10101,2026-08-16,Y,2026-08-13,MOCKLOAD,2026-09-12 23:05:03
1010,510,101009004,2026-08-14,101009,117,2026-08-14,4,256.38,OI,25,13,3332.94,452.61,10101,2026-08-16,Y,2026-08-14,MOCKLOAD,2026-09-12 23:05:03
1010,510,101009005,2026-08-15,101009,107,2026-08-15,5,380.13,OI,16,82,31170.66,4232.98,10101,2026-08-16,Y,2026-08-15,MOCKLOAD,2026-09-12 23:05:03
1010,510,101009006,2026-08-16,101009,101,2026-08-16,6,185.94,OI,20,64,11900.16,1616.04,10101,2026-08-16,Y,2026-08-16,MOCKLOAD,2026-09-12 23:05:03
1010,510,101009007,2026-08-17,101009,109,2026-08-17,7,6.46,OI,28,43,277.78,37.72,10102,2026-08-22,Y,2026-08-17,MOCKLOAD,2026-09-12 23:05:03
1010,510,101009008,2026-08-18,101009,114,2026-08-18,8,181.23,OI,11,82,14860.86,2018.1,10102,2026-08-22,Y,2026-08-18,MOCKLOAD,2026-09-12 23:05:03
1010,510,101009009,2026-08-19,101009,114,2026-08-19,9,408.4,OI,22,67,27362.8,3715.87,10102,2026-08-22,Y,2026-08-19,MOCKLOAD,2026-09-12 23:05:03
1010,510,101009010,2026-08-20,101009,106,2026-08-20,10,332.36,OI,22,35,11632.6,1579.71,10102,2026-08-22,Y,2026-08-20,MOCKLOAD,2026-09-12 23:05:03
1010,510,101009011,2026-08-21,101009,106,2026-08-21,11,494.17,OI,11,78,38545.26,5234.45,10102,2026-08-22,Y,2026-08-21,MOCKLOAD,2026-09-12 23:05:03
1010,510,101009012,2026-08-22,101009,119,2026-08-22,12,29.81,OI,16,84,2504.04,340.05,10102,2026-08-22,Y,2026-08-22,MOCKLOAD,2026-09-12 23:05:03
1010,510,101009013,2026-08-23,101009,106,2026-08-23,13,449.49,OI,24,27,12136.23,1648.1,10103,2026-08-28,Y,2026-08-23,MOCKLOAD,2026-09-12 23:05:03
1010,510,101009014,2026-08-24,101009,115,2026-08-24,14,246.31,OI,12,89,21921.59,2976.95,10103,2026-08-28,Y,2026-08-24,MOCKLOAD,2026-09-12 23:05:03
1010,510,101009015,2026-08-25,101009,108,2026-08-25,15,220.9,OI,19,1,220.9,30,10103,2026-08-28,Y,2026-08-25,MOCKLOAD,2026-09-12 23:05:03
1010,510,101009016,2026-08-26,101009,111,2026-08-26,16,223.96,OI,10,71,15901.16,2159.38,10103,2026-08-28,Y,2026-08-26,MOCKLOAD,2026-09-12 23:05:03
1010,510,101009017,2026-08-27,101009,114,2026-08-27,17,163.44,OI,24,27,4412.88,599.27,10103,2026-08-28,Y,2026-08-27,MOCKLOAD,2026-09-12 23:05:03
1010,510,101009018,2026-08-28,101009,113,2026-08-28,18,439.17,OI,28,55,24154.35,3280.16,10103,2026-08-28,Y,2026-08-28,MOCKLOAD,2026-09-12 23:05:03
1010,510,101009019,2026-08-29,101009,110,2026-08-29,19,105.38,OI,13,34,3582.92,486.56,10104,2026-09-03,Y,2026-08-29,MOCKLOAD,2026-09-12 23:05:03
1010,510,101009020,2026-08-30,101009,117,2026-08-30,20,226.6,OI,10,92,20847.2,2831.05,10104,2026-09-03,Y,2026-08-30,MOCKLOAD,2026-09-12 23:05:03
1010,510,101009021,2026-08-31,101009,106,2026-08-31,21,451.59,OI,29,67,30256.53,4108.84,10104,2026-09-03,Y,2026-08-31,MOCKLOAD,2026-09-12 23:05:03
1010,510,101009022,2026-09-01,101009,111,2026-09-01,22,334.12,OI,28,1,334.12,45.37,10104,2026-09-03,Y,2026-09-01,MOCKLOAD,2026-09-12 23:05:03
1010,510,101009023,2026-09-02,101009,119,2026-09-02,23,368.21,OI,20,47,17305.87,2350.14,10104,2026-09-03,Y,2026-09-02,MOCKLOAD,2026-09-12 23:05:03
1010,510,101009024,2026-09-03,101009,120,2026-09-03,24,99.86,OI,19,2,199.72,27.12,10104,2026-09-03,Y,2026-09-03,MOCKLOAD,2026-09-12 23:05:03
1010,510,101009025,2026-09-04,101009,112,2026-09-04,25,128.27,OI,23,93,11929.11,1619.97,10105,2026-09-09,Y,2026-09-04,MOCKLOAD,2026-09-12 23:05:03
1010,510,101009026,2026-09-05,101009,102,2026-09-05,26,468.54,OI,18,40,18741.6,2545.11,10105,2026-09-09,Y,2026-09-05,MOCKLOAD,2026-09-12 23:05:03
1010,510,101009027,2026-09-06,101009,112,2026-09-06,27,454.01,OI,29,73,33142.73,4500.78,10105,2026-09-09,Y,2026-09-06,MOCKLOAD,2026-09-12 23:05:03
1010,510,101009028,2026-09-07,101009,104,2026-09-07,28,483.91,OI,22,16,7742.56,1051.44,10105,2026-09-09,Y,2026-09-07,MOCKLOAD,2026-09-12 23:05:03
1010,510,101009029,2026-09-08,101009,108,2026-09-08,29,274.78,OI,17,50,13739,1865.76,10105,2026-09-09,Y,2026-09-08,MOCKLOAD,2026-09-12 23:05:03
1010,510,101009030,2026-09-09,101009,114,2026-09-09,30,82.64,OI,21,64,5288.96,718.24,10105,2026-09-09,Y,2026-09-09,MOCKLOAD,2026-09-12 23:05:03
1010,510,101010001,2026-08-11,101010,112,2026-08-11,1,77.84,OI,24,57,4436.88,602.53,10101,2026-08-16,Y,2026-08-11,MOCKLOAD,2026-09-12 23:05:03
1010,510,101010002,2026-08-12,101010,105,2026-08-12,2,113.51,OI,22,4,454.04,61.66,10101,2026-08-16,Y,2026-08-12,MOCKLOAD,2026-09-12 23:05:03
1010,510,101010003,2026-08-13,101010,104,2026-08-13,3,334.07,OI,28,11,3674.77,499.03,10101,2026-08-16,Y,2026-08-13,MOCKLOAD,2026-09-12 23:05:03
1010,510,101010004,2026-08-14,101010,110,2026-08-14,4,61.08,OI,29,86,5252.88,713.34,10101,2026-08-16,Y,2026-08-14,MOCKLOAD,2026-09-12 23:05:03
1010,510,101010005,2026-08-15,101010,112,2026-08-15,5,375.3,OI,12,75,28147.5,3822.43,10101,2026-08-16,Y,2026-08-15,MOCKLOAD,2026-09-12 23:05:03
1010,510,101010006,2026-08-16,101010,101,2026-08-16,6,264.59,OI,23,11,2910.49,395.24,10101,2026-08-16,Y,2026-08-16,MOCKLOAD,2026-09-12 23:05:03
1010,510,101010007,2026-08-17,101010,110,2026-08-17,7,341.8,OI,24,63,21533.4,2924.24,10102,2026-08-22,Y,2026-08-17,MOCKLOAD,2026-09-12 23:05:03
1010,510,101010008,2026-08-18,101010,106,2026-08-18,8,135.8,OI,23,2,271.6,36.88,10102,2026-08-22,Y,2026-08-18,MOCKLOAD,2026-09-12 23:05:03
1010,510,101010009,2026-08-19,101010,107,2026-08-19,9,305.35,OI,19,40,12214,1658.66,10102,2026-08-22,Y,2026-08-19,MOCKLOAD,2026-09-12 23:05:03
1010,510,101010010,2026-08-20,101010,110,2026-08-20,10,27.66,OI,19,43,1189.38,161.52,10102,2026-08-22,Y,2026-08-20,MOCKLOAD,2026-09-12 23:05:03
1010,510,101010011,2026-08-21,101010,103,2026-08-21,11,164.38,OI,22,93,15287.34,2076.02,10102,2026-08-22,Y,2026-08-21,MOCKLOAD,2026-09-12 23:05:03
1010,510,101010012,2026-08-22,101010,105,2026-08-22,12,434.91,OI,16,85,36967.35,5020.17,10102,2026-08-22,Y,2026-08-22,MOCKLOAD,2026-09-12 23:05:03
1010,510,101010013,2026-08-23,101010,112,2026-08-23,13,336.15,OI,29,57,19160.55,2602,10103,2026-08-28,Y,2026-08-23,MOCKLOAD,2026-09-12 23:05:03
1010,510,101010014,2026-08-24,101010,102,2026-08-24,14,285.32,OI,29,79,22540.28,3060.97,10103,2026-08-28,Y,2026-08-24,MOCKLOAD,2026-09-12 23:05:03
1010,510,101010015,2026-08-25,101010,114,2026-08-25,15,319.03,OI,19,49,15632.47,2122.89,10103,2026-08-28,Y,2026-08-25,MOCKLOAD,2026-09-12 23:05:03
1010,510,101010016,2026-08-26,101010,114,2026-08-26,16,118.99,OI,22,11,1308.89,177.75,10103,2026-08-28,Y,2026-08-26,MOCKLOAD,2026-09-12 23:05:03
1010,510,101010017,2026-08-27,101010,116,2026-08-27,17,427.57,OI,28,55,23516.35,3193.52,10103,2026-08-28,Y,2026-08-27,MOCKLOAD,2026-09-12 23:05:03
1010,510,101010018,2026-08-28,101010,114,2026-08-28,18,44.89,OI,23,9,404.01,54.86,10103,2026-08-28,Y,2026-08-28,MOCKLOAD,2026-09-12 23:05:03
1010,510,101010019,2026-08-29,101010,103,2026-08-29,19,429.34,OI,19,71,30483.14,4139.61,10104,2026-09-03,Y,2026-08-29,MOCKLOAD,2026-09-12 23:05:03
1010,510,101010020,2026-08-30,101010,120,2026-08-30,20,68.45,OI,19,63,4312.35,585.62,10104,2026-09-03,Y,2026-08-30,MOCKLOAD,2026-09-12 23:05:03
1010,510,101010021,2026-08-31,101010,112,2026-08-31,21,290.38,OI,22,20,5807.6,788.67,10104,2026-09-03,Y,2026-08-31,MOCKLOAD,2026-09-12 23:05:03
1010,510,101010022,2026-09-01,101010,113,2026-09-01,22,134.24,OI,10,70,9396.8,1276.09,10104,2026-09-03,Y,2026-09-01,MOCKLOAD,2026-09-12 23:05:03
1010,510,101010023,2026-09-02,101010,115,2026-09-02,23,124.21,OI,16,30,3726.3,506.03,10104,2026-09-03,Y,2026-09-02,MOCKLOAD,2026-09-12 23:05:03
1010,510,101010024,2026-09-03,101010,102,2026-09-03,24,387.52,OI,10,49,18988.48,2578.64,10104,2026-09-03,Y,2026-09-03,MOCKLOAD,2026-09-12 23:05:03
1010,510,101010025,2026-09-04,101010,103,2026-09-04,25,463.16,OI,23,97,44926.52,6101.02,10105,2026-09-09,Y,2026-09-04,MOCKLOAD,2026-09-12 23:05:03
1010,510,101010026,2026-09-05,101010,106,2026-09-05,26,273.68,OI,13,96,26273.28,3567.91,10105,2026-09-09,Y,2026-09-05,MOCKLOAD,2026-09-12 23:05:03
1010,510,101010027,2026-09-06,101010,104,2026-09-06,27,227.1,OI,14,74,16805.4,2282.17,10105,2026-09-09,Y,2026-09-06,MOCKLOAD,2026-09-12 23:05:03
1010,510,101010028,2026-09-07,101010,104,2026-09-07,28,76,OI,14,42,3192,433.47,10105,2026-09-09,Y,2026-09-07,MOCKLOAD,2026-09-12 23:05:03
1010,510,101010029,2026-09-08,101010,118,2026-09-08,29,335.97,OI,18,39,13102.83,1779.36,10105,2026-09-09,Y,2026-09-08,MOCKLOAD,2026-09-12 23:05:03
1010,510,101010030,2026-09-09,101010,119,2026-09-09,30,418.89,OI,28,5,2094.45,284.43,10105,2026-09-09,Y,2026-09-09,MOCKLOAD,2026-09-12 23:05:03
