SAP_Journal_document_nbr,SAP_Journal_credit_store,SAP_Journal_debit_store,SAP_journal_date,Transaction_Date,SAP_Journal_amount,SAP_Journal_credit_amt,SAP_Journal_debit_amt,SAP_journal_credit_account,SAP_journal_debit_amount,Transaction_Timestamp
15c42d84fa0345f6a063,111,501,2026-08-11,2026-08-11,7900.65,7900.65,7900.65,,,2026-09-12 23:05:03
9b204397402440bc88a7,104,501,2026-08-12,2026-08-12,7702.02,7702.02,7702.02,,,2026-09-12 23:05:03
d1774343e3934d71b171,105,501,2026-08-13,2026-08-13,2820.76,2820.76,2820.76,,,2026-09-12 23:05:03
351a73c684b5467d8336,103,501,2026-08-14,2026-08-14,4024.97,4024.97,4024.97,,,2026-09-12 23:05:03
0b2fa1096b5a47aba9e0,114,501,2026-08-15,2026-08-15,7723.48,7723.48,7723.48,,,2026-09-12 23:05:03
8343c44be50a4c6d92d8,112,501,2026-08-16,2026-08-16,2763.58,2763.58,2763.58,,,2026-09-12 23:05:03
a81a1201288e45dd9a42,101,501,2026-08-17,2026-08-17,1448.5,1448.5,1448.5,,,2026-09-12 23:05:03
f251fcc1b3e04e4f9b79,114,501,2026-08-18,2026-08-18,892.3,892.3,892.3,,,2026-09-12 23:05:03
7cb44279ab8f4f47a51d,115,501,2026-08-19,2026-08-19,291.16,291.16,291.16,,,2026-09-12 23:05:03
03c11de0fd1d42618487,119,501,2026-08-20,2026-08-20,36.77,36.77,36.77,,,2026-09-12 23:05:03
57bcdf7e62c24045b20a,119,501,2026-08-21,2026-08-21,1150.11,1150.11,1150.11,,,2026-09-12 23:05:03
b0bd901408474ec68a83,102,501,2026-08-22,2026-08-22,3159.12,3159.12,3159.12,,,2026-09-12 23:05:03
66f19eb40b6d43858b72,116,501,2026-08-23,2026-08-23,486.87,486.87,486.87,,,2026-09-12 23:05:03
05fd8240bb5e429487d6,120,501,2026-08-24,2026-08-24,3253.38,3253.38,3253.38,,,2026-09-12 23:05:03
3899482b251645149496,116,501,2026-08-25,2026-08-25,910.35,910.35,910.35,,,2026-09-12 23:05:03
e8625bb011f0464cbcc0,104,501,2026-08-26,2026-08-26,3404.86,3404.86,3404.86,,,2026-09-12 23:05:03
15abdf4f2b6d439ca82c,104,501,2026-08-27,2026-08-27,3178.06,3178.06,3178.06,,,2026-09-12 23:05:03
0f90e9a7375f476cadc1,116,501,2026-08-28,2026-08-28,2567.12,2567.12,2567.12,,,2026-09-12 23:05:03
1189f3cb39324154b873,109,501,2026-08-29,2026-08-29,2400.78,2400.78,2400.78,,,2026-09-12 23:05:03
8028c80179c646bea745,101,501,2026-08-30,2026-08-30,5083.82,5083.82,5083.82,,,2026-09-12 23:05:03
af5dd771f932450a9706,119,501,2026-08-31,2026-08-31,2009.16,2009.16,2009.16,,,2026-09-12 23:05:03
f310d233a3a9436f992f,119,501,2026-09-01,2026-09-01,2190.74,2190.74,2190.74,,,2026-09-12 23:05:03
4d30d0fb5f7e4531bb01,109,501,2026-09-02,2026-09-02,8899.83,8899.83,8899.83,,,2026-09-12 23:05:03
9d2cfd6239b2488e9f83,110,501,2026-09-03,2026-09-03,256.08,256.08,256.08,,,2026-09-12 23:05:03
55400eb711674f76ab26,117,501,2026-09-04,2026-09-04,1517.31,1517.31,1517.31,,,2026-09-12 23:05:03
f453cdefdb654c8b9f6c,117,501,2026-09-05,2026-09-05,4733.98,4733.98,4733.98,,,2026-09-12 23:05:03
a087d18e88764754b4ea,103,501,2026-09-06,2026-09-06,4156.13,4156.13,4156.13,,,2026-09-12 23:05:03
784efa0542934289860b,113,501,2026-09-07,2026-09-07,2683.54,2683.54,2683.54,,,2026-09-12 23:05:03
b7bb1e8c79dd43de873e,101,501,2026-09-08,2026-09-08,2525.68,2525.68,2525.68,,,2026-09-12 23:05:03
9978892a34f9400db5c8,113,501,2026-09-09,2026-09-09,5605.76,5605.76,5605.76,,,2026-09-12 23:05:03
4d1955cec42a43c7a396,110,501,2026-08-11,2026-08-11,887.08,887.08,887.08,,,2026-09-12 23:05:03
eeb680ff7a3945beb0a4,109,501,2026-08-12,2026-08-12,723.36,723.36,723.36,,,2026-09-12 23:05:03
3f97f2c836224f8a8d82,115,501,2026-08-13,2026-08-13,3811.89,3811.89,3811.89,,,2026-09-12 23:05:03
bc288bd333754992ad15,107,501,2026-08-14,2026-08-14,646.96,646.96,646.96,,,2026-09-12 23:05:03
39f883de96d148c3817e,120,501,2026-08-15,2026-08-15,1504.75,1504.75,1504.75,,,2026-09-12 23:05:03
2e247a162f4b4c7180ac,107,501,2026-08-16,2026-08-16,3740.39,3740.39,3740.39,,,2026-09-12 23:05:03
ff4b248f3d8c4ba088c0,105,501,2026-08-17,2026-08-17,3504.34,3504.34,3504.34,,,2026-09-12 23:05:03
43080559fe574913afdb,107,501,2026-08-18,2026-08-18,1265.01,1265.01,1265.01,,,2026-09-12 23:05:03
131fc889471f4dc28c3d,103,501,2026-08-19,2026-08-19,72.39,72.39,72.39,,,2026-09-12 23:05:03
e412c0b42bc0489d8914,109,501,2026-08-20,2026-08-20,1046.96,1046.96,1046.96,,,2026-09-12 23:05:03
a17f08eccc3d488bb7ed,104,501,2026-08-21,2026-08-21,592.44,592.44,592.44,,,2026-09-12 23:05:03
8ac2babcbec5465ea1d9,116,501,2026-08-22,2026-08-22,1274.8,1274.8,1274.8,,,2026-09-12 23:05:03
0fec4a771219480ab9f0,101,501,2026-08-23,2026-08-23,1941.54,1941.54,1941.54,,,2026-09-12 23:05:03
215f5b8f07e94eb0b219,120,501,2026-08-24,2026-08-24,4707.92,4707.92,4707.92,,,2026-09-12 23:05:03
75fc5bb940a14cd6bb8e,105,501,2026-08-25,2026-08-25,1859.83,1859.83,1859.83,,,2026-09-12 23:05:03
5d2328f366e1412fa193,108,501,2026-08-26,2026-08-26,3546.6,3546.6,3546.6,,,2026-09-12 23:05:03
61f00092de43431e8cf9,105,501,2026-08-27,2026-08-27,4106.94,4106.94,4106.94,,,2026-09-12 23:05:03
1d02717385e647f18e07,116,501,2026-08-28,2026-08-28,1881.75,1881.75,1881.75,,,2026-09-12 23:05:03
46e288db187742578a1d,118,501,2026-08-29,2026-08-29,2118.41,2118.41,2118.41,,,2026-09-12 23:05:03
72eb213a0b4b44a09c53,114,501,2026-08-30,2026-08-30,13.41,13.41,13.41,,,2026-09-12 23:05:03
6a85193bd90542eea0c3,102,501,2026-08-31,2026-08-31,758.27,758.27,758.27,,,2026-09-12 23:05:03
8a1a8f1fc2c44c9dac78,112,501,2026-09-01,2026-09-01,8257.83,8257.83,8257.83,,,2026-09-12 23:05:03
f4eafbfe04dc48fcb889,113,501,2026-09-02,2026-09-02,4031.27,4031.27,4031.27,,,2026-09-12 23:05:03
e9e3ca64dd214f94a747,106,501,2026-09-03,2026-09-03,478.96,478.96,478.96,,,2026-09-12 23:05:03
ddd9bf3390f34047982d,104,501,2026-09-04,2026-09-04,2803.96,2803.96,2803.96,,,2026-09-12 23:05:03
9c3ef59a9cee47d1a2b5,104,501,2026-09-05,2026-09-05,904.79,904.79,904.79,,,2026-09-12 23:05:03
61e4ebbd0e6b46ab8058,109,501,2026-09-06,2026-09-06,1563.91,1563.91,1563.91,,,2026-09-12 23:05:03
cd12f62b55254dcabbf6,115,501,2026-09-07,2026-09-07,1299.64,1299.64,1299.64,,,2026-09-12 23:05:03
e4fd45fcf46b4057af54,109,501,2026-09-08,2026-09-08,30.2,30.2,30.2,,,2026-09-12 23:05:03
0c03e5a578c9453c9940,104,501,2026-09-09,2026-09-09,180.17,180.17,180.17,,,2026-09-12 23:05:03
b3b467111bfc43e298af,120,501,2026-08-11,2026-08-11,2503.68,2503.68,2503.68,,,2026-09-12 23:05:03
52b4319763df448e9037,109,501,2026-08-12,2026-08-12,3111.68,3111.68,3111.68,,,2026-09-12 23:05:03
ded181ab46d94be9ad70,113,501,2026-08-13,2026-08-13,1871.17,1871.17,1871.17,,,2026-09-12 23:05:03
ac11e5ddddfc4515b104,110,501,2026-08-14,2026-08-14,6249.86,6249.86,6249.86,,,2026-09-12 23:05:03
09a29d17aaea4865afda,120,501,2026-08-15,2026-08-15,7183.45,7183.45,7183.45,,,2026-09-12 23:05:03
757db11d05eb4d13a6b8,103,501,2026-08-16,2026-08-16,2224.12,2224.12,2224.12,,,2026-09-12 23:05:03
d7de5c08cab745d2a41d,105,501,2026-08-17,2026-08-17,7989.73,7989.73,7989.73,,,2026-09-12 23:05:03
77a58fe2c25f4e6f9df6,118,501,2026-08-18,2026-08-18,137.05,137.05,137.05,,,2026-09-12 23:05:03
2387764d75d940d496ab,110,501,2026-08-19,2026-08-19,800.36,800.36,800.36,,,2026-09-12 23:05:03
ef0497cb98854d218a72,118,501,2026-08-20,2026-08-20,793.79,793.79,793.79,,,2026-09-12 23:05:03
33a61726b1714e77bfa4,112,501,2026-08-21,2026-08-21,2414.56,2414.56,2414.56,,,2026-09-12 23:05:03
1896a095aeeb4079b091,105,501,2026-08-22,2026-08-22,4089.38,4089.38,4089.38,,,2026-09-12 23:05:03
3c2cb9e283ba4d05a2b1,102,501,2026-08-23,2026-08-23,1017.47,1017.47,1017.47,,,2026-09-12 23:05:03
bc8271f1c5674f82bfb0,110,501,2026-08-24,2026-08-24,1621.87,1621.87,1621.87,,,2026-09-12 23:05:03
c925337ace55473db4d6,103,501,2026-08-25,2026-08-25,5475.69,5475.69,5475.69,,,2026-09-12 23:05:03
af89385052be4461990c,102,501,2026-08-26,2026-08-26,2750.37,2750.37,2750.37,,,2026-09-12 23:05:03
b8f688b572a246e0b60b,108,501,2026-08-27,2026-08-27,3683.11,3683.11,3683.11,,,2026-09-12 23:05:03
d74e1165b77c4ab790f2,103,501,2026-08-28,2026-08-28,504.24,504.24,504.24,,,2026-09-12 23:05:03
7eb9fd1d6f4a4aa595a3,108,501,2026-08-29,2026-08-29,1443.8,1443.8,1443.8,,,2026-09-12 23:05:03
7ed71bc0713f488786e9,114,501,2026-08-30,2026-08-30,3172.7,3172.7,3172.7,,,2026-09-12 23:05:03
06c4fbabd6d04900bd68,106,501,2026-08-31,2026-08-31,19.67,19.67,19.67,,,2026-09-12 23:05:03
0d3d0416d2fc4882a1d7,120,501,2026-09-01,2026-09-01,5506.99,5506.99,5506.99,,,2026-09-12 23:05:03
72c3ccdeb03f4261a1b4,105,501,2026-09-02,2026-09-02,1339.07,1339.07,1339.07,,,2026-09-12 23:05:03
3e7e3315bb1e4eca9bde,113,501,2026-09-03,2026-09-03,4763.5,4763.5,4763.5,,,2026-09-12 23:05:03
0a6413119ddd4f30a5b5,113,501,2026-09-04,2026-09-04,2103.94,2103.94,2103.94,,,2026-09-12 23:05:03
3fd07fc56c344dcb9727,112,501,2026-09-05,2026-09-05,10366.25,10366.25,10366.25,,,2026-09-12 23:05:03
b960a77acf7c492fb82a,108,501,2026-09-06,2026-09-06,3273.04,3273.04,3273.04,,,2026-09-12 23:05:03
0ea2755bc6e847abb9e4,120,501,2026-09-07,2026-09-07,5186.9,5186.9,5186.9,,,2026-09-12 23:05:03
bc57621009284f66a906,115,501,2026-09-08,2026-09-08,2023.5,2023.5,2023.5,,,2026-09-12 23:05:03
634cb311598e4fafbe69,112,501,2026-09-09,2026-09-09,8484.98,8484.98,8484.98,,,2026-09-12 23:05:03
265273dd4c69496b8d6e,110,501,2026-08-11,2026-08-11,17.96,17.96,17.96,,,2026-09-12 23:05:03
9a65da6a93c8444291d9,116,501,2026-08-12,2026-08-12,7431.08,7431.08,7431.08,,,2026-09-12 23:05:03
5e804e0cdfbb44868ce3,116,501,2026-08-13,2026-08-13,440.15,440.15,440.15,,,2026-09-12 23:05:03
f1384628a2aa40fa814b,118,501,2026-08-14,2026-08-14,1320.56,1320.56,1320.56,,,2026-09-12 23:05:03
8e7e0d0ee1204741bd9c,102,501,2026-08-15,2026-08-15,540.66,540.66,540.66,,,2026-09-12 23:05:03
dc11d9d88f154918971d,120,501,2026-08-16,2026-08-16,862.61,862.61,862.61,,,2026-09-12 23:05:03
856019a3660b4101a6cf,109,501,2026-08-17,2026-08-17,1131.46,1131.46,1131.46,,,2026-09-12 23:05:03
cce818f624334789ba5d,109,501,2026-08-18,2026-08-18,721.04,721.04,721.04,,,2026-09-12 23:05:03
725ef729bd07459fb3e0,118,501,2026-08-19,2026-08-19,6339.69,6339.69,6339.69,,,2026-09-12 23:05:03
7a732fa050f04b159b4c,108,501,2026-08-20,2026-08-20,2397.93,2397.93,2397.93,,,2026-09-12 23:05:03
67caa923b7fc4a0f90e3,110,501,2026-08-21,2026-08-21,9877.06,9877.06,9877.06,,,2026-09-12 23:05:03
8954074ee45a4595b720,120,501,2026-08-22,2026-08-22,6527.17,6527.17,6527.17,,,2026-09-12 23:05:03
56edc52dd2594aa09fb5,102,501,2026-08-23,2026-08-23,6663.26,6663.26,6663.26,,,2026-09-12 23:05:03
32a1833044ea4cc4a75c,115,501,2026-08-24,2026-08-24,2398.45,2398.45,2398.45,,,2026-09-12 23:05:03
f37bb7cf74d54d1080b9,103,501,2026-08-25,2026-08-25,10782.82,10782.82,10782.82,,,2026-09-12 23:05:03
1b6a8f05d3684dd88eb1,103,501,2026-08-26,2026-08-26,508.54,508.54,508.54,,,2026-09-12 23:05:03
8386d611058c407397c0,107,501,2026-08-27,2026-08-27,1993.25,1993.25,1993.25,,,2026-09-12 23:05:03
85b406679d734f2786c4,120,501,2026-08-28,2026-08-28,1175.17,1175.17,1175.17,,,2026-09-12 23:05:03
517d7290f85d40208baf,101,501,2026-08-29,2026-08-29,541.77,541.77,541.77,,,2026-09-12 23:05:03
347b2bf2ca894f8da347,120,501,2026-08-30,2026-08-30,658.03,658.03,658.03,,,2026-09-12 23:05:03
78b560739d8d4edfbd14,117,501,2026-08-31,2026-08-31,1553.9,1553.9,1553.9,,,2026-09-12 23:05:03
25ee87ea318840be9a39,109,501,2026-09-01,2026-09-01,1920.69,1920.69,1920.69,,,2026-09-12 23:05:03
0824f5ae6c5a4f2a80db,108,501,2026-09-02,2026-09-02,467.62,467.62,467.62,,,2026-09-12 23:05:03
ff01bd54e39147ff90b4,112,501,2026-09-03,2026-09-03,607.04,607.04,607.04,,,2026-09-12 23:05:03
96eee8fca00a4cc2b65a,108,501,2026-09-04,2026-09-04,797.79,797.79,797.79,,,2026-09-12 23:05:03
69683d1e7e4c44a3abfa,117,501,2026-09-05,2026-09-05,3854.89,3854.89,3854.89,,,2026-09-12 23:05:03
90aea61f38864ea09c93,115,501,2026-09-06,2026-09-06,4065.98,4065.98,4065.98,,,2026-09-12 23:05:03
4884b1f7808e4288b165,105,501,2026-09-07,2026-09-07,2380.62,2380.62,2380.62,,,2026-09-12 23:05:03
1124c8dd6e7e4c229988,110,501,2026-09-08,2026-09-08,5635.88,5635.88,5635.88,,,2026-09-12 23:05:03
137a4a9ed6314fcd8c93,117,501,2026-09-09,2026-09-09,1954.12,1954.12,1954.12,,,2026-09-12 23:05:03
cf61d0d8bc094267bb6d,109,501,2026-08-11,2026-08-11,2239.92,2239.92,2239.92,,,2026-09-12 23:05:03
d174b96d8a8b4ab08560,105,501,2026-08-12,2026-08-12,4329.1,4329.1,4329.1,,,2026-09-12 23:05:03
3014e6249614451ebb37,114,501,2026-08-13,2026-08-13,4027.31,4027.31,4027.31,,,2026-09-12 23:05:03
9dcdc82081674c12831e,102,501,2026-08-14,2026-08-14,427.86,427.86,427.86,,,2026-09-12 23:05:03
5b4553e6d0f14fbcb3ca,109,501,2026-08-15,2026-08-15,3887.18,3887.18,3887.18,,,2026-09-12 23:05:03
199b0ebb2b564923bcd8,113,501,2026-08-16,2026-08-16,2587.96,2587.96,2587.96,,,2026-09-12 23:05:03
d27e416ca9184ec78357,113,501,2026-08-17,2026-08-17,2121.94,2121.94,2121.94,,,2026-09-12 23:05:03
a576dfea5fa64754b174,110,501,2026-08-18,2026-08-18,1729.18,1729.18,1729.18,,,2026-09-12 23:05:03
f90f88b61433425b84b2,112,501,2026-08-19,2026-08-19,1318.82,1318.82,1318.82,,,2026-09-12 23:05:03
7cbfeabd4de44ea98b9c,107,501,2026-08-20,2026-08-20,60.03,60.03,60.03,,,2026-09-12 23:05:03
7aa983ac44f84543808f,107,501,2026-08-21,2026-08-21,2709.97,2709.97,2709.97,,,2026-09-12 23:05:03
1724307694fc48fa9a53,115,501,2026-08-22,2026-08-22,628.79,628.79,628.79,,,2026-09-12 23:05:03
79f5e0c94404407787b2,102,501,2026-08-23,2026-08-23,1067.93,1067.93,1067.93,,,2026-09-12 23:05:03
6420d8f2d9c7403baf67,117,501,2026-08-24,2026-08-24,384.49,384.49,384.49,,,2026-09-12 23:05:03
f34a06b8157548c496c9,105,501,2026-08-25,2026-08-25,9694.79,9694.79,9694.79,,,2026-09-12 23:05:03
7a1709b1a2644b759bb2,115,501,2026-08-26,2026-08-26,5563.56,5563.56,5563.56,,,2026-09-12 23:05:03
a07dccb0c67b4f6aae91,114,501,2026-08-27,2026-08-27,4094.7,4094.7,4094.7,,,2026-09-12 23:05:03
bbfda3f4688549e782de,108,501,2026-08-28,2026-08-28,2039.86,2039.86,2039.86,,,2026-09-12 23:05:03
5296df3e5bc44e4fb095,109,501,2026-08-29,2026-08-29,2796.03,2796.03,2796.03,,,2026-09-12 23:05:03
c953ac8808a1480c8e57,119,501,2026-08-30,2026-08-30,7341.5,7341.5,7341.5,,,2026-09-12 23:05:03
7a6365eae35b4073ac68,102,501,2026-08-31,2026-08-31,8144.64,8144.64,8144.64,,,2026-09-12 23:05:03
5153a3d2bc6e4b3bb844,119,501,2026-09-01,2026-09-01,663.84,663.84,663.84,,,2026-09-12 23:05:03
b6e77b9393f24c549407,103,501,2026-09-02,2026-09-02,5052.77,5052.77,5052.77,,,2026-09-12 23:05:03
9f9afd1bb49d4e1fb8cc,112,501,2026-09-03,2026-09-03,2633.05,2633.05,2633.05,,,2026-09-12 23:05:03
25dc65aa2b334286ba86,117,501,2026-09-04,2026-09-04,2682.33,2682.33,2682.33,,,2026-09-12 23:05:03
b5e23baaf9e542ceb4d3,101,501,2026-09-05,2026-09-05,130.61,130.61,130.61,,,2026-09-12 23:05:03
3a6595d01c9a46318b27,107,501,2026-09-06,2026-09-06,5758.88,5758.88,5758.88,,,2026-09-12 23:05:03
cd87e624393240d5949f,102,501,2026-09-07,2026-09-07,10054.58,10054.58,10054.58,,,2026-09-12 23:05:03
3af3101eb7e341dcb904,120,501,2026-09-08,2026-09-08,944.4,944.4,944.4,,,2026-09-12 23:05:03
7f7c312857f442ffbc9d,103,501,2026-09-09,2026-09-09,586.25,586.25,586.25,,,2026-09-12 23:05:03
697eeee63ed14aa5a1be,114,501,2026-08-11,2026-08-11,6203.66,6203.66,6203.66,,,2026-09-12 23:05:03
dd8ef6630244443091f7,105,501,2026-08-12,2026-08-12,3078.22,3078.22,3078.22,,,2026-09-12 23:05:03
9c5f9f5a87af4e838765,107,501,2026-08-13,2026-08-13,2883.5,2883.5,2883.5,,,2026-09-12 23:05:03
1b97755e2ea34df1baa6,103,501,2026-08-14,2026-08-14,3082.66,3082.66,3082.66,,,2026-09-12 23:05:03
12b9311324b64b05b3a6,104,501,2026-08-15,2026-08-15,2835.09,2835.09,2835.09,,,2026-09-12 23:05:03
515fd3b25ef142bab750,112,501,2026-08-16,2026-08-16,632.39,632.39,632.39,,,2026-09-12 23:05:03
26faf233e5f44857a9fc,120,501,2026-08-17,2026-08-17,236.82,236.82,236.82,,,2026-09-12 23:05:03
1946388897444ee4acdf,107,501,2026-08-18,2026-08-18,522.38,522.38,522.38,,,2026-09-12 23:05:03
c9ee06b69b9049e88c90,107,501,2026-08-19,2026-08-19,1316.43,1316.43,1316.43,,,2026-09-12 23:05:03
785593ecd8854f86afe2,107,501,2026-08-20,2026-08-20,8027.82,8027.82,8027.82,,,2026-09-12 23:05:03
62f89e1f01c24a8bb027,110,501,2026-08-21,2026-08-21,1404.28,1404.28,1404.28,,,2026-09-12 23:05:03
114505f78ac643068b47,113,501,2026-08-22,2026-08-22,2521.32,2521.32,2521.32,,,2026-09-12 23:05:03
e50c990824a146b4859d,118,501,2026-08-23,2026-08-23,5163.75,5163.75,5163.75,,,2026-09-12 23:05:03
50c9cc160e614f2ea0f7,103,501,2026-08-24,2026-08-24,3317.1,3317.1,3317.1,,,2026-09-12 23:05:03
d9a2407992e14e0c8e7e,101,501,2026-08-25,2026-08-25,1183.41,1183.41,1183.41,,,2026-09-12 23:05:03
c87a238d93124a17a254,104,501,2026-08-26,2026-08-26,5409.5,5409.5,5409.5,,,2026-09-12 23:05:03
4bf9e8fdc5224c44b51e,113,501,2026-08-27,2026-08-27,2918.61,2918.61,2918.61,,,2026-09-12 23:05:03
979f82f42593457b822c,111,501,2026-08-28,2026-08-28,1593.5,1593.5,1593.5,,,2026-09-12 23:05:03
fecaec76b31c4c48bd30,117,501,2026-08-29,2026-08-29,1351.31,1351.31,1351.31,,,2026-09-12 23:05:03
9c486930c9cf42e3b3a4,107,501,2026-08-30,2026-08-30,688.46,688.46,688.46,,,2026-09-12 23:05:03
05829e322f924a78996c,106,501,2026-08-31,2026-08-31,117.99,117.99,117.99,,,2026-09-12 23:05:03
b8cecb4484cf4dfb8bd2,120,501,2026-09-01,2026-09-01,5923.7,5923.7,5923.7,,,2026-09-12 23:05:03
750dc418ccac45a6ab6e,110,501,2026-09-02,2026-09-02,1870.75,1870.75,1870.75,,,2026-09-12 23:05:03
0286f1e05a1546918f9b,105,501,2026-09-03,2026-09-03,2664.45,2664.45,2664.45,,,2026-09-12 23:05:03
53f283565de9420493fc,101,501,2026-09-04,2026-09-04,4011.94,4011.94,4011.94,,,2026-09-12 23:05:03
37b416b6b8f4436da912,110,501,2026-09-05,2026-09-05,4595.78,4595.78,4595.78,,,2026-09-12 23:05:03
7cec2fba53df4a62b126,120,501,2026-09-06,2026-09-06,1010.13,1010.13,1010.13,,,2026-09-12 23:05:03
4cc32685e7744e11b353,120,501,2026-09-07,2026-09-07,6206.72,6206.72,6206.72,,,2026-09-12 23:05:03
8f8430c759e84c51b556,111,501,2026-09-08,2026-09-08,214.6,214.6,214.6,,,2026-09-12 23:05:03
46e6e42b798e4d3eb503,108,501,2026-09-09,2026-09-09,804.3,804.3,804.3,,,2026-09-12 23:05:03
7ff05c5b713e4adead6d,104,501,2026-08-11,2026-08-11,8595.01,8595.01,8595.01,,,2026-09-12 23:05:03
1f7e096ad7604f44b9ee,117,501,2026-08-12,2026-08-12,5449.99,5449.99,5449.99,,,2026-09-12 23:05:03
be9e93747a8047dabd82,116,501,2026-08-13,2026-08-13,7037.75,7037.75,7037.75,,,2026-09-12 23:05:03
2690635626a74811900d,110,501,2026-08-14,2026-08-14,1734.83,1734.83,1734.83,,,2026-09-12 23:05:03
3ba1884fda284dd5a1f1,110,501,2026-08-15,2026-08-15,3286.28,3286.28,3286.28,,,2026-09-12 23:05:03
706a3c2ddb2943c7b627,116,501,2026-08-16,2026-08-16,392.79,392.79,392.79,,,2026-09-12 23:05:03
056ebdc2ede54daf8233,102,501,2026-08-17,2026-08-17,2292.28,2292.28,2292.28,,,2026-09-12 23:05:03
1ef59064c13d4ddd943c,102,501,2026-08-18,2026-08-18,9972.05,9972.05,9972.05,,,2026-09-12 23:05:03
293c51f6edcc4fc69d32,104,501,2026-08-19,2026-08-19,657.33,657.33,657.33,,,2026-09-12 23:05:03
8c11b9e025e945358eda,118,501,2026-08-20,2026-08-20,551.67,551.67,551.67,,,2026-09-12 23:05:03
497416f68c1645c7a43a,113,501,2026-08-21,2026-08-21,71.5,71.5,71.5,,,2026-09-12 23:05:03
c47c640db0c14e8c9d90,103,501,2026-08-22,2026-08-22,2683.65,2683.65,2683.65,,,2026-09-12 23:05:03
59c3e8fb08184697b19f,103,501,2026-08-23,2026-08-23,947.88,947.88,947.88,,,2026-09-12 23:05:03
347f94e1e5a944eb8d4b,107,501,2026-08-24,2026-08-24,929.28,929.28,929.28,,,2026-09-12 23:05:03
822bb5fbb26445e297d3,110,501,2026-08-25,2026-08-25,9136.09,9136.09,9136.09,,,2026-09-12 23:05:03
d0507b07c7444c5880bd,115,501,2026-08-26,2026-08-26,2963.65,2963.65,2963.65,,,2026-09-12 23:05:03
bdca189b9a824e7488cb,119,501,2026-08-27,2026-08-27,556.27,556.27,556.27,,,2026-09-12 23:05:03
1e709bf3d83c45b381fe,115,501,2026-08-28,2026-08-28,1307.12,1307.12,1307.12,,,2026-09-12 23:05:03
551b2d313e9f4d04ab05,117,501,2026-08-29,2026-08-29,675.8,675.8,675.8,,,2026-09-12 23:05:03
8fe5844250da45c09470,109,501,2026-08-30,2026-08-30,344.07,344.07,344.07,,,2026-09-12 23:05:03
09b9c1db1d6046ffa50c,103,501,2026-08-31,2026-08-31,1093.06,1093.06,1093.06,,,2026-09-12 23:05:03
c1b9ac8dd4a548a9b81a,117,501,2026-09-01,2026-09-01,137.12,137.12,137.12,,,2026-09-12 23:05:03
a6d4510b660d4a58bf2b,101,501,2026-09-02,2026-09-02,1655.9,1655.9,1655.9,,,2026-09-12 23:05:03
cc30a1b7da3641dfbf14,112,501,2026-09-03,2026-09-03,2384.76,2384.76,2384.76,,,2026-09-12 23:05:03
8a27859fd8f14498a380,111,501,2026-09-04,2026-09-04,425.46,425.46,425.46,,,2026-09-12 23:05:03
bd44b6f224264b65a9c6,115,501,2026-09-05,2026-09-05,4213.15,4213.15,4213.15,,,2026-09-12 23:05:03
597f46d4249943a5add3,106,501,2026-09-06,2026-09-06,3064.28,3064.28,3064.28,,,2026-09-12 23:05:03
0f1324e4f5ef48009744,102,501,2026-09-07,2026-09-07,664.63,664.63,664.63,,,2026-09-12 23:05:03
e53528044faa4115870f,117,501,2026-09-08,2026-09-08,4063.71,4063.71,4063.71,,,2026-09-12 23:05:03
a90086da69fd4dcda36a,117,501,2026-09-09,2026-09-09,111.12,111.12,111.12,,,2026-09-12 23:05:03
e31d9079207148e7b3bd,120,501,2026-08-11,2026-08-11,495.18,495.18,495.18,,,2026-09-12 23:05:03
635434c5dbec40ab8ba4,103,501,2026-08-12,2026-08-12,1903.02,1903.02,1903.02,,,2026-09-12 23:05:03
f60c9f80cf6f44299022,115,501,2026-08-13,2026-08-13,711.47,711.47,711.47,,,2026-09-12 23:05:03
24972df1e7cd4147809a,119,501,2026-08-14,2026-08-14,129.33,129.33,129.33,,,2026-09-12 23:05:03
0d6a226904bb4518828f,115,501,2026-08-15,2026-08-15,5249.39,5249.39,5249.39,,,2026-09-12 23:05:03
f9f611d3952349608ca8,104,501,2026-08-16,2026-08-16,3574.33,3574.33,3574.33,,,2026-09-12 23:05:03
06284e6f9dae41138441,105,501,2026-08-17,2026-08-17,828.16,828.16,828.16,,,2026-09-12 23:05:03
e661c3174e83440b95c3,110,501,2026-08-18,2026-08-18,1115.69,1115.69,1115.69,,,2026-09-12 23:05:03
ca66f13792874d549aae,112,501,2026-08-19,2026-08-19,3213.62,3213.62,3213.62,,,2026-09-12 23:05:03
ebd4c1e4f9a34e2b832a,116,501,2026-08-20,2026-08-20,1168.03,1168.03,1168.03,,,2026-09-12 23:05:03
9b63f75c2dcb454d800c,105,501,2026-08-21,2026-08-21,1616.78,1616.78,1616.78,,,2026-09-12 23:05:03
7c9483d30f574ff5aa0e,119,501,2026-08-22,2026-08-22,732.67,732.67,732.67,,,2026-09-12 23:05:03
11cd4d8d59d048b8a04d,106,501,2026-08-23,2026-08-23,6723.56,6723.56,6723.56,,,2026-09-12 23:05:03
f6194469aaf8494c99de,106,501,2026-08-24,2026-08-24,1133.91,1133.91,1133.91,,,2026-09-12 23:05:03
c481ce0ee4bb44699904,101,501,2026-08-25,2026-08-25,235.77,235.77,235.77,,,2026-09-12 23:05:03
88949ebbcd2f4de2a844,103,501,2026-08-26,2026-08-26,8914.6,8914.6,8914.6,,,2026-09-12 23:05:03
0f393d1f1cd54f2e8139,118,501,2026-08-27,2026-08-27,173.48,173.48,173.48,,,2026-09-12 23:05:03
cc05d72926004e51a8ce,110,501,2026-08-28,2026-08-28,4140.54,4140.54,4140.54,,,2026-09-12 23:05:03
71648d8565f04883b3a8,114,501,2026-08-29,2026-08-29,5210.3,5210.3,5210.3,,,2026-09-12 23:05:03
15b4cb9921a241d3b7ef,110,501,2026-08-30,2026-08-30,663.81,663.81,663.81,,,2026-09-12 23:05:03
ea3f6e6cb6e44fc78ed1,109,501,2026-08-31,2026-08-31,2804.35,2804.35,2804.35,,,2026-09-12 23:05:03
41317f8b01d840d1b549,108,501,2026-09-01,2026-09-01,3604.01,3604.01,3604.01,,,2026-09-12 23:05:03
6989bb018a8544e28919,109,501,2026-09-02,2026-09-02,999.04,999.04,999.04,,,2026-09-12 23:05:03
f66b7312b2ea44e6bf57,106,501,2026-09-03,2026-09-03,2096.99,2096.99,2096.99,,,2026-09-12 23:05:03
d5f3fe618df944e493d2,115,501,2026-09-04,2026-09-04,5343.02,5343.02,5343.02,,,2026-09-12 23:05:03
cc302a99f77d40ee91c0,120,501,2026-09-05,2026-09-05,3667.13,3667.13,3667.13,,,2026-09-12 23:05:03
2c106fdec5664545a90c,111,501,2026-09-06,2026-09-06,4926.8,4926.8,4926.8,,,2026-09-12 23:05:03
3b4442b6f03040829482,108,501,2026-09-07,2026-09-07,236.85,236.85,236.85,,,2026-09-12 23:05:03
3ccf55f1a53f4857a978,118,501,2026-09-08,2026-09-08,975.24,975.24,975.24,,,2026-09-12 23:05:03
f38ca64fbcfd47e9ade0,103,501,2026-09-09,2026-09-09,1676.38,1676.38,1676.38,,,2026-09-12 23:05:03
62e3f09ba8e942d7994b,105,501,2026-08-11,2026-08-11,1377.69,1377.69,1377.69,,,2026-09-12 23:05:03
3c4903a04a244bd08797,120,501,2026-08-12,2026-08-12,1857.57,1857.57,1857.57,,,2026-09-12 23:05:03
0149b3939e504f26b17b,110,501,2026-08-13,2026-08-13,2845.61,2845.61,2845.61,,,2026-09-12 23:05:03
ff7cff90f73d45688e22,116,501,2026-08-14,2026-08-14,1905.99,1905.99,1905.99,,,2026-09-12 23:05:03
11bbc527899746909592,104,501,2026-08-15,2026-08-15,591.22,591.22,591.22,,,2026-09-12 23:05:03
e3b3549b4c8a4e2aadf5,110,501,2026-08-16,2026-08-16,8971.59,8971.59,8971.59,,,2026-09-12 23:05:03
8cb4702d12d842c797a8,112,501,2026-08-17,2026-08-17,3700.73,3700.73,3700.73,,,2026-09-12 23:05:03
788e2cd856d6443e808d,119,501,2026-08-18,2026-08-18,1530.63,1530.63,1530.63,,,2026-09-12 23:05:03
b845b405bbca4183aade,120,501,2026-08-19,2026-08-19,136.06,136.06,136.06,,,2026-09-12 23:05:03
4e4dc4790d304ffa93eb,117,501,2026-08-20,2026-08-20,3073.5,3073.5,3073.5,,,2026-09-12 23:05:03
2e0f9698409b4daa8650,110,501,2026-08-21,2026-08-21,1494.58,1494.58,1494.58,,,2026-09-12 23:05:03
8781db36846e4a5bb08b,118,501,2026-08-22,2026-08-22,4507.62,4507.62,4507.62,,,2026-09-12 23:05:03
657b7f74e43d4896b852,120,501,2026-08-23,2026-08-23,966.82,966.82,966.82,,,2026-09-12 23:05:03
409795a869484b02af7c,113,501,2026-08-24,2026-08-24,190.43,190.43,190.43,,,2026-09-12 23:05:03
6564e194db2f42e0aea8,109,501,2026-08-25,2026-08-25,443.43,443.43,443.43,,,2026-09-12 23:05:03
ee58e98747814bc5a825,116,501,2026-08-26,2026-08-26,10987.75,10987.75,10987.75,,,2026-09-12 23:05:03
0bb6fecf5b2a4d9d8a1d,118,501,2026-08-27,2026-08-27,1467.45,1467.45,1467.45,,,2026-09-12 23:05:03
c750d44d4a314dea9007,101,501,2026-08-28,2026-08-28,3076.15,3076.15,3076.15,,,2026-09-12 23:05:03
2c691a2a21c4477ea07d,105,501,2026-08-29,2026-08-29,7928.82,7928.82,7928.82,,,2026-09-12 23:05:03
08251dd124774efc89b7,109,501,2026-08-30,2026-08-30,9620.02,9620.02,9620.02,,,2026-09-12 23:05:03
3568ab76c3e343df94e6,111,501,2026-08-31,2026-08-31,346.79,346.79,346.79,,,2026-09-12 23:05:03
c1c0d1ad02714101a3ad,119,501,2026-09-01,2026-09-01,545.48,545.48,545.48,,,2026-09-12 23:05:03
f86ad5fea0df4899a2a6,112,501,2026-09-02,2026-09-02,402.83,402.83,402.83,,,2026-09-12 23:05:03
728e9859e7d847568692,105,501,2026-09-03,2026-09-03,576.04,576.04,576.04,,,2026-09-12 23:05:03
fd08f22a06e24bf1837a,103,501,2026-09-04,2026-09-04,2394.11,2394.11,2394.11,,,2026-09-12 23:05:03
ec34b0eb9350490087df,111,501,2026-09-05,2026-09-05,10219.78,10219.78,10219.78,,,2026-09-12 23:05:03
6bde4662f1b64e2280c8,119,501,2026-09-06,2026-09-06,5990.96,5990.96,5990.96,,,2026-09-12 23:05:03
2bf1909951b14cd89f2f,114,501,2026-09-07,2026-09-07,2009.51,2009.51,2009.51,,,2026-09-12 23:05:03
240ec9f487704bc6b0f5,114,501,2026-09-08,2026-09-08,938.94,938.94,938.94,,,2026-09-12 23:05:03
6290e6d35ed4418788af,117,501,2026-09-09,2026-09-09,1037.77,1037.77,1037.77,,,2026-09-12 23:05:03
a0d45701b8754d09ac39,110,501,2026-08-11,2026-08-11,3331.32,3331.32,3331.32,,,2026-09-12 23:05:03
5291f8b4395945b0911b,106,501,2026-08-12,2026-08-12,263.29,263.29,263.29,,,2026-09-12 23:05:03
767e33eb1603453cb100,103,501,2026-08-13,2026-08-13,4299.05,4299.05,4299.05,,,2026-09-12 23:05:03
a7a47cb33e9b4a87ade1,101,501,2026-08-14,2026-08-14,4311.67,4311.67,4311.67,,,2026-09-12 23:05:03
b2959f8c68304e06a3fb,105,501,2026-08-15,2026-08-15,256.38,256.38,256.38,,,2026-09-12 23:05:03
cfef37e97c4945c3af48,101,501,2026-08-16,2026-08-16,4153.2,4153.2,4153.2,,,2026-09-12 23:05:03
78caff7203fb4660942d,112,501,2026-08-17,2026-08-17,628.18,628.18,628.18,,,2026-09-12 23:05:03
7cddf7025592455a8de5,108,501,2026-08-18,2026-08-18,2678.39,2678.39,2678.39,,,2026-09-12 23:05:03
e87f746d1faf4972a781,102,501,2026-08-19,2026-08-19,9510.24,9510.24,9510.24,,,2026-09-12 23:05:03
9d86e92eb67c4a8f85c3,102,501,2026-08-20,2026-08-20,1053.05,1053.05,1053.05,,,2026-09-12 23:05:03
8ef79ce0270c479dadc9,102,501,2026-08-21,2026-08-21,3921.77,3921.77,3921.77,,,2026-09-12 23:05:03
f5ede53c56414f59bbd5,103,501,2026-08-22,2026-08-22,5261.22,5261.22,5261.22,,,2026-09-12 23:05:03
c02df1f99ab4493d90ae,107,501,2026-08-23,2026-08-23,666.93,666.93,666.93,,,2026-09-12 23:05:03
a479cd666a704f9ba1ef,113,501,2026-08-24,2026-08-24,492.48,492.48,492.48,,,2026-09-12 23:05:03
c133c3d5abe64e3c83f8,117,501,2026-08-25,2026-08-25,2267.56,2267.56,2267.56,,,2026-09-12 23:05:03
c4216badc7e94087b419,110,501,2026-08-26,2026-08-26,7617.6,7617.6,7617.6,,,2026-09-12 23:05:03
18d61f4d5760491c8c87,118,501,2026-08-27,2026-08-27,1887.24,1887.24,1887.24,,,2026-09-12 23:05:03
10e3076c4c2e41f7bba7,102,501,2026-08-28,2026-08-28,7583.89,7583.89,7583.89,,,2026-09-12 23:05:03
ae80de2b4dbe4671b0b8,101,501,2026-08-29,2026-08-29,537.44,537.44,537.44,,,2026-09-12 23:05:03
89f74e76ed3940278cbf,106,501,2026-08-30,2026-08-30,2746.66,2746.66,2746.66,,,2026-09-12 23:05:03
d27af37f5dff473990c6,117,501,2026-08-31,2026-08-31,2242.96,2242.96,2242.96,,,2026-09-12 23:05:03
5a9624adec8e493d9e29,115,501,2026-09-01,2026-09-01,5699.5,5699.5,5699.5,,,2026-09-12 23:05:03
98ff2dae2f4a4ff9bc79,107,501,2026-09-02,2026-09-02,635.61,635.61,635.61,,,2026-09-12 23:05:03
e771658eba7b47cbb028,112,501,2026-09-03,2026-09-03,37.87,37.87,37.87,,,2026-09-12 23:05:03
6b3078133ea04c32984a,118,501,2026-09-04,2026-09-04,5279.32,5279.32,5279.32,,,2026-09-12 23:05:03
026d42c9627d43b796a9,114,501,2026-09-05,2026-09-05,1757.87,1757.87,1757.87,,,2026-09-12 23:05:03
3bb28792ffa84d14b60d,109,501,2026-09-06,2026-09-06,1190.4,1190.4,1190.4,,,2026-09-12 23:05:03
7e99046d2a6c4bb6b44b,101,501,2026-09-07,2026-09-07,4016.81,4016.81,4016.81,,,2026-09-12 23:05:03
f8809e4b1e814bdf8707,111,501,2026-09-08,2026-09-08,6256.54,6256.54,6256.54,,,2026-09-12 23:05:03
bd5bca2582eb42d5bec1,111,501,2026-09-09,2026-09-09,2696.39,2696.39,2696.39,,,2026-09-12 23:05:03
ac7e47a9a05b4a52b112,102,502,2026-08-11,2026-08-11,7489.93,7489.93,7489.93,,,2026-09-12 23:05:03
190f37cdc7d4445381ad,114,502,2026-08-12,2026-08-12,2073.15,2073.15,2073.15,,,2026-09-12 23:05:03
3f4e482480d04e97b2b0,117,502,2026-08-13,2026-08-13,509.58,509.58,509.58,,,2026-09-12 23:05:03
f00cdfbffa5140cabfaf,107,502,2026-08-14,2026-08-14,1413.85,1413.85,1413.85,,,2026-09-12 23:05:03
6c255e75c3a542929726,107,502,2026-08-15,2026-08-15,3201.78,3201.78,3201.78,,,2026-09-12 23:05:03
bb43e89cb11d459c9f86,108,502,2026-08-16,2026-08-16,821.06,821.06,821.06,,,2026-09-12 23:05:03
aa46084cfc8f4abb82a8,118,502,2026-08-17,2026-08-17,1021.33,1021.33,1021.33,,,2026-09-12 23:05:03
92e80a6fdaf246f49812,120,502,2026-08-18,2026-08-18,1324.2,1324.2,1324.2,,,2026-09-12 23:05:03
f9e69b7709a34d7c866c,101,502,2026-08-19,2026-08-19,2789.74,2789.74,2789.74,,,2026-09-12 23:05:03
ae7affde82b64b629299,106,502,2026-08-20,2026-08-20,1912.36,1912.36,1912.36,,,2026-09-12 23:05:03
b89378c9e9924e3e9fb7,110,502,2026-08-21,2026-08-21,577.49,577.49,577.49,,,2026-09-12 23:05:03
ce36ba811087459abb12,119,502,2026-08-22,2026-08-22,2195.86,2195.86,2195.86,,,2026-09-12 23:05:03
ca4f14ddab434a4d90a5,116,502,2026-08-23,2026-08-23,3499.33,3499.33,3499.33,,,2026-09-12 23:05:03
0a6b974ab35e420685ea,112,502,2026-08-24,2026-08-24,358.02,358.02,358.02,,,2026-09-12 23:05:03
8f658ffdda6a4755b42f,120,502,2026-08-25,2026-08-25,3434.53,3434.53,3434.53,,,2026-09-12 23:05:03
7e25742ea6284ba19b2e,109,502,2026-08-26,2026-08-26,4122.73,4122.73,4122.73,,,2026-09-12 23:05:03
4baf8f26bc734bbdb63d,104,502,2026-08-27,2026-08-27,3269.06,3269.06,3269.06,,,2026-09-12 23:05:03
c9dd159d8d0e47089072,115,502,2026-08-28,2026-08-28,1758.37,1758.37,1758.37,,,2026-09-12 23:05:03
036380b91ec247dc96fc,115,502,2026-08-29,2026-08-29,1786.2,1786.2,1786.2,,,2026-09-12 23:05:03
3a3c006bc3784a22b712,104,502,2026-08-30,2026-08-30,4301.75,4301.75,4301.75,,,2026-09-12 23:05:03
76907b698e134b82bc99,107,502,2026-08-31,2026-08-31,2181.13,2181.13,2181.13,,,2026-09-12 23:05:03
e8714f366e694b16bee3,118,502,2026-09-01,2026-09-01,876.41,876.41,876.41,,,2026-09-12 23:05:03
fd7c22666553418cb351,120,502,2026-09-02,2026-09-02,4965.21,4965.21,4965.21,,,2026-09-12 23:05:03
ecd3ffd65e5947edbd7e,109,502,2026-09-03,2026-09-03,3774.95,3774.95,3774.95,,,2026-09-12 23:05:03
bacd2d9faa61478babe1,114,502,2026-09-04,2026-09-04,1224.96,1224.96,1224.96,,,2026-09-12 23:05:03
3c98e44b10234279b864,106,502,2026-09-05,2026-09-05,9022.85,9022.85,9022.85,,,2026-09-12 23:05:03
2386f042ad794aceaa71,120,502,2026-09-06,2026-09-06,2695.41,2695.41,2695.41,,,2026-09-12 23:05:03
f3e2dd977aa54f4fa845,113,502,2026-09-07,2026-09-07,14.3,14.3,14.3,,,2026-09-12 23:05:03
41fc6fc07f054688aa22,102,502,2026-09-08,2026-09-08,1393.37,1393.37,1393.37,,,2026-09-12 23:05:03
5364803e1d0149d6a38b,112,502,2026-09-09,2026-09-09,1254.99,1254.99,1254.99,,,2026-09-12 23:05:03
d185270ee18542c1aac7,114,502,2026-08-11,2026-08-11,400.63,400.63,400.63,,,2026-09-12 23:05:03
4a9a500e9cb74035991b,120,502,2026-08-12,2026-08-12,1281.37,1281.37,1281.37,,,2026-09-12 23:05:03
02c33604f11f4eb79a72,103,502,2026-08-13,2026-08-13,1340.85,1340.85,1340.85,,,2026-09-12 23:05:03
f5b7732adfb64704a399,115,502,2026-08-14,2026-08-14,2567.49,2567.49,2567.49,,,2026-09-12 23:05:03
e9e4e52127c64cb78895,115,502,2026-08-15,2026-08-15,2404.17,2404.17,2404.17,,,2026-09-12 23:05:03
63327e18713d41dca0de,103,502,2026-08-16,2026-08-16,4115.57,4115.57,4115.57,,,2026-09-12 23:05:03
6582410a5a9944669b95,117,502,2026-08-17,2026-08-17,529.87,529.87,529.87,,,2026-09-12 23:05:03
189d0838179042baab3c,102,502,2026-08-18,2026-08-18,3278.08,3278.08,3278.08,,,2026-09-12 23:05:03
9d585420262c44a3bb49,117,502,2026-08-19,2026-08-19,5703.12,5703.12,5703.12,,,2026-09-12 23:05:03
6ce64f50a6fe40ae94ec,112,502,2026-08-20,2026-08-20,4825.38,4825.38,4825.38,,,2026-09-12 23:05:03
8c434ad394a84cefaf0b,109,502,2026-08-21,2026-08-21,3611.58,3611.58,3611.58,,,2026-09-12 23:05:03
2a42987758b445d0b8f4,102,502,2026-08-22,2026-08-22,3958.52,3958.52,3958.52,,,2026-09-12 23:05:03
c032027473c54b2dbcc3,104,502,2026-08-23,2026-08-23,3887.05,3887.05,3887.05,,,2026-09-12 23:05:03
ac1d209856394d799bcd,116,502,2026-08-24,2026-08-24,2933.08,2933.08,2933.08,,,2026-09-12 23:05:03
0addede40a834f05a938,102,502,2026-08-25,2026-08-25,422.8,422.8,422.8,,,2026-09-12 23:05:03
54956b22f6c243f8b655,119,502,2026-08-26,2026-08-26,1762.42,1762.42,1762.42,,,2026-09-12 23:05:03
268a699aaa004108b6ca,106,502,2026-08-27,2026-08-27,73.99,73.99,73.99,,,2026-09-12 23:05:03
7f6aaccfb5254664bd87,108,502,2026-08-28,2026-08-28,1274.2,1274.2,1274.2,,,2026-09-12 23:05:03
675049e1f1eb4c189ae9,119,502,2026-08-29,2026-08-29,1549.31,1549.31,1549.31,,,2026-09-12 23:05:03
70393aa7df9e4a51b931,102,502,2026-08-30,2026-08-30,4082.03,4082.03,4082.03,,,2026-09-12 23:05:03
fb4bb194702e4293834b,117,502,2026-08-31,2026-08-31,3970.72,3970.72,3970.72,,,2026-09-12 23:05:03
dd808356487548bca491,107,502,2026-09-01,2026-09-01,2083.43,2083.43,2083.43,,,2026-09-12 23:05:03
cbe86eb1a50e4664bb7c,111,502,2026-09-02,2026-09-02,6467.32,6467.32,6467.32,,,2026-09-12 23:05:03
2a704b23eaf642b18c1f,119,502,2026-09-03,2026-09-03,1575.29,1575.29,1575.29,,,2026-09-12 23:05:03
7d992bc28a4f48d3b6ab,110,502,2026-09-04,2026-09-04,2793.76,2793.76,2793.76,,,2026-09-12 23:05:03
a94bdf5f77e64a3fb9f2,104,502,2026-09-05,2026-09-05,2506.21,2506.21,2506.21,,,2026-09-12 23:05:03
88403a24b717448cad65,105,502,2026-09-06,2026-09-06,5491.1,5491.1,5491.1,,,2026-09-12 23:05:03
827f65eaa13c47e29c64,102,502,2026-09-07,2026-09-07,984.11,984.11,984.11,,,2026-09-12 23:05:03
460ddc315a7a47aa830a,118,502,2026-09-08,2026-09-08,5959.6,5959.6,5959.6,,,2026-09-12 23:05:03
8c61b488a9c64a9fbc9a,105,502,2026-09-09,2026-09-09,4886.53,4886.53,4886.53,,,2026-09-12 23:05:03
15fedc2978fd4c59ae3a,116,502,2026-08-11,2026-08-11,7707.08,7707.08,7707.08,,,2026-09-12 23:05:03
0157a51d4f1b4b4e8b28,119,502,2026-08-12,2026-08-12,2367.37,2367.37,2367.37,,,2026-09-12 23:05:03
a3642920377c47239d95,107,502,2026-08-13,2026-08-13,1841.23,1841.23,1841.23,,,2026-09-12 23:05:03
eceba75ac4404313a560,118,502,2026-08-14,2026-08-14,1457.56,1457.56,1457.56,,,2026-09-12 23:05:03
6030a95765304dfab2d3,115,502,2026-08-15,2026-08-15,688.35,688.35,688.35,,,2026-09-12 23:05:03
e747ba455b244fd891f5,111,502,2026-08-16,2026-08-16,128.96,128.96,128.96,,,2026-09-12 23:05:03
e4d6456ac3be45fbbf34,102,502,2026-08-17,2026-08-17,3415.83,3415.83,3415.83,,,2026-09-12 23:05:03
1581fa89c8d64234ae05,102,502,2026-08-18,2026-08-18,96.99,96.99,96.99,,,2026-09-12 23:05:03
b8caaa1ecf5844b1aac5,108,502,2026-08-19,2026-08-19,7536.67,7536.67,7536.67,,,2026-09-12 23:05:03
cef60238ae3e4fc4b94c,105,502,2026-08-20,2026-08-20,203.55,203.55,203.55,,,2026-09-12 23:05:03
e3d4ab50508147cf840c,105,502,2026-08-21,2026-08-21,3244.05,3244.05,3244.05,,,2026-09-12 23:05:03
a2aa2f7c311a46d69e5a,104,502,2026-08-22,2026-08-22,1052.41,1052.41,1052.41,,,2026-09-12 23:05:03
9e68ca4ed88b41c991c5,102,502,2026-08-23,2026-08-23,4387.78,4387.78,4387.78,,,2026-09-12 23:05:03
d5d1184372f84776a272,117,502,2026-08-24,2026-08-24,1079.54,1079.54,1079.54,,,2026-09-12 23:05:03
7213931b711d49f19b26,115,502,2026-08-25,2026-08-25,7233.59,7233.59,7233.59,,,2026-09-12 23:05:03
7212cd9b08294d9baf9f,103,502,2026-08-26,2026-08-26,842.03,842.03,842.03,,,2026-09-12 23:05:03
cb01422432144d71af54,101,502,2026-08-27,2026-08-27,4926.78,4926.78,4926.78,,,2026-09-12 23:05:03
a0845dc38754416a88fc,104,502,2026-08-28,2026-08-28,928.05,928.05,928.05,,,2026-09-12 23:05:03
ec639c83d8064c1ab926,103,502,2026-08-29,2026-08-29,2307.8,2307.8,2307.8,,,2026-09-12 23:05:03
6670ee4613ff4f4eb57a,108,502,2026-08-30,2026-08-30,1946.67,1946.67,1946.67,,,2026-09-12 23:05:03
fe37bd6b0d0d4118b3d9,106,502,2026-08-31,2026-08-31,263.6,263.6,263.6,,,2026-09-12 23:05:03
713285cbd56248d2af25,118,502,2026-09-01,2026-09-01,2863.83,2863.83,2863.83,,,2026-09-12 23:05:03
388310407778429a93c1,111,502,2026-09-02,2026-09-02,1007.81,1007.81,1007.81,,,2026-09-12 23:05:03
4ec13e28aa084016a01c,115,502,2026-09-03,2026-09-03,10520.07,10520.07,10520.07,,,2026-09-12 23:05:03
8a77c3cb555c43588232,111,502,2026-09-04,2026-09-04,2584.71,2584.71,2584.71,,,2026-09-12 23:05:03
5ca80e3ae70d4a9b83bf,118,502,2026-09-05,2026-09-05,1560.97,1560.97,1560.97,,,2026-09-12 23:05:03
642b96ac6a2b40168d4c,114,502,2026-09-06,2026-09-06,2287.34,2287.34,2287.34,,,2026-09-12 23:05:03
8f7704039f684b01975f,107,502,2026-09-07,2026-09-07,5753.03,5753.03,5753.03,,,2026-09-12 23:05:03
b635d8c8ba364a26a3ea,109,502,2026-09-08,2026-09-08,681.6,681.6,681.6,,,2026-09-12 23:05:03
d26e0f79e831458ebb66,113,502,2026-09-09,2026-09-09,5566.68,5566.68,5566.68,,,2026-09-12 23:05:03
b1388f8b50004201a545,115,502,2026-08-11,2026-08-11,460.5,460.5,460.5,,,2026-09-12 23:05:03
f41aaa9f3dc54a28aed6,105,502,2026-08-12,2026-08-12,159.83,159.83,159.83,,,2026-09-12 23:05:03
6473e680cb5046878805,106,502,2026-08-13,2026-08-13,1179.51,1179.51,1179.51,,,2026-09-12 23:05:03
c0a3bf2da8544635b522,114,502,2026-08-14,2026-08-14,129.48,129.48,129.48,,,2026-09-12 23:05:03
9bc7f9a2a5124baaa41c,101,502,2026-08-15,2026-08-15,7374.77,7374.77,7374.77,,,2026-09-12 23:05:03
57f70a4e0af8412ab10b,113,502,2026-08-16,2026-08-16,1341.89,1341.89,1341.89,,,2026-09-12 23:05:03
35eed1444c8f496db08d,101,502,2026-08-17,2026-08-17,3525.34,3525.34,3525.34,,,2026-09-12 23:05:03
607a23004bf54e21937f,118,502,2026-08-18,2026-08-18,196.97,196.97,196.97,,,2026-09-12 23:05:03
5a1a03cca3474ae0a53c,106,502,2026-08-19,2026-08-19,376.8,376.8,376.8,,,2026-09-12 23:05:03
d6bbc4e4efdc4a1b9265,117,502,2026-08-20,2026-08-20,2261.23,2261.23,2261.23,,,2026-09-12 23:05:03
3c42d3453f174372a2c3,113,502,2026-08-21,2026-08-21,4533.36,4533.36,4533.36,,,2026-09-12 23:05:03
8b6973a290ca47a9a56e,116,502,2026-08-22,2026-08-22,8658.56,8658.56,8658.56,,,2026-09-12 23:05:03
9b50dc8f4cba4b12bea0,117,502,2026-08-23,2026-08-23,4994.83,4994.83,4994.83,,,2026-09-12 23:05:03
03e4789877274853abbf,116,502,2026-08-24,2026-08-24,6498.68,6498.68,6498.68,,,2026-09-12 23:05:03
3db49d5851c440ee9a36,111,502,2026-08-25,2026-08-25,2650.34,2650.34,2650.34,,,2026-09-12 23:05:03
29be862daa9845d58eac,114,502,2026-08-26,2026-08-26,8445.18,8445.18,8445.18,,,2026-09-12 23:05:03
67933c65f3ab4f619522,114,502,2026-08-27,2026-08-27,1005.66,1005.66,1005.66,,,2026-09-12 23:05:03
292ba0ba8644411b8a76,104,502,2026-08-28,2026-08-28,305.4,305.4,305.4,,,2026-09-12 23:05:03
1cdf338d229640938f99,110,502,2026-08-29,2026-08-29,4402.69,4402.69,4402.69,,,2026-09-12 23:05:03
14a3b087302e4d1e8b17,116,502,2026-08-30,2026-08-30,859.89,859.89,859.89,,,2026-09-12 23:05:03
81cba8710e914b96b139,106,502,2026-08-31,2026-08-31,5382.03,5382.03,5382.03,,,2026-09-12 23:05:03
98f72fab58894e5aa5a2,108,502,2026-09-01,2026-09-01,5097.25,5097.25,5097.25,,,2026-09-12 23:05:03
413436ae012b41df92e8,107,502,2026-09-02,2026-09-02,6279.83,6279.83,6279.83,,,2026-09-12 23:05:03
3da2fbd363654cf69dd2,107,502,2026-09-03,2026-09-03,3703.38,3703.38,3703.38,,,2026-09-12 23:05:03
85e312669a5242289733,118,502,2026-09-04,2026-09-04,3651.66,3651.66,3651.66,,,2026-09-12 23:05:03
156db849914a4906986b,110,502,2026-09-05,2026-09-05,9441.23,9441.23,9441.23,,,2026-09-12 23:05:03
a2ce8e4ebc264bf9bc6a,113,502,2026-09-06,2026-09-06,1403.23,1403.23,1403.23,,,2026-09-12 23:05:03
717481265b2a460aa2a8,117,502,2026-09-07,2026-09-07,7366.95,7366.95,7366.95,,,2026-09-12 23:05:03
68bd197099e343f78269,119,502,2026-09-08,2026-09-08,88.97,88.97,88.97,,,2026-09-12 23:05:03
d69fe24781c74040bfe6,113,502,2026-09-09,2026-09-09,2542.93,2542.93,2542.93,,,2026-09-12 23:05:03
cf13b0d77aa04634b9f8,105,502,2026-08-11,2026-08-11,4587.02,4587.02,4587.02,,,2026-09-12 23:05:03
1bfe3f030d014e70baa5,118,502,2026-08-12,2026-08-12,2260.97,2260.97,2260.97,,,2026-09-12 23:05:03
81fc933365cd499ba572,106,502,2026-08-13,2026-08-13,3899.37,3899.37,3899.37,,,2026-09-12 23:05:03
cc6ed78a3483428c9ada,118,502,2026-08-14,2026-08-14,2977.67,2977.67,2977.67,,,2026-09-12 23:05:03
8f13a7b1e8ea43daba3a,112,502,2026-08-15,2026-08-15,350.34,350.34,350.34,,,2026-09-12 23:05:03
227a0448d3d94b1bbdf3,110,502,2026-08-16,2026-08-16,2370.65,2370.65,2370.65,,,2026-09-12 23:05:03
23e30bbe0e9a4d8e9aa2,106,502,2026-08-17,2026-08-17,698.15,698.15,698.15,,,2026-09-12 23:05:03
3db82bfbc5ee43788b42,110,502,2026-08-18,2026-08-18,5051.37,5051.37,5051.37,,,2026-09-12 23:05:03
746766dfd7f34a018c10,109,502,2026-08-19,2026-08-19,5295.78,5295.78,5295.78,,,2026-09-12 23:05:03
23b55d0136144cffb0e3,105,502,2026-08-20,2026-08-20,6697.2,6697.2,6697.2,,,2026-09-12 23:05:03
e3d4a5aa4e1c4b7e9f40,102,502,2026-08-21,2026-08-21,2913.69,2913.69,2913.69,,,2026-09-12 23:05:03
6f930c37537e4b3da682,102,502,2026-08-22,2026-08-22,2956.14,2956.14,2956.14,,,2026-09-12 23:05:03
4417bcd65b0b4484ae9e,118,502,2026-08-23,2026-08-23,4222.33,4222.33,4222.33,,,2026-09-12 23:05:03
bda42bd70a12467a98c3,114,502,2026-08-24,2026-08-24,3108.69,3108.69,3108.69,,,2026-09-12 23:05:03
4d875cd5cd4641c6bca1,120,502,2026-08-25,2026-08-25,861.73,861.73,861.73,,,2026-09-12 23:05:03
6c7c5045149e4c2389de,118,502,2026-08-26,2026-08-26,1497.88,1497.88,1497.88,,,2026-09-12 23:05:03
d8b7f9c8981c4c4d9555,103,502,2026-08-27,2026-08-27,3529.35,3529.35,3529.35,,,2026-09-12 23:05:03
d7a127fb1e5547888c92,101,502,2026-08-28,2026-08-28,1121.63,1121.63,1121.63,,,2026-09-12 23:05:03
d1fca156a050420781a6,118,502,2026-08-29,2026-08-29,3561.27,3561.27,3561.27,,,2026-09-12 23:05:03
1f27e994044347e89fb4,105,502,2026-08-30,2026-08-30,6546.45,6546.45,6546.45,,,2026-09-12 23:05:03
7a1d62474c514a0f8f77,102,502,2026-08-31,2026-08-31,5131.9,5131.9,5131.9,,,2026-09-12 23:05:03
3d65c13639fb46da9887,111,502,2026-09-01,2026-09-01,2873.05,2873.05,2873.05,,,2026-09-12 23:05:03
e30888508ab941aa8276,104,502,2026-09-02,2026-09-02,2237.62,2237.62,2237.62,,,2026-09-12 23:05:03
8d4f1dd620d04bb6a833,104,502,2026-09-03,2026-09-03,8597.42,8597.42,8597.42,,,2026-09-12 23:05:03
30dbb5b3dc1f4b6c8fbd,101,502,2026-09-04,2026-09-04,1895.03,1895.03,1895.03,,,2026-09-12 23:05:03
9b470f12becc40efa8e9,108,502,2026-09-05,2026-09-05,548.74,548.74,548.74,,,2026-09-12 23:05:03
695ecad5602b4978823b,103,502,2026-09-06,2026-09-06,8482.09,8482.09,8482.09,,,2026-09-12 23:05:03
b2859d77ff934ed38cfa,118,502,2026-09-07,2026-09-07,852.2,852.2,852.2,,,2026-09-12 23:05:03
dc2934aff78942bfa103,106,502,2026-09-08,2026-09-08,353.9,353.9,353.9,,,2026-09-12 23:05:03
a1b84859eb014aa79a81,107,502,2026-09-09,2026-09-09,5427.7,5427.7,5427.7,,,2026-09-12 23:05:03
f101f4c353be4434b640,111,502,2026-08-11,2026-08-11,1457.98,1457.98,1457.98,,,2026-09-12 23:05:03
8ee58f92b9944e6a914c,111,502,2026-08-12,2026-08-12,170.5,170.5,170.5,,,2026-09-12 23:05:03
5fce5c26d4f14ff9b207,105,502,2026-08-13,2026-08-13,2420.5,2420.5,2420.5,,,2026-09-12 23:05:03
53a5f439d2ce482489e7,104,502,2026-08-14,2026-08-14,1094.35,1094.35,1094.35,,,2026-09-12 23:05:03
ae431fc6083d4f83bf4c,108,502,2026-08-15,2026-08-15,10018.99,10018.99,10018.99,,,2026-09-12 23:05:03
31ae17014e9c49acb5db,106,502,2026-08-16,2026-08-16,328.29,328.29,328.29,,,2026-09-12 23:05:03
6d1a156cebd2470c95b7,118,502,2026-08-17,2026-08-17,4969.09,4969.09,4969.09,,,2026-09-12 23:05:03
e70161b269b64314aca7,106,502,2026-08-18,2026-08-18,1292.05,1292.05,1292.05,,,2026-09-12 23:05:03
22ee210e1ab74d4bb270,109,502,2026-08-19,2026-08-19,4623.09,4623.09,4623.09,,,2026-09-12 23:05:03
2dbbfda18c5b404fa408,106,502,2026-08-20,2026-08-20,2043.44,2043.44,2043.44,,,2026-09-12 23:05:03
b0d6f851682e4c2ea92d,110,502,2026-08-21,2026-08-21,2995.88,2995.88,2995.88,,,2026-09-12 23:05:03
94643b7eb42f459ba028,118,502,2026-08-22,2026-08-22,876.28,876.28,876.28,,,2026-09-12 23:05:03
00d11dbbbc014e95a3ab,106,502,2026-08-23,2026-08-23,7815.6,7815.6,7815.6,,,2026-09-12 23:05:03
8a01a0661ffe4c289117,109,502,2026-08-24,2026-08-24,3263.79,3263.79,3263.79,,,2026-09-12 23:05:03
2a9ead86e0384564a8ec,110,502,2026-08-25,2026-08-25,3482.93,3482.93,3482.93,,,2026-09-12 23:05:03
0f3965f302214a8fab73,118,502,2026-08-26,2026-08-26,3369.08,3369.08,3369.08,,,2026-09-12 23:05:03
cb9605f6c9eb40578a14,119,502,2026-08-27,2026-08-27,8714.63,8714.63,8714.63,,,2026-09-12 23:05:03
32c83626fe714805abd4,105,502,2026-08-28,2026-08-28,3697.76,3697.76,3697.76,,,2026-09-12 23:05:03
6a8de995022248e8ac1d,118,502,2026-08-29,2026-08-29,606.58,606.58,606.58,,,2026-09-12 23:05:03
aaaf0f5320054c9585a4,107,502,2026-08-30,2026-08-30,4500.54,4500.54,4500.54,,,2026-09-12 23:05:03
13e53fb24a9444bd987b,105,502,2026-08-31,2026-08-31,1419.49,1419.49,1419.49,,,2026-09-12 23:05:03
a8e3f34bb6614b289ecc,108,502,2026-09-01,2026-09-01,3824.4,3824.4,3824.4,,,2026-09-12 23:05:03
a78066300a9f4b57a85c,115,502,2026-09-02,2026-09-02,5707.22,5707.22,5707.22,,,2026-09-12 23:05:03
5e6a41cc8bb34bc9b0b7,117,502,2026-09-03,2026-09-03,1100.62,1100.62,1100.62,,,2026-09-12 23:05:03
6c37e141d51243cfb65c,101,502,2026-09-04,2026-09-04,1151.87,1151.87,1151.87,,,2026-09-12 23:05:03
9865f1be708f4134a279,115,502,2026-09-05,2026-09-05,226.61,226.61,226.61,,,2026-09-12 23:05:03
e1229df583774d7bb96b,107,502,2026-09-06,2026-09-06,3243.06,3243.06,3243.06,,,2026-09-12 23:05:03
b7e72f788e10417b868b,109,502,2026-09-07,2026-09-07,567.25,567.25,567.25,,,2026-09-12 23:05:03
b1bb0f8185bf427aa547,111,502,2026-09-08,2026-09-08,3201.34,3201.34,3201.34,,,2026-09-12 23:05:03
e3e4a414ea0c4d2680f9,107,502,2026-09-09,2026-09-09,339.66,339.66,339.66,,,2026-09-12 23:05:03
a854cba5ba58492c992e,114,502,2026-08-11,2026-08-11,1057.67,1057.67,1057.67,,,2026-09-12 23:05:03
8866511854a8404cb704,116,502,2026-08-12,2026-08-12,4611.14,4611.14,4611.14,,,2026-09-12 23:05:03
800abc5a0b524807b6cc,102,502,2026-08-13,2026-08-13,9620.76,9620.76,9620.76,,,2026-09-12 23:05:03
2cff7d79bcbe4b7c8cfc,102,502,2026-08-14,2026-08-14,449.59,449.59,449.59,,,2026-09-12 23:05:03
938479e1d8ed4918879c,110,502,2026-08-15,2026-08-15,3556.33,3556.33,3556.33,,,2026-09-12 23:05:03
b726a39092714f0ba699,116,502,2026-08-16,2026-08-16,1148.73,1148.73,1148.73,,,2026-09-12 23:05:03
d3adda7094864295a00c,107,502,2026-08-17,2026-08-17,2735.66,2735.66,2735.66,,,2026-09-12 23:05:03
f9eb3219322b497f90ef,119,502,2026-08-18,2026-08-18,339.28,339.28,339.28,,,2026-09-12 23:05:03
7ae504de0c134d80a51f,102,502,2026-08-19,2026-08-19,3161.46,3161.46,3161.46,,,2026-09-12 23:05:03
d49e976f6d2147a7baad,102,502,2026-08-20,2026-08-20,2861.42,2861.42,2861.42,,,2026-09-12 23:05:03
21373a666cd349aab89d,113,502,2026-08-21,2026-08-21,4030.95,4030.95,4030.95,,,2026-09-12 23:05:03
a1e72e7c67744d258328,118,502,2026-08-22,2026-08-22,776.56,776.56,776.56,,,2026-09-12 23:05:03
bf7f18b296c1496b9d94,107,502,2026-08-23,2026-08-23,1617.81,1617.81,1617.81,,,2026-09-12 23:05:03
267918c5baea45b8a440,105,502,2026-08-24,2026-08-24,2987.09,2987.09,2987.09,,,2026-09-12 23:05:03
630e1fd494af43afaa30,111,502,2026-08-25,2026-08-25,2120.83,2120.83,2120.83,,,2026-09-12 23:05:03
760da32540c64dcda63c,103,502,2026-08-26,2026-08-26,473.03,473.03,473.03,,,2026-09-12 23:05:03
302e37c89e39422797b5,102,502,2026-08-27,2026-08-27,203.9,203.9,203.9,,,2026-09-12 23:05:03
91a021020f2046f2aa59,116,502,2026-08-28,2026-08-28,7543.97,7543.97,7543.97,,,2026-09-12 23:05:03
78f1b620f2bb40258629,104,502,2026-08-29,2026-08-29,7215.38,7215.38,7215.38,,,2026-09-12 23:05:03
a04e377c8f7e4220993d,101,502,2026-08-30,2026-08-30,673,673,673,,,2026-09-12 23:05:03
d4622f458e9d4fe4af99,109,502,2026-08-31,2026-08-31,4618.82,4618.82,4618.82,,,2026-09-12 23:05:03
43b233773fea41a7abad,118,502,2026-09-01,2026-09-01,3318.96,3318.96,3318.96,,,2026-09-12 23:05:03
29c0c9a94ac14d08b4e0,102,502,2026-09-02,2026-09-02,2727.45,2727.45,2727.45,,,2026-09-12 23:05:03
a122f7febeb34e2a836b,105,502,2026-09-03,2026-09-03,4585.84,4585.84,4585.84,,,2026-09-12 23:05:03
d929c6f79bae4e16a2f9,114,502,2026-09-04,2026-09-04,1027.45,1027.45,1027.45,,,2026-09-12 23:05:03
90c4d95612ba468193e2,117,502,2026-09-05,2026-09-05,206.28,206.28,206.28,,,2026-09-12 23:05:03
2c2b9431422945aebff2,119,502,2026-09-06,2026-09-06,674.11,674.11,674.11,,,2026-09-12 23:05:03
f11f0809c5884eab8693,109,502,2026-09-07,2026-09-07,5027.32,5027.32,5027.32,,,2026-09-12 23:05:03
f39ab696f1544d928735,101,502,2026-09-08,2026-09-08,6095.86,6095.86,6095.86,,,2026-09-12 23:05:03
bac1bd85ea7a454f805d,119,502,2026-09-09,2026-09-09,6430.73,6430.73,6430.73,,,2026-09-12 23:05:03
5c72de202b914c0c8d84,116,502,2026-08-11,2026-08-11,199.02,199.02,199.02,,,2026-09-12 23:05:03
c7d01aebc22e4ad3aa56,119,502,2026-08-12,2026-08-12,5529.5,5529.5,5529.5,,,2026-09-12 23:05:03
e01d615532014e6ab832,101,502,2026-08-13,2026-08-13,879.42,879.42,879.42,,,2026-09-12 23:05:03
aa78ae1f04874b5489fb,115,502,2026-08-14,2026-08-14,2168.48,2168.48,2168.48,,,2026-09-12 23:05:03
8c40e4cb0a1f4c399c17,115,502,2026-08-15,2026-08-15,1883.34,1883.34,1883.34,,,2026-09-12 23:05:03
ca9d801b98d84ec8ade4,107,502,2026-08-16,2026-08-16,109.88,109.88,109.88,,,2026-09-12 23:05:03
2ed046ff75fd4c7097e3,108,502,2026-08-17,2026-08-17,365.9,365.9,365.9,,,2026-09-12 23:05:03
1fc8fb7bb35d42f5b422,118,502,2026-08-18,2026-08-18,3447.66,3447.66,3447.66,,,2026-09-12 23:05:03
50e2f9a8bc3541c6872d,111,502,2026-08-19,2026-08-19,6309.26,6309.26,6309.26,,,2026-09-12 23:05:03
684803219b3e4fb2b1dc,112,502,2026-08-20,2026-08-20,723.42,723.42,723.42,,,2026-09-12 23:05:03
125b1f2266d5481c942d,102,502,2026-08-21,2026-08-21,308.62,308.62,308.62,,,2026-09-12 23:05:03
af3d0ec4472146a6a934,113,502,2026-08-22,2026-08-22,172.77,172.77,172.77,,,2026-09-12 23:05:03
277dce089867477e9641,117,502,2026-08-23,2026-08-23,164.15,164.15,164.15,,,2026-09-12 23:05:03
a7ba8be6d0644e728100,106,502,2026-08-24,2026-08-24,2137.91,2137.91,2137.91,,,2026-09-12 23:05:03
22058db0dd754b459c3e,103,502,2026-08-25,2026-08-25,224.21,224.21,224.21,,,2026-09-12 23:05:03
c68eb5c65c5e4e11822b,106,502,2026-08-26,2026-08-26,1648.66,1648.66,1648.66,,,2026-09-12 23:05:03
fa32e91730734d3b858e,107,502,2026-08-27,2026-08-27,1001.91,1001.91,1001.91,,,2026-09-12 23:05:03
d86295d3f1274730941f,119,502,2026-08-28,2026-08-28,5376.31,5376.31,5376.31,,,2026-09-12 23:05:03
384606d3572e4178be12,103,502,2026-08-29,2026-08-29,770.05,770.05,770.05,,,2026-09-12 23:05:03
ca7ec31d0e154b73ab4b,101,502,2026-08-30,2026-08-30,5172.92,5172.92,5172.92,,,2026-09-12 23:05:03
fa9392a34a554604a952,115,502,2026-08-31,2026-08-31,4699.54,4699.54,4699.54,,,2026-09-12 23:05:03
046ef9fb68984728bda3,104,502,2026-09-01,2026-09-01,3653.59,3653.59,3653.59,,,2026-09-12 23:05:03
565f56aaecc643568cdc,117,502,2026-09-02,2026-09-02,2833.62,2833.62,2833.62,,,2026-09-12 23:05:03
28377e53853e452a9460,111,502,2026-09-03,2026-09-03,1953.04,1953.04,1953.04,,,2026-09-12 23:05:03
1d2d6053026745e7b0b9,102,502,2026-09-04,2026-09-04,797.1,797.1,797.1,,,2026-09-12 23:05:03
2d6a373abab944f6a411,107,502,2026-09-05,2026-09-05,664.11,664.11,664.11,,,2026-09-12 23:05:03
6d7baa54afae473093c0,113,502,2026-09-06,2026-09-06,108.75,108.75,108.75,,,2026-09-12 23:05:03
7b3973faa02947c58148,119,502,2026-09-07,2026-09-07,3512.51,3512.51,3512.51,,,2026-09-12 23:05:03
616d1b88f2054b9094cb,114,502,2026-09-08,2026-09-08,405.74,405.74,405.74,,,2026-09-12 23:05:03
8a695f0e1d7448b78706,119,502,2026-09-09,2026-09-09,2743.65,2743.65,2743.65,,,2026-09-12 23:05:03
03c819a286a44355acd5,113,502,2026-08-11,2026-08-11,3296.73,3296.73,3296.73,,,2026-09-12 23:05:03
bbf253b036b14a5bba99,114,502,2026-08-12,2026-08-12,5082,5082,5082,,,2026-09-12 23:05:03
8dfeafe68beb4927a354,113,502,2026-08-13,2026-08-13,540.69,540.69,540.69,,,2026-09-12 23:05:03
2ce6feadfff0475cb1a0,119,502,2026-08-14,2026-08-14,1967.62,1967.62,1967.62,,,2026-09-12 23:05:03
1dd2e6c584ed45f4beb1,111,502,2026-08-15,2026-08-15,8102.2,8102.2,8102.2,,,2026-09-12 23:05:03
e9ca98d61a7d483c8931,104,502,2026-08-16,2026-08-16,3176.88,3176.88,3176.88,,,2026-09-12 23:05:03
48991c93a106441ebc73,119,502,2026-08-17,2026-08-17,37.54,37.54,37.54,,,2026-09-12 23:05:03
dcda7340658544a58830,119,502,2026-08-18,2026-08-18,2252.79,2252.79,2252.79,,,2026-09-12 23:05:03
f9b8f55a1ae342488490,114,502,2026-08-19,2026-08-19,213.06,213.06,213.06,,,2026-09-12 23:05:03
ded543a49afe4693a595,104,502,2026-08-20,2026-08-20,2553.97,2553.97,2553.97,,,2026-09-12 23:05:03
e1787589f48145a6b2bc,101,502,2026-08-21,2026-08-21,8011.76,8011.76,8011.76,,,2026-09-12 23:05:03
b37730d216c14dab9046,118,502,2026-08-22,2026-08-22,721.64,721.64,721.64,,,2026-09-12 23:05:03
aec85258c6ea4c5d9e85,116,502,2026-08-23,2026-08-23,2021.58,2021.58,2021.58,,,2026-09-12 23:05:03
7a61893c27c94ff4a86e,117,502,2026-08-24,2026-08-24,522.24,522.24,522.24,,,2026-09-12 23:05:03
bf3fd83383ed49c1bbdf,109,502,2026-08-25,2026-08-25,401.66,401.66,401.66,,,2026-09-12 23:05:03
765e1313b8134e2f9bcf,113,502,2026-08-26,2026-08-26,5070.84,5070.84,5070.84,,,2026-09-12 23:05:03
1beb7bdddd7445339d80,114,502,2026-08-27,2026-08-27,960.56,960.56,960.56,,,2026-09-12 23:05:03
d7421b8520544d61ab2d,114,502,2026-08-28,2026-08-28,5596.11,5596.11,5596.11,,,2026-09-12 23:05:03
28756e271f9340989c8d,118,502,2026-08-29,2026-08-29,5494.05,5494.05,5494.05,,,2026-09-12 23:05:03
96d02f22b96d424082dc,120,502,2026-08-30,2026-08-30,2010.21,2010.21,2010.21,,,2026-09-12 23:05:03
49d407f2585343769e45,105,502,2026-08-31,2026-08-31,4080.26,4080.26,4080.26,,,2026-09-12 23:05:03
f6d0b93bd7754bec9faf,116,502,2026-09-01,2026-09-01,9944.6,9944.6,9944.6,,,2026-09-12 23:05:03
54acbbd256c54f959230,109,502,2026-09-02,2026-09-02,719.99,719.99,719.99,,,2026-09-12 23:05:03
930918571d244542ae39,119,502,2026-09-03,2026-09-03,3731.31,3731.31,3731.31,,,2026-09-12 23:05:03
c1291d820d4f4d459f3b,109,502,2026-09-04,2026-09-04,6032.92,6032.92,6032.92,,,2026-09-12 23:05:03
8b30f9f6e9214cfd8864,106,502,2026-09-05,2026-09-05,102.58,102.58,102.58,,,2026-09-12 23:05:03
3165feb33c344839bcba,115,502,2026-09-06,2026-09-06,10106.86,10106.86,10106.86,,,2026-09-12 23:05:03
fa4479836fee47f5afde,115,502,2026-09-07,2026-09-07,1522.46,1522.46,1522.46,,,2026-09-12 23:05:03
1e4cedff96074f0dae93,106,502,2026-09-08,2026-09-08,3832.25,3832.25,3832.25,,,2026-09-12 23:05:03
b6a299ed49ba4a7183f3,120,502,2026-09-09,2026-09-09,460.49,460.49,460.49,,,2026-09-12 23:05:03
4f4ed3df60b54fb4a95f,110,502,2026-08-11,2026-08-11,2140.67,2140.67,2140.67,,,2026-09-12 23:05:03
ba450acf40ea4a228448,101,502,2026-08-12,2026-08-12,1935.81,1935.81,1935.81,,,2026-09-12 23:05:03
cb2e8e6fc0d040c4935f,120,502,2026-08-13,2026-08-13,53.48,53.48,53.48,,,2026-09-12 23:05:03
f2309a5287e9435d85dd,102,502,2026-08-14,2026-08-14,912.13,912.13,912.13,,,2026-09-12 23:05:03
3a764e698fe943e9ae52,110,502,2026-08-15,2026-08-15,763.34,763.34,763.34,,,2026-09-12 23:05:03
50f05ec8624843738bfe,101,502,2026-08-16,2026-08-16,337.54,337.54,337.54,,,2026-09-12 23:05:03
b9ad848087064ba39771,111,502,2026-08-17,2026-08-17,226.58,226.58,226.58,,,2026-09-12 23:05:03
a225aaeea7cc42ac964c,118,502,2026-08-18,2026-08-18,487,487,487,,,2026-09-12 23:05:03
dcd23544d49a43429bc7,105,502,2026-08-19,2026-08-19,4291.29,4291.29,4291.29,,,2026-09-12 23:05:03
d5aa9283038e4741bac5,109,502,2026-08-20,2026-08-20,4938.08,4938.08,4938.08,,,2026-09-12 23:05:03
03e1d0d05a694c4ebe9f,110,502,2026-08-21,2026-08-21,2970.57,2970.57,2970.57,,,2026-09-12 23:05:03
18809b7d6ed947b8ba1c,104,502,2026-08-22,2026-08-22,4699.79,4699.79,4699.79,,,2026-09-12 23:05:03
7307431261854803b136,109,502,2026-08-23,2026-08-23,5271.04,5271.04,5271.04,,,2026-09-12 23:05:03
56f93b6ff69546e2a32a,106,502,2026-08-24,2026-08-24,6826.51,6826.51,6826.51,,,2026-09-12 23:05:03
8767a54e47e945c5bfc1,114,502,2026-08-25,2026-08-25,3029.62,3029.62,3029.62,,,2026-09-12 23:05:03
c21fbe27c17d4a799a6d,118,502,2026-08-26,2026-08-26,300.26,300.26,300.26,,,2026-09-12 23:05:03
15c1e4afd5264d8cbb20,103,502,2026-08-27,2026-08-27,9897.99,9897.99,9897.99,,,2026-09-12 23:05:03
ff87fa8180624deaace5,104,502,2026-08-28,2026-08-28,97.34,97.34,97.34,,,2026-09-12 23:05:03
61a28eb0693c463085a5,118,502,2026-08-29,2026-08-29,3227.49,3227.49,3227.49,,,2026-09-12 23:05:03
8e892ba4d19141159f3a,102,502,2026-08-30,2026-08-30,1125.56,1125.56,1125.56,,,2026-09-12 23:05:03
f68b9b079a3f492b9f2d,117,502,2026-08-31,2026-08-31,508.3,508.3,508.3,,,2026-09-12 23:05:03
2be65802f6524957a487,109,502,2026-09-01,2026-09-01,6393.25,6393.25,6393.25,,,2026-09-12 23:05:03
ea35cf3cb1434fa69c37,105,502,2026-09-02,2026-09-02,523.72,523.72,523.72,,,2026-09-12 23:05:03
58232b840cdb4969a34e,102,502,2026-09-03,2026-09-03,2830.89,2830.89,2830.89,,,2026-09-12 23:05:03
0d6b15a8cb734092beb5,115,502,2026-09-04,2026-09-04,146.62,146.62,146.62,,,2026-09-12 23:05:03
b39bb49d6af846cebcf8,103,502,2026-09-05,2026-09-05,1756.61,1756.61,1756.61,,,2026-09-12 23:05:03
3896bebde5f64584bbde,107,502,2026-09-06,2026-09-06,40.28,40.28,40.28,,,2026-09-12 23:05:03
a13e6cf973a242f08df8,106,502,2026-09-07,2026-09-07,10230.22,10230.22,10230.22,,,2026-09-12 23:05:03
d95ca364e69c4e42aa2c,101,502,2026-09-08,2026-09-08,9010.73,9010.73,9010.73,,,2026-09-12 23:05:03
6dd3de57e5c54affbbb6,113,502,2026-09-09,2026-09-09,46.96,46.96,46.96,,,2026-09-12 23:05:03
6f24a4d85599424293c9,116,503,2026-08-11,2026-08-11,1402.84,1402.84,1402.84,,,2026-09-12 23:05:03
c11c6e92cab14d999468,110,503,2026-08-12,2026-08-12,793.04,793.04,793.04,,,2026-09-12 23:05:03
874744946e444e93beb5,109,503,2026-08-13,2026-08-13,669.11,669.11,669.11,,,2026-09-12 23:05:03
e34d454e855147678344,118,503,2026-08-14,2026-08-14,633.08,633.08,633.08,,,2026-09-12 23:05:03
9c134a5691594b379b40,101,503,2026-08-15,2026-08-15,245.23,245.23,245.23,,,2026-09-12 23:05:03
9fa5ea3c19e040fab938,116,503,2026-08-16,2026-08-16,341.58,341.58,341.58,,,2026-09-12 23:05:03
5ce857e375af4e5b95c0,117,503,2026-08-17,2026-08-17,16.26,16.26,16.26,,,2026-09-12 23:05:03
973a47a47dd24d529b2b,110,503,2026-08-18,2026-08-18,73.69,73.69,73.69,,,2026-09-12 23:05:03
8df95911fa274bbeb256,110,503,2026-08-19,2026-08-19,687.99,687.99,687.99,,,2026-09-12 23:05:03
522c4ca0fcc34cc3989b,114,503,2026-08-20,2026-08-20,305.61,305.61,305.61,,,2026-09-12 23:05:03
38b7697bec6540a688a6,107,503,2026-08-21,2026-08-21,297.99,297.99,297.99,,,2026-09-12 23:05:03
ec96a074ff2944bcaa4e,117,503,2026-08-22,2026-08-22,1751.47,1751.47,1751.47,,,2026-09-12 23:05:03
fd5cb95765aa43d698bf,104,503,2026-08-23,2026-08-23,960.6,960.6,960.6,,,2026-09-12 23:05:03
d39524ca58ef46789d56,116,503,2026-08-24,2026-08-24,120.79,120.79,120.79,,,2026-09-12 23:05:03
bb082c40dfae4cbf81e0,112,503,2026-08-25,2026-08-25,855.64,855.64,855.64,,,2026-09-12 23:05:03
32082fbf2dcf4ac382d3,102,503,2026-08-26,2026-08-26,60.24,60.24,60.24,,,2026-09-12 23:05:03
310aeeee68e843a59af1,107,503,2026-08-27,2026-08-27,439.21,439.21,439.21,,,2026-09-12 23:05:03
11f7df6c6bc4453fb4ac,116,503,2026-08-28,2026-08-28,1590.09,1590.09,1590.09,,,2026-09-12 23:05:03
e1f18baf58dc4a2b9cec,102,503,2026-08-29,2026-08-29,929.86,929.86,929.86,,,2026-09-12 23:05:03
6647041469234c59a023,107,503,2026-08-30,2026-08-30,1266.52,1266.52,1266.52,,,2026-09-12 23:05:03
2d3fd05647474ff4bb4a,115,503,2026-08-31,2026-08-31,845.4,845.4,845.4,,,2026-09-12 23:05:03
4e971952c6254bdbaff3,120,503,2026-09-01,2026-09-01,94.72,94.72,94.72,,,2026-09-12 23:05:03
155c2e5b92034fb4afa3,117,503,2026-09-02,2026-09-02,1257.96,1257.96,1257.96,,,2026-09-12 23:05:03
5396ba1d33f74b8d9c74,110,503,2026-09-03,2026-09-03,68.81,68.81,68.81,,,2026-09-12 23:05:03
cadbdd30c9434f5397ba,103,503,2026-09-04,2026-09-04,754.08,754.08,754.08,,,2026-09-12 23:05:03
e4202339d4cc4e8b8e81,105,503,2026-09-05,2026-09-05,204.73,204.73,204.73,,,2026-09-12 23:05:03
566ff4d5e6584138ac79,117,503,2026-09-06,2026-09-06,369.37,369.37,369.37,,,2026-09-12 23:05:03
1fa640c729a041a297bd,109,503,2026-09-07,2026-09-07,1286.42,1286.42,1286.42,,,2026-09-12 23:05:03
751f2c0ea8c344c8afd1,103,503,2026-09-08,2026-09-08,665.66,665.66,665.66,,,2026-09-12 23:05:03
5ce00b4561754b0cb0ff,119,503,2026-09-09,2026-09-09,1321.57,1321.57,1321.57,,,2026-09-12 23:05:03
10dd77b97a4945e5a95c,106,503,2026-08-11,2026-08-11,1893.26,1893.26,1893.26,,,2026-09-12 23:05:03
a4f6b62e842247e98ab5,114,503,2026-08-12,2026-08-12,542.12,542.12,542.12,,,2026-09-12 23:05:03
b2e1f1265495451cbe6d,109,503,2026-08-13,2026-08-13,832.16,832.16,832.16,,,2026-09-12 23:05:03
f7a8043cfdfc41aba8f7,101,503,2026-08-14,2026-08-14,1128.22,1128.22,1128.22,,,2026-09-12 23:05:03
61c75664527a4b85b034,102,503,2026-08-15,2026-08-15,2568.91,2568.91,2568.91,,,2026-09-12 23:05:03
c24acfd8f8084ad3bf89,108,503,2026-08-16,2026-08-16,101.44,101.44,101.44,,,2026-09-12 23:05:03
3f9d765a035d49b88aa5,112,503,2026-08-17,2026-08-17,291.73,291.73,291.73,,,2026-09-12 23:05:03
ddc07171c07b4dff81cb,115,503,2026-08-18,2026-08-18,569.86,569.86,569.86,,,2026-09-12 23:05:03
15b39a3e84374a028958,108,503,2026-08-19,2026-08-19,1887.99,1887.99,1887.99,,,2026-09-12 23:05:03
09fb13852a274c608c60,101,503,2026-08-20,2026-08-20,291.11,291.11,291.11,,,2026-09-12 23:05:03
a682ca9f7b8e4ad49adf,103,503,2026-08-21,2026-08-21,445.85,445.85,445.85,,,2026-09-12 23:05:03
d2e5ad7fff6d48f7bec5,101,503,2026-08-22,2026-08-22,294.06,294.06,294.06,,,2026-09-12 23:05:03
a194513d853645ddb75b,103,503,2026-08-23,2026-08-23,378.95,378.95,378.95,,,2026-09-12 23:05:03
e5639912298c4164bdbd,108,503,2026-08-24,2026-08-24,838.62,838.62,838.62,,,2026-09-12 23:05:03
ce205f7149e64dc6bee8,120,503,2026-08-25,2026-08-25,361.88,361.88,361.88,,,2026-09-12 23:05:03
d5737df799434b17b924,108,503,2026-08-26,2026-08-26,11.97,11.97,11.97,,,2026-09-12 23:05:03
f9ee61d438c7460ea969,115,503,2026-08-27,2026-08-27,1081.83,1081.83,1081.83,,,2026-09-12 23:05:03
327e3eecc4a04ba99523,105,503,2026-08-28,2026-08-28,451.89,451.89,451.89,,,2026-09-12 23:05:03
127fd92cef404c4ca9dd,114,503,2026-08-29,2026-08-29,424.42,424.42,424.42,,,2026-09-12 23:05:03
8fb62e3e560f43c78782,109,503,2026-08-30,2026-08-30,531.83,531.83,531.83,,,2026-09-12 23:05:03
ee38b8f124754b71b420,107,503,2026-08-31,2026-08-31,91.79,91.79,91.79,,,2026-09-12 23:05:03
11c10bf15826461792a9,102,503,2026-09-01,2026-09-01,529.86,529.86,529.86,,,2026-09-12 23:05:03
91d67f8522324f11b0dc,109,503,2026-09-02,2026-09-02,296.61,296.61,296.61,,,2026-09-12 23:05:03
99bc9815795b4a14b6ac,118,503,2026-09-03,2026-09-03,1539.12,1539.12,1539.12,,,2026-09-12 23:05:03
878e4245f65d4acf9e78,102,503,2026-09-04,2026-09-04,288.35,288.35,288.35,,,2026-09-12 23:05:03
3bd490e5633c45f6bc78,113,503,2026-09-05,2026-09-05,1643.93,1643.93,1643.93,,,2026-09-12 23:05:03
08f00ef71b4c4b6cab26,114,503,2026-09-06,2026-09-06,1839.51,1839.51,1839.51,,,2026-09-12 23:05:03
88221d0a026f4d0b8d32,117,503,2026-09-07,2026-09-07,234.16,234.16,234.16,,,2026-09-12 23:05:03
38928955f3a6431797e3,101,503,2026-09-08,2026-09-08,396.8,396.8,396.8,,,2026-09-12 23:05:03
b50c3d9e85e945148b77,111,503,2026-09-09,2026-09-09,2250.79,2250.79,2250.79,,,2026-09-12 23:05:03
9275d36a2b3d46198a04,111,503,2026-08-11,2026-08-11,565,565,565,,,2026-09-12 23:05:03
2b8a035672bb492b8868,111,503,2026-08-12,2026-08-12,577.81,577.81,577.81,,,2026-09-12 23:05:03
a0baff53c4c94668982c,104,503,2026-08-13,2026-08-13,1977.2,1977.2,1977.2,,,2026-09-12 23:05:03
0ceae42e89144f80ba6f,113,503,2026-08-14,2026-08-14,535.03,535.03,535.03,,,2026-09-12 23:05:03
e4a0e52043a44b2f83ba,104,503,2026-08-15,2026-08-15,125.68,125.68,125.68,,,2026-09-12 23:05:03
f362ae33552140729f1a,118,503,2026-08-16,2026-08-16,2234.92,2234.92,2234.92,,,2026-09-12 23:05:03
721afe6d3258425aaff5,106,503,2026-08-17,2026-08-17,2416.28,2416.28,2416.28,,,2026-09-12 23:05:03
5607d076e65f4c92b959,113,503,2026-08-18,2026-08-18,373.1,373.1,373.1,,,2026-09-12 23:05:03
a949037eccad4d49afbf,109,503,2026-08-19,2026-08-19,1169.85,1169.85,1169.85,,,2026-09-12 23:05:03
91fb3d6194014958912b,114,503,2026-08-20,2026-08-20,1331.21,1331.21,1331.21,,,2026-09-12 23:05:03
eda37d56c6a94c97bd2d,109,503,2026-08-21,2026-08-21,492.72,492.72,492.72,,,2026-09-12 23:05:03
fe0949ee40c5441ca501,107,503,2026-08-22,2026-08-22,1857.51,1857.51,1857.51,,,2026-09-12 23:05:03
049a9358cd724ea590c8,111,503,2026-08-23,2026-08-23,1386.39,1386.39,1386.39,,,2026-09-12 23:05:03
16420220c0a240b9abbc,120,503,2026-08-24,2026-08-24,1650.39,1650.39,1650.39,,,2026-09-12 23:05:03
f4010aaa39ab49c6bd64,117,503,2026-08-25,2026-08-25,1942.04,1942.04,1942.04,,,2026-09-12 23:05:03
39533ba49e694ca4966e,102,503,2026-08-26,2026-08-26,1550.96,1550.96,1550.96,,,2026-09-12 23:05:03
f2674b21bb914709950a,118,503,2026-08-27,2026-08-27,39.19,39.19,39.19,,,2026-09-12 23:05:03
f371550beadb481ebcdb,120,503,2026-08-28,2026-08-28,408.81,408.81,408.81,,,2026-09-12 23:05:03
71ca8f2d35134e46be03,105,503,2026-08-29,2026-08-29,573.58,573.58,573.58,,,2026-09-12 23:05:03
83257ef92f0a4f65a214,117,503,2026-08-30,2026-08-30,366.09,366.09,366.09,,,2026-09-12 23:05:03
158cd2a919b14847b7f4,119,503,2026-08-31,2026-08-31,400.72,400.72,400.72,,,2026-09-12 23:05:03
ab5b4598bd2c4764b344,108,503,2026-09-01,2026-09-01,569.15,569.15,569.15,,,2026-09-12 23:05:03
a85d16b8fb524fb88389,105,503,2026-09-02,2026-09-02,2453.82,2453.82,2453.82,,,2026-09-12 23:05:03
c574b8a750ee497f971a,106,503,2026-09-03,2026-09-03,935.18,935.18,935.18,,,2026-09-12 23:05:03
659877fea8c24a38a383,105,503,2026-09-04,2026-09-04,322.6,322.6,322.6,,,2026-09-12 23:05:03
d7c857c9541b40f6b7b6,105,503,2026-09-05,2026-09-05,2088.2,2088.2,2088.2,,,2026-09-12 23:05:03
b518e5a48f3549ab9a71,117,503,2026-09-06,2026-09-06,55.53,55.53,55.53,,,2026-09-12 23:05:03
8ba17c7eb6794e24851a,104,503,2026-09-07,2026-09-07,31.55,31.55,31.55,,,2026-09-12 23:05:03
b1a9a5cd9c8947a4aa65,108,503,2026-09-08,2026-09-08,595.83,595.83,595.83,,,2026-09-12 23:05:03
cd53a6d0c875415da276,117,503,2026-09-09,2026-09-09,255.37,255.37,255.37,,,2026-09-12 23:05:03
b73c6114308e4aaba1a7,118,503,2026-08-11,2026-08-11,571.57,571.57,571.57,,,2026-09-12 23:05:03
af069d8d9cb741898080,120,503,2026-08-12,2026-08-12,1106.67,1106.67,1106.67,,,2026-09-12 23:05:03
da61af0ce22b44cd8e83,102,503,2026-08-13,2026-08-13,1157.86,1157.86,1157.86,,,2026-09-12 23:05:03
e8603f7e120c4f91b911,107,503,2026-08-14,2026-08-14,706.11,706.11,706.11,,,2026-09-12 23:05:03
ff9e433580ff4306ad03,109,503,2026-08-15,2026-08-15,235.52,235.52,235.52,,,2026-09-12 23:05:03
6b3b09d06fd642159ee9,107,503,2026-08-16,2026-08-16,1031.05,1031.05,1031.05,,,2026-09-12 23:05:03
104506307dd946099524,110,503,2026-08-17,2026-08-17,652.81,652.81,652.81,,,2026-09-12 23:05:03
32a4784172a54d848bdd,103,503,2026-08-18,2026-08-18,352.86,352.86,352.86,,,2026-09-12 23:05:03
8a0bd851e92f4de59f70,109,503,2026-08-19,2026-08-19,1509.52,1509.52,1509.52,,,2026-09-12 23:05:03
1cdf766409474402b114,119,503,2026-08-20,2026-08-20,305.62,305.62,305.62,,,2026-09-12 23:05:03
5c7679936102420f8d1f,114,503,2026-08-21,2026-08-21,738.05,738.05,738.05,,,2026-09-12 23:05:03
2d3d06c150c7493abcaa,107,503,2026-08-22,2026-08-22,68.91,68.91,68.91,,,2026-09-12 23:05:03
21752cdb36ca464d9405,108,503,2026-08-23,2026-08-23,340.83,340.83,340.83,,,2026-09-12 23:05:03
f0bf7d64df5543aa95a3,108,503,2026-08-24,2026-08-24,1775.13,1775.13,1775.13,,,2026-09-12 23:05:03
eff7efc3f58548ac9eab,111,503,2026-08-25,2026-08-25,208.79,208.79,208.79,,,2026-09-12 23:05:03
85bddeeb1ecf458e94d3,114,503,2026-08-26,2026-08-26,39.03,39.03,39.03,,,2026-09-12 23:05:03
8c7cae23ae5b43ceaca4,104,503,2026-08-27,2026-08-27,466.33,466.33,466.33,,,2026-09-12 23:05:03
09d74b40f6344085983a,112,503,2026-08-28,2026-08-28,1709.8,1709.8,1709.8,,,2026-09-12 23:05:03
3b2761543c2043f9bd5c,112,503,2026-08-29,2026-08-29,411.68,411.68,411.68,,,2026-09-12 23:05:03
d0e8bebbe2ff4361bcb0,111,503,2026-08-30,2026-08-30,381.39,381.39,381.39,,,2026-09-12 23:05:03
240ee25985a74de593de,105,503,2026-08-31,2026-08-31,131.18,131.18,131.18,,,2026-09-12 23:05:03
94ea3781a5bd4edb9a73,101,503,2026-09-01,2026-09-01,136.42,136.42,136.42,,,2026-09-12 23:05:03
50ad9d81f35449a78ae9,118,503,2026-09-02,2026-09-02,2030.65,2030.65,2030.65,,,2026-09-12 23:05:03
65d09b95407f40ea860c,111,503,2026-09-03,2026-09-03,934.71,934.71,934.71,,,2026-09-12 23:05:03
d9fe908a4e73404bb4fb,118,503,2026-09-04,2026-09-04,1238.8,1238.8,1238.8,,,2026-09-12 23:05:03
5332fe76a8dc4fa89426,111,503,2026-09-05,2026-09-05,3062.22,3062.22,3062.22,,,2026-09-12 23:05:03
23142fd4116b4c6994ae,106,503,2026-09-06,2026-09-06,1037.09,1037.09,1037.09,,,2026-09-12 23:05:03
64e99833a45e45fc9cd6,114,503,2026-09-07,2026-09-07,364.27,364.27,364.27,,,2026-09-12 23:05:03
31062ea06d1f4c28ad9a,106,503,2026-09-08,2026-09-08,858.63,858.63,858.63,,,2026-09-12 23:05:03
4222888128a94ad7bb48,117,503,2026-09-09,2026-09-09,11.34,11.34,11.34,,,2026-09-12 23:05:03
dc8cd447c1b943ddaa75,116,503,2026-08-11,2026-08-11,1113.31,1113.31,1113.31,,,2026-09-12 23:05:03
899927fe4478438fb88c,102,503,2026-08-12,2026-08-12,596.95,596.95,596.95,,,2026-09-12 23:05:03
c4f525de4a764e4f95fd,116,503,2026-08-13,2026-08-13,337.18,337.18,337.18,,,2026-09-12 23:05:03
5ceb94457f204a55af23,119,503,2026-08-14,2026-08-14,699.14,699.14,699.14,,,2026-09-12 23:05:03
8f229f11a0f3451bab56,113,503,2026-08-15,2026-08-15,1054.15,1054.15,1054.15,,,2026-09-12 23:05:03
5247c001ce8b490497c0,110,503,2026-08-16,2026-08-16,113.94,113.94,113.94,,,2026-09-12 23:05:03
7e24b078501e44aa925b,115,503,2026-08-17,2026-08-17,508.18,508.18,508.18,,,2026-09-12 23:05:03
cb109a0223aa44d295d2,113,503,2026-08-18,2026-08-18,1455.7,1455.7,1455.7,,,2026-09-12 23:05:03
95420b28960b4d1eacfd,116,503,2026-08-19,2026-08-19,691.18,691.18,691.18,,,2026-09-12 23:05:03
d1d164077c794dcab46a,110,503,2026-08-20,2026-08-20,523.22,523.22,523.22,,,2026-09-12 23:05:03
7a84cf08b02148a8a182,106,503,2026-08-21,2026-08-21,1167.27,1167.27,1167.27,,,2026-09-12 23:05:03
57b626b5b92e4e29825d,118,503,2026-08-22,2026-08-22,540.69,540.69,540.69,,,2026-09-12 23:05:03
760701666c4f41c3b969,110,503,2026-08-23,2026-08-23,54.05,54.05,54.05,,,2026-09-12 23:05:03
5e99242de50d4633b61b,116,503,2026-08-24,2026-08-24,600.92,600.92,600.92,,,2026-09-12 23:05:03
53d3385371814399b122,111,503,2026-08-25,2026-08-25,1741.39,1741.39,1741.39,,,2026-09-12 23:05:03
7fe2dbed3de0433f98a8,114,503,2026-08-26,2026-08-26,448.98,448.98,448.98,,,2026-09-12 23:05:03
b89fc7dba36d463eb124,112,503,2026-08-27,2026-08-27,1387.96,1387.96,1387.96,,,2026-09-12 23:05:03
f1d96dd8beea41519d89,105,503,2026-08-28,2026-08-28,128.64,128.64,128.64,,,2026-09-12 23:05:03
85afd7f84ec342ca82d0,106,503,2026-08-29,2026-08-29,1293.52,1293.52,1293.52,,,2026-09-12 23:05:03
0c49f14e114343d7ae36,116,503,2026-08-30,2026-08-30,828.91,828.91,828.91,,,2026-09-12 23:05:03
a6e22880cf6e4e13b91d,111,503,2026-08-31,2026-08-31,123.62,123.62,123.62,,,2026-09-12 23:05:03
bb95a9cd18554dc0b1bd,105,503,2026-09-01,2026-09-01,212.39,212.39,212.39,,,2026-09-12 23:05:03
d8d19d6baa874f339912,110,503,2026-09-02,2026-09-02,271.26,271.26,271.26,,,2026-09-12 23:05:03
bbfc2c43c07943e188c3,102,503,2026-09-03,2026-09-03,1673.13,1673.13,1673.13,,,2026-09-12 23:05:03
65b4cf2a8f2742bfa556,109,503,2026-09-04,2026-09-04,1172.8,1172.8,1172.8,,,2026-09-12 23:05:03
a826e16915a944b28d4e,102,503,2026-09-05,2026-09-05,149.03,149.03,149.03,,,2026-09-12 23:05:03
25614bfc51ea4d38a1f5,103,503,2026-09-06,2026-09-06,334.15,334.15,334.15,,,2026-09-12 23:05:03
295c44840cb24ccc8be8,103,503,2026-09-07,2026-09-07,1383.13,1383.13,1383.13,,,2026-09-12 23:05:03
9751191f5c7348598e2f,102,503,2026-09-08,2026-09-08,864.61,864.61,864.61,,,2026-09-12 23:05:03
194231157fad4e349aeb,110,503,2026-09-09,2026-09-09,282.89,282.89,282.89,,,2026-09-12 23:05:03
d732cc2e0f0747e2ae2a,118,503,2026-08-11,2026-08-11,2142.3,2142.3,2142.3,,,2026-09-12 23:05:03
ea51699c9569418c9d7f,104,503,2026-08-12,2026-08-12,1133.11,1133.11,1133.11,,,2026-09-12 23:05:03
b33f4856023d457abdc2,103,503,2026-08-13,2026-08-13,19.98,19.98,19.98,,,2026-09-12 23:05:03
7c0c15c483b44525942f,101,503,2026-08-14,2026-08-14,88.44,88.44,88.44,,,2026-09-12 23:05:03
80953c991f474e1bb39d,102,503,2026-08-15,2026-08-15,255.04,255.04,255.04,,,2026-09-12 23:05:03
4fb30f403bc6444d8891,107,503,2026-08-16,2026-08-16,479.35,479.35,479.35,,,2026-09-12 23:05:03
7948a6de721a401f8cd7,118,503,2026-08-17,2026-08-17,372.45,372.45,372.45,,,2026-09-12 23:05:03
a2d04c31d16944ea965d,119,503,2026-08-18,2026-08-18,284.77,284.77,284.77,,,2026-09-12 23:05:03
5f69bc949a9044c79525,110,503,2026-08-19,2026-08-19,325.28,325.28,325.28,,,2026-09-12 23:05:03
2525b2aed0684f4cb8a6,103,503,2026-08-20,2026-08-20,526.12,526.12,526.12,,,2026-09-12 23:05:03
3f172006e1c843bfbcdf,110,503,2026-08-21,2026-08-21,926.91,926.91,926.91,,,2026-09-12 23:05:03
324154222d8d42b19da2,104,503,2026-08-22,2026-08-22,412.8,412.8,412.8,,,2026-09-12 23:05:03
054944adf1bf40119c82,115,503,2026-08-23,2026-08-23,321.13,321.13,321.13,,,2026-09-12 23:05:03
51c741bad4274584b49e,107,503,2026-08-24,2026-08-24,1017.08,1017.08,1017.08,,,2026-09-12 23:05:03
94186e17fb4d4302852a,119,503,2026-08-25,2026-08-25,636.98,636.98,636.98,,,2026-09-12 23:05:03
3b4f99bdc20c423a8cf8,120,503,2026-08-26,2026-08-26,917.88,917.88,917.88,,,2026-09-12 23:05:03
6ea692a281d7488b8231,102,503,2026-08-27,2026-08-27,297.61,297.61,297.61,,,2026-09-12 23:05:03
a96069e90d2146de9cad,109,503,2026-08-28,2026-08-28,2106.84,2106.84,2106.84,,,2026-09-12 23:05:03
e5de01084eba475d8080,119,503,2026-08-29,2026-08-29,1858.62,1858.62,1858.62,,,2026-09-12 23:05:03
3310fd6e02914c7b8e1e,118,503,2026-08-30,2026-08-30,667.09,667.09,667.09,,,2026-09-12 23:05:03
70e85ed091234aea9910,105,503,2026-08-31,2026-08-31,1844.19,1844.19,1844.19,,,2026-09-12 23:05:03
a25f79f466af4bc6a077,113,503,2026-09-01,2026-09-01,351.56,351.56,351.56,,,2026-09-12 23:05:03
4416e90e14864faa86bb,108,503,2026-09-02,2026-09-02,2868.13,2868.13,2868.13,,,2026-09-12 23:05:03
75ff52dc94214232b006,115,503,2026-09-03,2026-09-03,47.2,47.2,47.2,,,2026-09-12 23:05:03
8a1c6f3a56104bf09598,111,503,2026-09-04,2026-09-04,7.59,7.59,7.59,,,2026-09-12 23:05:03
fb60704f2d7b477ba23d,110,503,2026-09-05,2026-09-05,1645.9,1645.9,1645.9,,,2026-09-12 23:05:03
0fd96e05da224343966e,102,503,2026-09-06,2026-09-06,668.93,668.93,668.93,,,2026-09-12 23:05:03
d34151e622d549e28742,107,503,2026-09-07,2026-09-07,61.32,61.32,61.32,,,2026-09-12 23:05:03
60d5a259af064a659d64,110,503,2026-09-08,2026-09-08,509.93,509.93,509.93,,,2026-09-12 23:05:03
0c5715f8e08345dd8909,117,503,2026-09-09,2026-09-09,2450.25,2450.25,2450.25,,,2026-09-12 23:05:03
7b620c33f6de407696ca,118,503,2026-08-11,2026-08-11,274.19,274.19,274.19,,,2026-09-12 23:05:03
a0214082cd464e9192c7,109,503,2026-08-12,2026-08-12,1577.86,1577.86,1577.86,,,2026-09-12 23:05:03
f4d51013443a46988faf,106,503,2026-08-13,2026-08-13,272.96,272.96,272.96,,,2026-09-12 23:05:03
83841f5ee0c24694ade3,108,503,2026-08-14,2026-08-14,1032.42,1032.42,1032.42,,,2026-09-12 23:05:03
5b382b08a20742acb1ce,107,503,2026-08-15,2026-08-15,26.29,26.29,26.29,,,2026-09-12 23:05:03
1eb53337e73049ef97c7,103,503,2026-08-16,2026-08-16,1118.5,1118.5,1118.5,,,2026-09-12 23:05:03
c6f315ad031840ce87f6,118,503,2026-08-17,2026-08-17,47.54,47.54,47.54,,,2026-09-12 23:05:03
55229f05669546438e1b,116,503,2026-08-18,2026-08-18,981.35,981.35,981.35,,,2026-09-12 23:05:03
9e247ee4ea554ed3b98f,107,503,2026-08-19,2026-08-19,583.2,583.2,583.2,,,2026-09-12 23:05:03
36b7aec0f89044de9cd9,118,503,2026-08-20,2026-08-20,429.27,429.27,429.27,,,2026-09-12 23:05:03
af3f4fc399f84f30932c,107,503,2026-08-21,2026-08-21,7.75,7.75,7.75,,,2026-09-12 23:05:03
2224523589574da7b393,112,503,2026-08-22,2026-08-22,566.91,566.91,566.91,,,2026-09-12 23:05:03
17f88b8137f54daaa0a0,103,503,2026-08-23,2026-08-23,76.52,76.52,76.52,,,2026-09-12 23:05:03
db8865de4d714b48932f,113,503,2026-08-24,2026-08-24,736.2,736.2,736.2,,,2026-09-12 23:05:03
8089658a54d241f29cb5,120,503,2026-08-25,2026-08-25,4.63,4.63,4.63,,,2026-09-12 23:05:03
8ccb2fbb9dea4e04a05a,116,503,2026-08-26,2026-08-26,657.52,657.52,657.52,,,2026-09-12 23:05:03
3e48ca7564f445b0a527,119,503,2026-08-27,2026-08-27,1568.1,1568.1,1568.1,,,2026-09-12 23:05:03
555608408707476287e8,104,503,2026-08-28,2026-08-28,2408.79,2408.79,2408.79,,,2026-09-12 23:05:03
6cce1577874c4fc9ab6d,106,503,2026-08-29,2026-08-29,132.27,132.27,132.27,,,2026-09-12 23:05:03
8aac2af090c24deb84c9,116,503,2026-08-30,2026-08-30,110.12,110.12,110.12,,,2026-09-12 23:05:03
16572cd9d94e4766bd1a,102,503,2026-08-31,2026-08-31,468.38,468.38,468.38,,,2026-09-12 23:05:03
f6f91e2c35c24ed48bfd,106,503,2026-09-01,2026-09-01,546.54,546.54,546.54,,,2026-09-12 23:05:03
b89d57d762984a899708,115,503,2026-09-02,2026-09-02,93.46,93.46,93.46,,,2026-09-12 23:05:03
18841fa09a474203abd5,111,503,2026-09-03,2026-09-03,37.28,37.28,37.28,,,2026-09-12 23:05:03
6ddfe939a6be44fbbf4c,103,503,2026-09-04,2026-09-04,1386.25,1386.25,1386.25,,,2026-09-12 23:05:03
1cddf369a9664d4c8e97,102,503,2026-09-05,2026-09-05,361.11,361.11,361.11,,,2026-09-12 23:05:03
f12b197a6a61485d88f0,116,503,2026-09-06,2026-09-06,250.99,250.99,250.99,,,2026-09-12 23:05:03
f3f9e18babac474ca474,116,503,2026-09-07,2026-09-07,1755.08,1755.08,1755.08,,,2026-09-12 23:05:03
31f3b8bff2314f32bca1,112,503,2026-09-08,2026-09-08,163.12,163.12,163.12,,,2026-09-12 23:05:03
4fe2c6ba9387400db6a9,104,503,2026-09-09,2026-09-09,565.33,565.33,565.33,,,2026-09-12 23:05:03
3475b8d46aa242298131,118,503,2026-08-11,2026-08-11,390.74,390.74,390.74,,,2026-09-12 23:05:03
ff125d3ff2f7470588c6,119,503,2026-08-12,2026-08-12,1933.41,1933.41,1933.41,,,2026-09-12 23:05:03
857b2abc79df4cfbaa83,113,503,2026-08-13,2026-08-13,1620.77,1620.77,1620.77,,,2026-09-12 23:05:03
e3293d89c16b40038ccb,103,503,2026-08-14,2026-08-14,267.16,267.16,267.16,,,2026-09-12 23:05:03
c4487991d6c14254a912,116,503,2026-08-15,2026-08-15,153.2,153.2,153.2,,,2026-09-12 23:05:03
72f2c3dd788140a5b63a,109,503,2026-08-16,2026-08-16,295.77,295.77,295.77,,,2026-09-12 23:05:03
84739c05067d4bfd9856,119,503,2026-08-17,2026-08-17,710.81,710.81,710.81,,,2026-09-12 23:05:03
37e698748a174b399b04,115,503,2026-08-18,2026-08-18,1120.33,1120.33,1120.33,,,2026-09-12 23:05:03
aa16d8c89e9846f48eaf,102,503,2026-08-19,2026-08-19,1304.86,1304.86,1304.86,,,2026-09-12 23:05:03
be8091bce59a4cb199d3,101,503,2026-08-20,2026-08-20,154.51,154.51,154.51,,,2026-09-12 23:05:03
fee9e142c2724a40b901,106,503,2026-08-21,2026-08-21,1035.44,1035.44,1035.44,,,2026-09-12 23:05:03
5a73129639bb4d519338,101,503,2026-08-22,2026-08-22,1071.59,1071.59,1071.59,,,2026-09-12 23:05:03
a0f402aa4a4e42429262,104,503,2026-08-23,2026-08-23,186.1,186.1,186.1,,,2026-09-12 23:05:03
7892bb7db65243c1b141,110,503,2026-08-24,2026-08-24,222.19,222.19,222.19,,,2026-09-12 23:05:03
f58c35f763984e18a620,103,503,2026-08-25,2026-08-25,796.85,796.85,796.85,,,2026-09-12 23:05:03
ecb8d5cdc7ac4259aa67,112,503,2026-08-26,2026-08-26,551.91,551.91,551.91,,,2026-09-12 23:05:03
bd341bc253924468bb9d,108,503,2026-08-27,2026-08-27,2734.99,2734.99,2734.99,,,2026-09-12 23:05:03
fe0564a7be6949a0b041,111,503,2026-08-28,2026-08-28,623.82,623.82,623.82,,,2026-09-12 23:05:03
2a5dd89f19454649b7d7,107,503,2026-08-29,2026-08-29,217.58,217.58,217.58,,,2026-09-12 23:05:03
45b31394179e4b3382e7,111,503,2026-08-30,2026-08-30,437.75,437.75,437.75,,,2026-09-12 23:05:03
1596af1ae3484d85a956,102,503,2026-08-31,2026-08-31,80.84,80.84,80.84,,,2026-09-12 23:05:03
d1d268750aeb43429faf,107,503,2026-09-01,2026-09-01,1418.88,1418.88,1418.88,,,2026-09-12 23:05:03
f796d1d1259544a393f3,101,503,2026-09-02,2026-09-02,241.73,241.73,241.73,,,2026-09-12 23:05:03
b6a81262c5c74168a831,116,503,2026-09-03,2026-09-03,1443.39,1443.39,1443.39,,,2026-09-12 23:05:03
77dfc7a499544bc8a8f7,104,503,2026-09-04,2026-09-04,583.96,583.96,583.96,,,2026-09-12 23:05:03
2366ea7fc18e469f8a81,112,503,2026-09-05,2026-09-05,797.62,797.62,797.62,,,2026-09-12 23:05:03
3aed24beef4248809e73,108,503,2026-09-06,2026-09-06,1023.65,1023.65,1023.65,,,2026-09-12 23:05:03
3f0f5879a1124dc98e19,109,503,2026-09-07,2026-09-07,396.53,396.53,396.53,,,2026-09-12 23:05:03
2f07687af763465c9b0f,113,503,2026-09-08,2026-09-08,1471.48,1471.48,1471.48,,,2026-09-12 23:05:03
60678f19850846ccbf29,111,503,2026-09-09,2026-09-09,135,135,135,,,2026-09-12 23:05:03
7e5583e33e9c4a36acde,114,503,2026-08-11,2026-08-11,766.51,766.51,766.51,,,2026-09-12 23:05:03
f1565e29ebc346838754,104,503,2026-08-12,2026-08-12,19.69,19.69,19.69,,,2026-09-12 23:05:03
a759d20bc72e42de8a40,109,503,2026-08-13,2026-08-13,50.44,50.44,50.44,,,2026-09-12 23:05:03
b1e914b3fc5a467fb4f4,103,503,2026-08-14,2026-08-14,118.94,118.94,118.94,,,2026-09-12 23:05:03
d0b67b91eb6547b0a0df,113,503,2026-08-15,2026-08-15,219.9,219.9,219.9,,,2026-09-12 23:05:03
422acb69db644a589cc0,116,503,2026-08-16,2026-08-16,1185.05,1185.05,1185.05,,,2026-09-12 23:05:03
8ea8771daef741d19e7b,114,503,2026-08-17,2026-08-17,756.38,756.38,756.38,,,2026-09-12 23:05:03
e17cc84cd10e4ebcb431,108,503,2026-08-18,2026-08-18,361.12,361.12,361.12,,,2026-09-12 23:05:03
fc1917a2348c4126aad7,101,503,2026-08-19,2026-08-19,816.1,816.1,816.1,,,2026-09-12 23:05:03
5086f886787a42ad81df,105,503,2026-08-20,2026-08-20,1175.9,1175.9,1175.9,,,2026-09-12 23:05:03
caaf732a765147169de2,109,503,2026-08-21,2026-08-21,162.2,162.2,162.2,,,2026-09-12 23:05:03
08e008f25378476b8e57,108,503,2026-08-22,2026-08-22,824.75,824.75,824.75,,,2026-09-12 23:05:03
00d7435527cd4906bdf6,108,503,2026-08-23,2026-08-23,946.09,946.09,946.09,,,2026-09-12 23:05:03
ef9c7f43c2474c3ca50a,109,503,2026-08-24,2026-08-24,1453.89,1453.89,1453.89,,,2026-09-12 23:05:03
d69a2ce41518457e9359,108,503,2026-08-25,2026-08-25,127.37,127.37,127.37,,,2026-09-12 23:05:03
2bf8406881c549d3a6eb,116,503,2026-08-26,2026-08-26,234.41,234.41,234.41,,,2026-09-12 23:05:03
9706a912246749af8d6a,107,503,2026-08-27,2026-08-27,117.2,117.2,117.2,,,2026-09-12 23:05:03
a088ae92da1744268779,106,503,2026-08-28,2026-08-28,312.06,312.06,312.06,,,2026-09-12 23:05:03
181376bddb73495ea895,109,503,2026-08-29,2026-08-29,1726.68,1726.68,1726.68,,,2026-09-12 23:05:03
5c7b9e5432ab40a8a386,110,503,2026-08-30,2026-08-30,18.48,18.48,18.48,,,2026-09-12 23:05:03
fd7669738a224c9596f2,114,503,2026-08-31,2026-08-31,2378.94,2378.94,2378.94,,,2026-09-12 23:05:03
2882ec62c0364bc797cf,113,503,2026-09-01,2026-09-01,132.04,132.04,132.04,,,2026-09-12 23:05:03
bc306d2959e0446ba063,101,503,2026-09-02,2026-09-02,266.03,266.03,266.03,,,2026-09-12 23:05:03
930be691605c4b34bdfe,113,503,2026-09-03,2026-09-03,695.69,695.69,695.69,,,2026-09-12 23:05:03
bc4895f647c24f49a5a5,114,503,2026-09-04,2026-09-04,658.81,658.81,658.81,,,2026-09-12 23:05:03
fb6d502c7c7d4744acdd,119,503,2026-09-05,2026-09-05,410.29,410.29,410.29,,,2026-09-12 23:05:03
448fde19507e4d75b8b8,106,503,2026-09-06,2026-09-06,2349.81,2349.81,2349.81,,,2026-09-12 23:05:03
ff9a4e0859684255b7bd,119,503,2026-09-07,2026-09-07,1772.46,1772.46,1772.46,,,2026-09-12 23:05:03
9ea6b1dc5d854432a120,109,503,2026-09-08,2026-09-08,1387.63,1387.63,1387.63,,,2026-09-12 23:05:03
edcd846ec125487eacd4,116,503,2026-09-09,2026-09-09,174.25,174.25,174.25,,,2026-09-12 23:05:03
601a8db073e94cc89a9e,106,503,2026-08-11,2026-08-11,1059.55,1059.55,1059.55,,,2026-09-12 23:05:03
8bb2f23b8b834abe9a4c,120,503,2026-08-12,2026-08-12,2356.2,2356.2,2356.2,,,2026-09-12 23:05:03
2b2362609d3e4e269473,109,503,2026-08-13,2026-08-13,1122.84,1122.84,1122.84,,,2026-09-12 23:05:03
bd25d7d71adf4f3a9478,111,503,2026-08-14,2026-08-14,2010.49,2010.49,2010.49,,,2026-09-12 23:05:03
753ab08fd3cc4b8ba678,112,503,2026-08-15,2026-08-15,2700.3,2700.3,2700.3,,,2026-09-12 23:05:03
209f6456932c4ff18acb,114,503,2026-08-16,2026-08-16,244.17,244.17,244.17,,,2026-09-12 23:05:03
487ac0894bfd4f7c9745,110,503,2026-08-17,2026-08-17,2050.68,2050.68,2050.68,,,2026-09-12 23:05:03
daa1d4b4f9e044b8b748,118,503,2026-08-18,2026-08-18,638.49,638.49,638.49,,,2026-09-12 23:05:03
dcab6ff5e7dd45c392de,105,503,2026-08-19,2026-08-19,122.2,122.2,122.2,,,2026-09-12 23:05:03
62d967f215d94188a2f6,105,503,2026-08-20,2026-08-20,690.31,690.31,690.31,,,2026-09-12 23:05:03
86941f3eef1b4437a3f7,103,503,2026-08-21,2026-08-21,207.92,207.92,207.92,,,2026-09-12 23:05:03
233b28db10af4ea791bb,104,503,2026-08-22,2026-08-22,53.6,53.6,53.6,,,2026-09-12 23:05:03
d88b4c7334bc4e4cb7f4,116,503,2026-08-23,2026-08-23,395.39,395.39,395.39,,,2026-09-12 23:05:03
a12474c77e214f10ad04,112,503,2026-08-24,2026-08-24,1637.8,1637.8,1637.8,,,2026-09-12 23:05:03
2dd0ba51e5f742af85ef,110,503,2026-08-25,2026-08-25,87.18,87.18,87.18,,,2026-09-12 23:05:03
08a4f2c0e253437aa5d8,103,503,2026-08-26,2026-08-26,357.2,357.2,357.2,,,2026-09-12 23:05:03
6c955e7a348544f083a8,104,503,2026-08-27,2026-08-27,2874.57,2874.57,2874.57,,,2026-09-12 23:05:03
d16316fc06844c888658,113,503,2026-08-28,2026-08-28,810.05,810.05,810.05,,,2026-09-12 23:05:03
44889ea0988c4f93ad0c,115,503,2026-08-29,2026-08-29,202.23,202.23,202.23,,,2026-09-12 23:05:03
bad48a3530304d4c8ecb,106,503,2026-08-30,2026-08-30,729.71,729.71,729.71,,,2026-09-12 23:05:03
da32f5f0851845318123,102,503,2026-08-31,2026-08-31,1209.22,1209.22,1209.22,,,2026-09-12 23:05:03
e22cca450477401996d6,107,503,2026-09-01,2026-09-01,240.67,240.67,240.67,,,2026-09-12 23:05:03
8bc4fbc054814568ad6c,103,503,2026-09-02,2026-09-02,81,81,81,,,2026-09-12 23:05:03
82133a258aa44cfcb86f,111,503,2026-09-03,2026-09-03,1740.04,1740.04,1740.04,,,2026-09-12 23:05:03
22d9d68927da432aa17b,118,503,2026-09-04,2026-09-04,282.41,282.41,282.41,,,2026-09-12 23:05:03
f26f6719bfc94ad29955,119,503,2026-09-05,2026-09-05,971.69,971.69,971.69,,,2026-09-12 23:05:03
311372366b1f49e7b48d,117,503,2026-09-06,2026-09-06,1412.46,1412.46,1412.46,,,2026-09-12 23:05:03
455ea84f62984eb2af25,108,503,2026-09-07,2026-09-07,827.35,827.35,827.35,,,2026-09-12 23:05:03
07e878978c00457c8a2f,116,503,2026-09-08,2026-09-08,1252.45,1252.45,1252.45,,,2026-09-12 23:05:03
eaf6291ce7a84230b30c,103,503,2026-09-09,2026-09-09,3.47,3.47,3.47,,,2026-09-12 23:05:03
e16c16881a894f389ad5,115,504,2026-08-11,2026-08-11,2234.64,2234.64,2234.64,,,2026-09-12 23:05:03
b6b1e63d84914917a614,111,504,2026-08-12,2026-08-12,137.59,137.59,137.59,,,2026-09-12 23:05:03
62d3e354a5e94d32a8dc,116,504,2026-08-13,2026-08-13,259.01,259.01,259.01,,,2026-09-12 23:05:03
636e1b9a87364322915a,106,504,2026-08-14,2026-08-14,1026.32,1026.32,1026.32,,,2026-09-12 23:05:03
45880f28a82349018b9c,115,504,2026-08-15,2026-08-15,418.71,418.71,418.71,,,2026-09-12 23:05:03
912c2f4302c148aab2f3,107,504,2026-08-16,2026-08-16,574.35,574.35,574.35,,,2026-09-12 23:05:03
0ffb98ec0d7c47289765,114,504,2026-08-17,2026-08-17,2626.44,2626.44,2626.44,,,2026-09-12 23:05:03
92aa0d811f8542e39987,105,504,2026-08-18,2026-08-18,4562.41,4562.41,4562.41,,,2026-09-12 23:05:03
c67be98b4e1d407db815,112,504,2026-08-19,2026-08-19,3311.52,3311.52,3311.52,,,2026-09-12 23:05:03
9110b9d16f244b5f8de2,112,504,2026-08-20,2026-08-20,701.82,701.82,701.82,,,2026-09-12 23:05:03
d6a24a72358443469685,120,504,2026-08-21,2026-08-21,3995.23,3995.23,3995.23,,,2026-09-12 23:05:03
80cf30c34d9d4a8a8f19,115,504,2026-08-22,2026-08-22,4163.33,4163.33,4163.33,,,2026-09-12 23:05:03
d2cc4623c5fa41688d7f,102,504,2026-08-23,2026-08-23,2982.22,2982.22,2982.22,,,2026-09-12 23:05:03
a5a24ee1f2bd4422ad07,120,504,2026-08-24,2026-08-24,3601.01,3601.01,3601.01,,,2026-09-12 23:05:03
aa1e9a761e114b8aac1f,120,504,2026-08-25,2026-08-25,1952.32,1952.32,1952.32,,,2026-09-12 23:05:03
a0e15c8f381b4a508e82,104,504,2026-08-26,2026-08-26,911.72,911.72,911.72,,,2026-09-12 23:05:03
322a5dc136404c68a860,105,504,2026-08-27,2026-08-27,2920.17,2920.17,2920.17,,,2026-09-12 23:05:03
d05e540add6143869443,107,504,2026-08-28,2026-08-28,3615.88,3615.88,3615.88,,,2026-09-12 23:05:03
84a6c49c25bb49729bb3,113,504,2026-08-29,2026-08-29,28.26,28.26,28.26,,,2026-09-12 23:05:03
74080660863c43b4a82e,108,504,2026-08-30,2026-08-30,4587.85,4587.85,4587.85,,,2026-09-12 23:05:03
720b2f5ed70e47ac8092,107,504,2026-08-31,2026-08-31,3167.08,3167.08,3167.08,,,2026-09-12 23:05:03
c1a51e218b9b4a369dd9,120,504,2026-09-01,2026-09-01,1288.09,1288.09,1288.09,,,2026-09-12 23:05:03
ec7cc1565d3f47edb625,109,504,2026-09-02,2026-09-02,2043.14,2043.14,2043.14,,,2026-09-12 23:05:03
ea4cbdaf33f7455fa4e0,104,504,2026-09-03,2026-09-03,1398.02,1398.02,1398.02,,,2026-09-12 23:05:03
0eab12bfa28f4215a09e,107,504,2026-09-04,2026-09-04,1631.97,1631.97,1631.97,,,2026-09-12 23:05:03
8a82b8920f284805a78f,111,504,2026-09-05,2026-09-05,2566.87,2566.87,2566.87,,,2026-09-12 23:05:03
1144719da65d495db1bd,102,504,2026-09-06,2026-09-06,69.67,69.67,69.67,,,2026-09-12 23:05:03
740204929bee4b41a49b,114,504,2026-09-07,2026-09-07,2275.62,2275.62,2275.62,,,2026-09-12 23:05:03
e3949d93771a4520adf4,118,504,2026-09-08,2026-09-08,4293.75,4293.75,4293.75,,,2026-09-12 23:05:03
bf166eab00c4427e8353,111,504,2026-09-09,2026-09-09,89.9,89.9,89.9,,,2026-09-12 23:05:03
458ff0145b604f7ab4c1,115,504,2026-08-11,2026-08-11,303.61,303.61,303.61,,,2026-09-12 23:05:03
2bba8e8e29a247ac8a14,108,504,2026-08-12,2026-08-12,787.28,787.28,787.28,,,2026-09-12 23:05:03
62c085a299c84743acc6,102,504,2026-08-13,2026-08-13,633.57,633.57,633.57,,,2026-09-12 23:05:03
ea717d18360e4d17b391,119,504,2026-08-14,2026-08-14,1209.01,1209.01,1209.01,,,2026-09-12 23:05:03
2c9aee2270e047dba98a,109,504,2026-08-15,2026-08-15,2382.12,2382.12,2382.12,,,2026-09-12 23:05:03
af39061912be499fb76d,118,504,2026-08-16,2026-08-16,5108.41,5108.41,5108.41,,,2026-09-12 23:05:03
546b84a2cc19468bb2a6,120,504,2026-08-17,2026-08-17,1051.07,1051.07,1051.07,,,2026-09-12 23:05:03
8d62d486018a4866aabc,111,504,2026-08-18,2026-08-18,1260.22,1260.22,1260.22,,,2026-09-12 23:05:03
b81269358fbd4b2dad55,118,504,2026-08-19,2026-08-19,664.35,664.35,664.35,,,2026-09-12 23:05:03
3dbc5ecea195482ca16f,105,504,2026-08-20,2026-08-20,5021.11,5021.11,5021.11,,,2026-09-12 23:05:03
db6fda7ab86a481cafff,102,504,2026-08-21,2026-08-21,3242.21,3242.21,3242.21,,,2026-09-12 23:05:03
1788bf3f55eb43f19b29,105,504,2026-08-22,2026-08-22,6068.53,6068.53,6068.53,,,2026-09-12 23:05:03
6f98b669fa2d466b9b4a,116,504,2026-08-23,2026-08-23,60.84,60.84,60.84,,,2026-09-12 23:05:03
f3ccce538f284ce09e7b,102,504,2026-08-24,2026-08-24,3531.04,3531.04,3531.04,,,2026-09-12 23:05:03
d7ae85cf18d044188629,119,504,2026-08-25,2026-08-25,280.48,280.48,280.48,,,2026-09-12 23:05:03
052b809667f44ad3b86c,105,504,2026-08-26,2026-08-26,132.37,132.37,132.37,,,2026-09-12 23:05:03
28918a74c80b4654a7af,110,504,2026-08-27,2026-08-27,756.89,756.89,756.89,,,2026-09-12 23:05:03
7d1d1c54377445439981,117,504,2026-08-28,2026-08-28,4276.75,4276.75,4276.75,,,2026-09-12 23:05:03
3e578d8f28b2460794a8,106,504,2026-08-29,2026-08-29,3171.17,3171.17,3171.17,,,2026-09-12 23:05:03
89fdfd72c05a4ddcbb78,105,504,2026-08-30,2026-08-30,487.58,487.58,487.58,,,2026-09-12 23:05:03
88e4986035664eee8695,103,504,2026-08-31,2026-08-31,371.32,371.32,371.32,,,2026-09-12 23:05:03
0d1bd6d3adea4f2da169,116,504,2026-09-01,2026-09-01,341.87,341.87,341.87,,,2026-09-12 23:05:03
d5ee4c365982457dbe0c,119,504,2026-09-02,2026-09-02,3050.98,3050.98,3050.98,,,2026-09-12 23:05:03
301bb233cbc541788219,105,504,2026-09-03,2026-09-03,2459.49,2459.49,2459.49,,,2026-09-12 23:05:03
c99b159854b040d9ac5c,119,504,2026-09-04,2026-09-04,1928.71,1928.71,1928.71,,,2026-09-12 23:05:03
fbf1bdcdb27f4aa9824a,106,504,2026-09-05,2026-09-05,230.75,230.75,230.75,,,2026-09-12 23:05:03
60aecdc83df54bcb9e99,120,504,2026-09-06,2026-09-06,1832.99,1832.99,1832.99,,,2026-09-12 23:05:03
283dd2bcdd5244d3a930,114,504,2026-09-07,2026-09-07,1055.55,1055.55,1055.55,,,2026-09-12 23:05:03
7ce81eeb85ae400799df,106,504,2026-09-08,2026-09-08,2646.39,2646.39,2646.39,,,2026-09-12 23:05:03
b8d1ea3de9184c6daa7c,110,504,2026-09-09,2026-09-09,3393.96,3393.96,3393.96,,,2026-09-12 23:05:03
e8917b1d066c4ab4aa88,107,504,2026-08-11,2026-08-11,884.61,884.61,884.61,,,2026-09-12 23:05:03
58acfdbee890431bbfcf,104,504,2026-08-12,2026-08-12,1379.35,1379.35,1379.35,,,2026-09-12 23:05:03
123424ba67de4a9db5e5,113,504,2026-08-13,2026-08-13,1026.63,1026.63,1026.63,,,2026-09-12 23:05:03
057c617b6424427ca872,108,504,2026-08-14,2026-08-14,1283.92,1283.92,1283.92,,,2026-09-12 23:05:03
d1b4eb23143b4513b1cf,106,504,2026-08-15,2026-08-15,956.07,956.07,956.07,,,2026-09-12 23:05:03
016c07b08bfd4d359e1e,106,504,2026-08-16,2026-08-16,4307.65,4307.65,4307.65,,,2026-09-12 23:05:03
aa71f0e2437046489cb9,109,504,2026-08-17,2026-08-17,4904.43,4904.43,4904.43,,,2026-09-12 23:05:03
6904bf803cd44c5b9285,118,504,2026-08-18,2026-08-18,1493.05,1493.05,1493.05,,,2026-09-12 23:05:03
b869889045dd47f49a6b,120,504,2026-08-19,2026-08-19,2532.26,2532.26,2532.26,,,2026-09-12 23:05:03
aa4471dff0144c35aaa2,113,504,2026-08-20,2026-08-20,1011.98,1011.98,1011.98,,,2026-09-12 23:05:03
9e5bd2b1150f44e782e6,103,504,2026-08-21,2026-08-21,1093.8,1093.8,1093.8,,,2026-09-12 23:05:03
421dd551ab50462c87ff,107,504,2026-08-22,2026-08-22,2548.57,2548.57,2548.57,,,2026-09-12 23:05:03
b8209e02af2c43cd9b3e,103,504,2026-08-23,2026-08-23,3330.47,3330.47,3330.47,,,2026-09-12 23:05:03
1ac9f179fb3a46a29ec6,118,504,2026-08-24,2026-08-24,812.19,812.19,812.19,,,2026-09-12 23:05:03
adc36985c2714756ba4a,112,504,2026-08-25,2026-08-25,795.02,795.02,795.02,,,2026-09-12 23:05:03
021e306be83d44e58958,118,504,2026-08-26,2026-08-26,3968.74,3968.74,3968.74,,,2026-09-12 23:05:03
ffa0d67607a74a16b6ac,108,504,2026-08-27,2026-08-27,2186.5,2186.5,2186.5,,,2026-09-12 23:05:03
5f4f090f1fe24ccda39c,108,504,2026-08-28,2026-08-28,99.53,99.53,99.53,,,2026-09-12 23:05:03
1a04bd72f3744bd780bb,114,504,2026-08-29,2026-08-29,2110.29,2110.29,2110.29,,,2026-09-12 23:05:03
548dde499f0b4aebb5fc,117,504,2026-08-30,2026-08-30,1808.05,1808.05,1808.05,,,2026-09-12 23:05:03
45e7bce5c25f47608f70,116,504,2026-08-31,2026-08-31,4313.82,4313.82,4313.82,,,2026-09-12 23:05:03
a92c0bc5819344efa225,110,504,2026-09-01,2026-09-01,2151.26,2151.26,2151.26,,,2026-09-12 23:05:03
8bab5467d17d4d868ce4,109,504,2026-09-02,2026-09-02,1938.48,1938.48,1938.48,,,2026-09-12 23:05:03
a9d1da7e1a9d4dd58f18,109,504,2026-09-03,2026-09-03,486.74,486.74,486.74,,,2026-09-12 23:05:03
be72f7a05b944616872d,115,504,2026-09-04,2026-09-04,1231.17,1231.17,1231.17,,,2026-09-12 23:05:03
8e90d0192a22453ba13e,106,504,2026-09-05,2026-09-05,510.79,510.79,510.79,,,2026-09-12 23:05:03
1ad1150df89c4f42a79b,120,504,2026-09-06,2026-09-06,1299.18,1299.18,1299.18,,,2026-09-12 23:05:03
2e5bd751082d4a7eb235,117,504,2026-09-07,2026-09-07,4402.5,4402.5,4402.5,,,2026-09-12 23:05:03
9c90b3ebf1564b31911e,118,504,2026-09-08,2026-09-08,293.35,293.35,293.35,,,2026-09-12 23:05:03
696efe1ec85d4bfc8b39,109,504,2026-09-09,2026-09-09,491.74,491.74,491.74,,,2026-09-12 23:05:03
9f6c9d233c094f8b8933,103,504,2026-08-11,2026-08-11,1656.38,1656.38,1656.38,,,2026-09-12 23:05:03
ee687462683546bb9508,105,504,2026-08-12,2026-08-12,242,242,242,,,2026-09-12 23:05:03
800ae5a098d448099c46,117,504,2026-08-13,2026-08-13,2174.95,2174.95,2174.95,,,2026-09-12 23:05:03
22a24e240d76485ba23c,115,504,2026-08-14,2026-08-14,136,136,136,,,2026-09-12 23:05:03
a5746e069940420bacb0,113,504,2026-08-15,2026-08-15,1601.97,1601.97,1601.97,,,2026-09-12 23:05:03
e93340add4204b349c8d,109,504,2026-08-16,2026-08-16,6527.64,6527.64,6527.64,,,2026-09-12 23:05:03
0df8b309fb0242bb8c82,109,504,2026-08-17,2026-08-17,740.17,740.17,740.17,,,2026-09-12 23:05:03
0521fcc0a10448aca117,108,504,2026-08-18,2026-08-18,3136.29,3136.29,3136.29,,,2026-09-12 23:05:03
0a18a6b7e9e549aba403,114,504,2026-08-19,2026-08-19,823.6,823.6,823.6,,,2026-09-12 23:05:03
cffad83765374a9d8b2d,102,504,2026-08-20,2026-08-20,2149.02,2149.02,2149.02,,,2026-09-12 23:05:03
902d7bd0c43d4423bd75,110,504,2026-08-21,2026-08-21,380.01,380.01,380.01,,,2026-09-12 23:05:03
5aacb31249bb4a9d8b5f,102,504,2026-08-22,2026-08-22,5061.41,5061.41,5061.41,,,2026-09-12 23:05:03
dda6871086524c4389ed,111,504,2026-08-23,2026-08-23,1876.45,1876.45,1876.45,,,2026-09-12 23:05:03
a073434a4cae4629b162,110,504,2026-08-24,2026-08-24,621.59,621.59,621.59,,,2026-09-12 23:05:03
7ea2f55922614124b57c,111,504,2026-08-25,2026-08-25,400.49,400.49,400.49,,,2026-09-12 23:05:03
924632a87afd43028f18,105,504,2026-08-26,2026-08-26,5193.2,5193.2,5193.2,,,2026-09-12 23:05:03
557b44b0d18141c79bf3,111,504,2026-08-27,2026-08-27,713.16,713.16,713.16,,,2026-09-12 23:05:03
d369aab1befa4d7383b9,103,504,2026-08-28,2026-08-28,2272.91,2272.91,2272.91,,,2026-09-12 23:05:03
c451699225f8426b940c,115,504,2026-08-29,2026-08-29,583.65,583.65,583.65,,,2026-09-12 23:05:03
3b4f9e6a1dbd41d5a1c2,110,504,2026-08-30,2026-08-30,506.2,506.2,506.2,,,2026-09-12 23:05:03
927c56640c1a4e74ad03,105,504,2026-08-31,2026-08-31,957.28,957.28,957.28,,,2026-09-12 23:05:03
e7f7c486f0e74d4f9010,117,504,2026-09-01,2026-09-01,2197.58,2197.58,2197.58,,,2026-09-12 23:05:03
ea902020d7de47918563,103,504,2026-09-02,2026-09-02,539.94,539.94,539.94,,,2026-09-12 23:05:03
ba1caa04fe8848d69f8a,108,504,2026-09-03,2026-09-03,5153.32,5153.32,5153.32,,,2026-09-12 23:05:03
8ea1ef2829cd4cfc9f67,115,504,2026-09-04,2026-09-04,1214.28,1214.28,1214.28,,,2026-09-12 23:05:03
8409943d986944be8330,107,504,2026-09-05,2026-09-05,283.45,283.45,283.45,,,2026-09-12 23:05:03
3ec58444688c4dd0a38f,118,504,2026-09-06,2026-09-06,998,998,998,,,2026-09-12 23:05:03
4486adc6ceab45cda97b,117,504,2026-09-07,2026-09-07,302.91,302.91,302.91,,,2026-09-12 23:05:03
ba1c0e99d285477db6bc,102,504,2026-09-08,2026-09-08,5338.19,5338.19,5338.19,,,2026-09-12 23:05:03
122842c6428e4389aea4,103,504,2026-09-09,2026-09-09,293.72,293.72,293.72,,,2026-09-12 23:05:03
93bc83c4e16b44778b7c,114,504,2026-08-11,2026-08-11,3347.12,3347.12,3347.12,,,2026-09-12 23:05:03
defe2e3a9fea40ff93ed,109,504,2026-08-12,2026-08-12,254.35,254.35,254.35,,,2026-09-12 23:05:03
4c40b5687a6b431888d5,115,504,2026-08-13,2026-08-13,824.66,824.66,824.66,,,2026-09-12 23:05:03
804c86edb21844abb5fd,120,504,2026-08-14,2026-08-14,195.95,195.95,195.95,,,2026-09-12 23:05:03
d90bce050c3241808639,119,504,2026-08-15,2026-08-15,54.61,54.61,54.61,,,2026-09-12 23:05:03
a85267c52ce741108610,101,504,2026-08-16,2026-08-16,248.62,248.62,248.62,,,2026-09-12 23:05:03
fa679d7b470441e0b148,104,504,2026-08-17,2026-08-17,3531,3531,3531,,,2026-09-12 23:05:03
154dc41039aa421ebeb6,113,504,2026-08-18,2026-08-18,1011.9,1011.9,1011.9,,,2026-09-12 23:05:03
8bd6224b726c43209c8b,108,504,2026-08-19,2026-08-19,4878.31,4878.31,4878.31,,,2026-09-12 23:05:03
685cfe2103184f04b7b7,120,504,2026-08-20,2026-08-20,717.34,717.34,717.34,,,2026-09-12 23:05:03
0a27b7eb42214abb86b9,106,504,2026-08-21,2026-08-21,2968.2,2968.2,2968.2,,,2026-09-12 23:05:03
45f81b30371b45cbb549,101,504,2026-08-22,2026-08-22,2358.04,2358.04,2358.04,,,2026-09-12 23:05:03
f41d7c39917c4b59b2b4,104,504,2026-08-23,2026-08-23,1504.34,1504.34,1504.34,,,2026-09-12 23:05:03
d887261c377a44c88125,114,504,2026-08-24,2026-08-24,464.97,464.97,464.97,,,2026-09-12 23:05:03
bebe58371c4f4b21ba16,104,504,2026-08-25,2026-08-25,263.22,263.22,263.22,,,2026-09-12 23:05:03
cd9b959458a64a0eaef1,119,504,2026-08-26,2026-08-26,885.68,885.68,885.68,,,2026-09-12 23:05:03
955d0b651dc34d869b35,103,504,2026-08-27,2026-08-27,3535.85,3535.85,3535.85,,,2026-09-12 23:05:03
df1b3fe3349840ba9767,110,504,2026-08-28,2026-08-28,1915.7,1915.7,1915.7,,,2026-09-12 23:05:03
6ea620ae646441e2b8f7,110,504,2026-08-29,2026-08-29,70.29,70.29,70.29,,,2026-09-12 23:05:03
6d18c28e38334d4e9c4c,110,504,2026-08-30,2026-08-30,537.22,537.22,537.22,,,2026-09-12 23:05:03
cc5f55b0ce87432cac00,110,504,2026-08-31,2026-08-31,1828.58,1828.58,1828.58,,,2026-09-12 23:05:03
3c63f1eba9034596a12f,103,504,2026-09-01,2026-09-01,275.63,275.63,275.63,,,2026-09-12 23:05:03
c4473f28ded043dea0c8,103,504,2026-09-02,2026-09-02,99.31,99.31,99.31,,,2026-09-12 23:05:03
30687a46e8174b25b527,119,504,2026-09-03,2026-09-03,1537.88,1537.88,1537.88,,,2026-09-12 23:05:03
473d11d3223b4916a73f,116,504,2026-09-04,2026-09-04,528.23,528.23,528.23,,,2026-09-12 23:05:03
c978b68fab8049028aba,109,504,2026-09-05,2026-09-05,3435.85,3435.85,3435.85,,,2026-09-12 23:05:03
74d57bb8d3d545caac9d,108,504,2026-09-06,2026-09-06,534.55,534.55,534.55,,,2026-09-12 23:05:03
9e97af09016940df9957,120,504,2026-09-07,2026-09-07,2244.91,2244.91,2244.91,,,2026-09-12 23:05:03
708b31d36c5f4914ab01,103,504,2026-09-08,2026-09-08,111.64,111.64,111.64,,,2026-09-12 23:05:03
34e177883730484f8d92,112,504,2026-09-09,2026-09-09,2030.22,2030.22,2030.22,,,2026-09-12 23:05:03
a4a9227598104280a244,101,504,2026-08-11,2026-08-11,2381.88,2381.88,2381.88,,,2026-09-12 23:05:03
0d3ed6e1af434dfe9cd5,119,504,2026-08-12,2026-08-12,189.78,189.78,189.78,,,2026-09-12 23:05:03
a6a95764a4a547f28b5d,109,504,2026-08-13,2026-08-13,2062.02,2062.02,2062.02,,,2026-09-12 23:05:03
d74baa0acc5b42379ebe,106,504,2026-08-14,2026-08-14,455.84,455.84,455.84,,,2026-09-12 23:05:03
4091594b24854e0fb0d2,120,504,2026-08-15,2026-08-15,5811.89,5811.89,5811.89,,,2026-09-12 23:05:03
5256e61a11654d36b3c4,112,504,2026-08-16,2026-08-16,3035.69,3035.69,3035.69,,,2026-09-12 23:05:03
d380341e88f04ac494ee,117,504,2026-08-17,2026-08-17,2526.05,2526.05,2526.05,,,2026-09-12 23:05:03
70db74ba9b564f5d8268,119,504,2026-08-18,2026-08-18,2274.4,2274.4,2274.4,,,2026-09-12 23:05:03
a1411036b06e4b8abea5,119,504,2026-08-19,2026-08-19,1199.26,1199.26,1199.26,,,2026-09-12 23:05:03
4cf4ca066e0d43639bb5,115,504,2026-08-20,2026-08-20,2593.13,2593.13,2593.13,,,2026-09-12 23:05:03
43547cbe18d24a1999c3,103,504,2026-08-21,2026-08-21,828.44,828.44,828.44,,,2026-09-12 23:05:03
36b4275f9b294abdadb6,112,504,2026-08-22,2026-08-22,277.95,277.95,277.95,,,2026-09-12 23:05:03
a42ad60fcc6041e08d53,109,504,2026-08-23,2026-08-23,3631.53,3631.53,3631.53,,,2026-09-12 23:05:03
61356f09259041e98e3f,101,504,2026-08-24,2026-08-24,2965.41,2965.41,2965.41,,,2026-09-12 23:05:03
4f29d4c6519c45fdb21d,101,504,2026-08-25,2026-08-25,397.48,397.48,397.48,,,2026-09-12 23:05:03
721712bd598145a3a9b9,115,504,2026-08-26,2026-08-26,9.36,9.36,9.36,,,2026-09-12 23:05:03
8276df9d259d494e96a9,110,504,2026-08-27,2026-08-27,1008.19,1008.19,1008.19,,,2026-09-12 23:05:03
c37d8a31a2c9459ba8e8,103,504,2026-08-28,2026-08-28,377.84,377.84,377.84,,,2026-09-12 23:05:03
efc86ccd0e594a8d8d44,108,504,2026-08-29,2026-08-29,3322.79,3322.79,3322.79,,,2026-09-12 23:05:03
a64ecc93b110496aa58a,119,504,2026-08-30,2026-08-30,2501.09,2501.09,2501.09,,,2026-09-12 23:05:03
4ca5a6581424457c8285,105,504,2026-08-31,2026-08-31,2810.23,2810.23,2810.23,,,2026-09-12 23:05:03
941a5a38f8e1458da0ae,109,504,2026-09-01,2026-09-01,2122.91,2122.91,2122.91,,,2026-09-12 23:05:03
9e63ee2f85b248a48db5,109,504,2026-09-02,2026-09-02,3472.61,3472.61,3472.61,,,2026-09-12 23:05:03
42fd1433ac4948f8a35b,101,504,2026-09-03,2026-09-03,3123.84,3123.84,3123.84,,,2026-09-12 23:05:03
bbc30da34262493a8a1e,102,504,2026-09-04,2026-09-04,1027.86,1027.86,1027.86,,,2026-09-12 23:05:03
570ea5ebf3234cb39374,117,504,2026-09-05,2026-09-05,2254.67,2254.67,2254.67,,,2026-09-12 23:05:03
b88b926965e744f3b4f2,107,504,2026-09-06,2026-09-06,2187.27,2187.27,2187.27,,,2026-09-12 23:05:03
98b6adbf413e4280b9c9,119,504,2026-09-07,2026-09-07,428.92,428.92,428.92,,,2026-09-12 23:05:03
88bb3f1aedf049c8a9ac,104,504,2026-09-08,2026-09-08,485.68,485.68,485.68,,,2026-09-12 23:05:03
dd9f089a623747ed863f,109,504,2026-09-09,2026-09-09,7.38,7.38,7.38,,,2026-09-12 23:05:03
5da187b188aa4312967b,105,504,2026-08-11,2026-08-11,2388.11,2388.11,2388.11,,,2026-09-12 23:05:03
19f7d8c7fd814b7896f0,109,504,2026-08-12,2026-08-12,62,62,62,,,2026-09-12 23:05:03
f6e1269ef4b14e62b0c4,115,504,2026-08-13,2026-08-13,2529.6,2529.6,2529.6,,,2026-09-12 23:05:03
0c8b3f89a67248d0ab34,114,504,2026-08-14,2026-08-14,2235.45,2235.45,2235.45,,,2026-09-12 23:05:03
c4ad508a83954d669b19,119,504,2026-08-15,2026-08-15,3319.5,3319.5,3319.5,,,2026-09-12 23:05:03
3cf923e6b01846d097e0,104,504,2026-08-16,2026-08-16,6404.47,6404.47,6404.47,,,2026-09-12 23:05:03
34c39c9f05d04096bd93,102,504,2026-08-17,2026-08-17,1049.14,1049.14,1049.14,,,2026-09-12 23:05:03
21c08f587d024f4fa432,107,504,2026-08-18,2026-08-18,5.83,5.83,5.83,,,2026-09-12 23:05:03
239f6492571b47cba81d,113,504,2026-08-19,2026-08-19,3594.26,3594.26,3594.26,,,2026-09-12 23:05:03
ed25335d97d54212b391,117,504,2026-08-20,2026-08-20,2946.71,2946.71,2946.71,,,2026-09-12 23:05:03
10fd79a1a77c44858145,102,504,2026-08-21,2026-08-21,3708.21,3708.21,3708.21,,,2026-09-12 23:05:03
3e3f50f188af47d8a46f,120,504,2026-08-22,2026-08-22,128.06,128.06,128.06,,,2026-09-12 23:05:03
538fa061e16a4b8f9a23,104,504,2026-08-23,2026-08-23,6069.52,6069.52,6069.52,,,2026-09-12 23:05:03
61db7fd83f24416bb088,103,504,2026-08-24,2026-08-24,1649.18,1649.18,1649.18,,,2026-09-12 23:05:03
201b4c82f7b24d6189c5,111,504,2026-08-25,2026-08-25,1608.06,1608.06,1608.06,,,2026-09-12 23:05:03
d956f96db9a8430ab38d,118,504,2026-08-26,2026-08-26,998.07,998.07,998.07,,,2026-09-12 23:05:03
721c77fa71214ecf95c2,109,504,2026-08-27,2026-08-27,1374.45,1374.45,1374.45,,,2026-09-12 23:05:03
71ca3d0362234fd8b5a7,111,504,2026-08-28,2026-08-28,166.94,166.94,166.94,,,2026-09-12 23:05:03
d3f80846ab174ab5ac0e,111,504,2026-08-29,2026-08-29,1425.73,1425.73,1425.73,,,2026-09-12 23:05:03
b2a766bf58b24b638f9b,116,504,2026-08-30,2026-08-30,3907.97,3907.97,3907.97,,,2026-09-12 23:05:03
ec4e028d07644547bcd8,106,504,2026-08-31,2026-08-31,760.79,760.79,760.79,,,2026-09-12 23:05:03
e4b6a47209b94e6ea2d5,111,504,2026-09-01,2026-09-01,592.96,592.96,592.96,,,2026-09-12 23:05:03
b3cc60abb570401db5ad,104,504,2026-09-02,2026-09-02,102.28,102.28,102.28,,,2026-09-12 23:05:03
a95ef4623eb44cc58c43,117,504,2026-09-03,2026-09-03,413.46,413.46,413.46,,,2026-09-12 23:05:03
cbbe3dfd26d74436a409,105,504,2026-09-04,2026-09-04,5748.99,5748.99,5748.99,,,2026-09-12 23:05:03
1bb87462b6844780a054,111,504,2026-09-05,2026-09-05,181.95,181.95,181.95,,,2026-09-12 23:05:03
932ff47989fb4bb095b2,117,504,2026-09-06,2026-09-06,1084.19,1084.19,1084.19,,,2026-09-12 23:05:03
5ba39b0820694c5d849e,102,504,2026-09-07,2026-09-07,316.52,316.52,316.52,,,2026-09-12 23:05:03
a4b1ff73b18f4564b4a7,120,504,2026-09-08,2026-09-08,448.49,448.49,448.49,,,2026-09-12 23:05:03
201069e5837348d78b97,107,504,2026-09-09,2026-09-09,2288.97,2288.97,2288.97,,,2026-09-12 23:05:03
db6e36b1ae644a029978,102,504,2026-08-11,2026-08-11,59.88,59.88,59.88,,,2026-09-12 23:05:03
d81b3bfea4c848f3bd52,114,504,2026-08-12,2026-08-12,6175.92,6175.92,6175.92,,,2026-09-12 23:05:03
4afe0a1d8d764d1b8964,103,504,2026-08-13,2026-08-13,2151.28,2151.28,2151.28,,,2026-09-12 23:05:03
2eefd237e4fd4994a53d,118,504,2026-08-14,2026-08-14,106.58,106.58,106.58,,,2026-09-12 23:05:03
f751098d7e54457f9fe8,113,504,2026-08-15,2026-08-15,1521.09,1521.09,1521.09,,,2026-09-12 23:05:03
f3e1e829b3394de89f6e,112,504,2026-08-16,2026-08-16,2116.44,2116.44,2116.44,,,2026-09-12 23:05:03
c74b555ed8b24e7da788,112,504,2026-08-17,2026-08-17,775.59,775.59,775.59,,,2026-09-12 23:05:03
dc54f556c9264592ac54,114,504,2026-08-18,2026-08-18,1821.74,1821.74,1821.74,,,2026-09-12 23:05:03
76028bc2274a41e8a93a,106,504,2026-08-19,2026-08-19,1341.42,1341.42,1341.42,,,2026-09-12 23:05:03
e814042cdf754fb7bf48,113,504,2026-08-20,2026-08-20,768.26,768.26,768.26,,,2026-09-12 23:05:03
d6df8cb8411f47238dc2,106,504,2026-08-21,2026-08-21,921.25,921.25,921.25,,,2026-09-12 23:05:03
ceaa3fb4b4654de09322,115,504,2026-08-22,2026-08-22,45.42,45.42,45.42,,,2026-09-12 23:05:03
6cc5edecc4a54a9a9662,101,504,2026-08-23,2026-08-23,162.09,162.09,162.09,,,2026-09-12 23:05:03
24d237428ec24ad6b9aa,106,504,2026-08-24,2026-08-24,359.48,359.48,359.48,,,2026-09-12 23:05:03
8b820b938c024cbc85a2,117,504,2026-08-25,2026-08-25,2000.66,2000.66,2000.66,,,2026-09-12 23:05:03
8686376b8bd743f1947a,108,504,2026-08-26,2026-08-26,1245.17,1245.17,1245.17,,,2026-09-12 23:05:03
b118616fcdd54529b5fc,103,504,2026-08-27,2026-08-27,2174.66,2174.66,2174.66,,,2026-09-12 23:05:03
ffb8f462e3ad4dc382ba,114,504,2026-08-28,2026-08-28,274.7,274.7,274.7,,,2026-09-12 23:05:03
1c84264e0c6d431e95e5,113,504,2026-08-29,2026-08-29,76.96,76.96,76.96,,,2026-09-12 23:05:03
9d4d622e757846c2bfbe,104,504,2026-08-30,2026-08-30,67.51,67.51,67.51,,,2026-09-12 23:05:03
d381810bf16b4c48b3bc,102,504,2026-08-31,2026-08-31,4195.55,4195.55,4195.55,,,2026-09-12 23:05:03
a552ebb5a89b4478aa2e,113,504,2026-09-01,2026-09-01,1090.4,1090.4,1090.4,,,2026-09-12 23:05:03
47d05c61edb2498895b3,103,504,2026-09-02,2026-09-02,462.28,462.28,462.28,,,2026-09-12 23:05:03
1c2e54294a194bf2bac6,111,504,2026-09-03,2026-09-03,1719.73,1719.73,1719.73,,,2026-09-12 23:05:03
73dea0e5e45e4b1b8f29,104,504,2026-09-04,2026-09-04,683.49,683.49,683.49,,,2026-09-12 23:05:03
6738a18f2fd34cf88cd8,113,504,2026-09-05,2026-09-05,301.05,301.05,301.05,,,2026-09-12 23:05:03
9312b5f0dc1b475c9cf8,118,504,2026-09-06,2026-09-06,787.48,787.48,787.48,,,2026-09-12 23:05:03
05593719023e4df796b5,119,504,2026-09-07,2026-09-07,3645.84,3645.84,3645.84,,,2026-09-12 23:05:03
b1a3b7bb996148b7bea3,119,504,2026-09-08,2026-09-08,5.3,5.3,5.3,,,2026-09-12 23:05:03
8aece702f3494dd48824,110,504,2026-09-09,2026-09-09,1419.85,1419.85,1419.85,,,2026-09-12 23:05:03
ce51e2d0791e4f478b6d,112,504,2026-08-11,2026-08-11,4195.7,4195.7,4195.7,,,2026-09-12 23:05:03
b64533096edc40be9aa9,114,504,2026-08-12,2026-08-12,726.21,726.21,726.21,,,2026-09-12 23:05:03
59334fe627d74bf98fca,120,504,2026-08-13,2026-08-13,528.91,528.91,528.91,,,2026-09-12 23:05:03
4463a4f1bea74258baa2,102,504,2026-08-14,2026-08-14,104.37,104.37,104.37,,,2026-09-12 23:05:03
8d381d63f0b64b00832d,107,504,2026-08-15,2026-08-15,697.89,697.89,697.89,,,2026-09-12 23:05:03
aa6191687433403eaa58,107,504,2026-08-16,2026-08-16,2779.17,2779.17,2779.17,,,2026-09-12 23:05:03
3097812f654740b2bc87,102,504,2026-08-17,2026-08-17,908.59,908.59,908.59,,,2026-09-12 23:05:03
be410fc3b66346a08f17,109,504,2026-08-18,2026-08-18,126.06,126.06,126.06,,,2026-09-12 23:05:03
e999bfbdbaa04de18f1f,118,504,2026-08-19,2026-08-19,3301.51,3301.51,3301.51,,,2026-09-12 23:05:03
3c8fb45be821462ebd17,103,504,2026-08-20,2026-08-20,3949.69,3949.69,3949.69,,,2026-09-12 23:05:03
77f91ee0204840bca009,108,504,2026-08-21,2026-08-21,830.97,830.97,830.97,,,2026-09-12 23:05:03
c8fb301cf2144bb28679,103,504,2026-08-22,2026-08-22,97.76,97.76,97.76,,,2026-09-12 23:05:03
8de884d9283f440482ba,117,504,2026-08-23,2026-08-23,96.83,96.83,96.83,,,2026-09-12 23:05:03
344eedf3db004f39858d,114,504,2026-08-24,2026-08-24,37.86,37.86,37.86,,,2026-09-12 23:05:03
5fde4b1ba18c468baaed,109,504,2026-08-25,2026-08-25,771.04,771.04,771.04,,,2026-09-12 23:05:03
e67e0ebc8d7247d19186,113,504,2026-08-26,2026-08-26,959.98,959.98,959.98,,,2026-09-12 23:05:03
030483e0f1bd4af0af17,116,504,2026-08-27,2026-08-27,12.56,12.56,12.56,,,2026-09-12 23:05:03
e91db3d8013c4fb8982a,112,504,2026-08-28,2026-08-28,1874.61,1874.61,1874.61,,,2026-09-12 23:05:03
f2e41e2882da4b3b8382,115,504,2026-08-29,2026-08-29,22.27,22.27,22.27,,,2026-09-12 23:05:03
5102f93082ef402faba7,118,504,2026-08-30,2026-08-30,75.47,75.47,75.47,,,2026-09-12 23:05:03
8ac7d561b797459cb8af,105,504,2026-08-31,2026-08-31,3247.74,3247.74,3247.74,,,2026-09-12 23:05:03
db820a80019e42deb76e,101,504,2026-09-01,2026-09-01,1846.98,1846.98,1846.98,,,2026-09-12 23:05:03
490e028f3e744dcaa2fe,119,504,2026-09-02,2026-09-02,1325.62,1325.62,1325.62,,,2026-09-12 23:05:03
d89c3bab55884858a10a,105,504,2026-09-03,2026-09-03,1262.44,1262.44,1262.44,,,2026-09-12 23:05:03
d93bcd5738c24352b9af,113,504,2026-09-04,2026-09-04,598.3,598.3,598.3,,,2026-09-12 23:05:03
eb91340d02014e88802a,111,504,2026-09-05,2026-09-05,2938.07,2938.07,2938.07,,,2026-09-12 23:05:03
fdec0db73c3e4b98aa1f,115,504,2026-09-06,2026-09-06,2021.77,2021.77,2021.77,,,2026-09-12 23:05:03
20b655e2256f44f99e20,116,504,2026-09-07,2026-09-07,1581.21,1581.21,1581.21,,,2026-09-12 23:05:03
aaa4a3da21b1456d9dbc,112,504,2026-09-08,2026-09-08,1200.52,1200.52,1200.52,,,2026-09-12 23:05:03
4b30918edce241d6b8b8,113,504,2026-09-09,2026-09-09,111.29,111.29,111.29,,,2026-09-12 23:05:03
aefe78a5d0084fc9b226,114,504,2026-08-11,2026-08-11,2160.71,2160.71,2160.71,,,2026-09-12 23:05:03
5cd0f9ca874245d2a60a,114,504,2026-08-12,2026-08-12,1797.12,1797.12,1797.12,,,2026-09-12 23:05:03
6e1f5cfa1eb044778dcc,111,504,2026-08-13,2026-08-13,1427.55,1427.55,1427.55,,,2026-09-12 23:05:03
62189408ca0c467d8cd2,102,504,2026-08-14,2026-08-14,739.72,739.72,739.72,,,2026-09-12 23:05:03
54e3650ce39247a78d31,112,504,2026-08-15,2026-08-15,1855.29,1855.29,1855.29,,,2026-09-12 23:05:03
a3d0da77b61c4defa804,107,504,2026-08-16,2026-08-16,2766.82,2766.82,2766.82,,,2026-09-12 23:05:03
6caac23852894fa4a3f4,106,504,2026-08-17,2026-08-17,4052.46,4052.46,4052.46,,,2026-09-12 23:05:03
987ba39d1b7e4bfc9a2c,105,504,2026-08-18,2026-08-18,3649.93,3649.93,3649.93,,,2026-09-12 23:05:03
8be1e7a33fb142a5bdf9,102,504,2026-08-19,2026-08-19,1127.97,1127.97,1127.97,,,2026-09-12 23:05:03
e27e1a7a178c4fbc8cb4,104,504,2026-08-20,2026-08-20,1545.05,1545.05,1545.05,,,2026-09-12 23:05:03
aff09ec7e8b7475b8503,113,504,2026-08-21,2026-08-21,503.41,503.41,503.41,,,2026-09-12 23:05:03
83fc402e219845c981f6,109,504,2026-08-22,2026-08-22,895.35,895.35,895.35,,,2026-09-12 23:05:03
174f18595a1e46b18a37,105,504,2026-08-23,2026-08-23,2650.45,2650.45,2650.45,,,2026-09-12 23:05:03
40cb5e2fad4b4d4f9d86,115,504,2026-08-24,2026-08-24,2730.49,2730.49,2730.49,,,2026-09-12 23:05:03
fb6c6c2129bf45889ba7,109,504,2026-08-25,2026-08-25,1079.03,1079.03,1079.03,,,2026-09-12 23:05:03
2bdefb0804b94f06be1e,117,504,2026-08-26,2026-08-26,3381.43,3381.43,3381.43,,,2026-09-12 23:05:03
96c98a3aef9e400fa252,106,504,2026-08-27,2026-08-27,188.38,188.38,188.38,,,2026-09-12 23:05:03
6d44eb47a1f44443bf2e,105,504,2026-08-28,2026-08-28,1508.22,1508.22,1508.22,,,2026-09-12 23:05:03
db0b4c7927d046f6822c,112,504,2026-08-29,2026-08-29,2445,2445,2445,,,2026-09-12 23:05:03
2b4794ace8b24a9b8386,114,504,2026-08-30,2026-08-30,3270.82,3270.82,3270.82,,,2026-09-12 23:05:03
b5c5948126c64ea4b74c,110,504,2026-08-31,2026-08-31,576.07,576.07,576.07,,,2026-09-12 23:05:03
35954453d76a47549e89,107,504,2026-09-01,2026-09-01,581.26,581.26,581.26,,,2026-09-12 23:05:03
a444fba9ef994316bbc8,116,504,2026-09-02,2026-09-02,1246.05,1246.05,1246.05,,,2026-09-12 23:05:03
d7cb92689f7d4d6a8cbd,104,504,2026-09-03,2026-09-03,2086.8,2086.8,2086.8,,,2026-09-12 23:05:03
4b6f4c4de66d4da395f6,107,504,2026-09-04,2026-09-04,1251.29,1251.29,1251.29,,,2026-09-12 23:05:03
40ed33ff8c2f4c4d8b3c,104,504,2026-09-05,2026-09-05,22.99,22.99,22.99,,,2026-09-12 23:05:03
8e56b026cd524781ba6d,118,504,2026-09-06,2026-09-06,131.89,131.89,131.89,,,2026-09-12 23:05:03
c8a5fba1d1e145b7a455,119,504,2026-09-07,2026-09-07,2721.13,2721.13,2721.13,,,2026-09-12 23:05:03
1bd11cd685034052b519,117,504,2026-09-08,2026-09-08,2202.03,2202.03,2202.03,,,2026-09-12 23:05:03
fec376ce14b448e5abba,103,504,2026-09-09,2026-09-09,636.71,636.71,636.71,,,2026-09-12 23:05:03
f1aa3ff53d824f35a9f3,107,505,2026-08-11,2026-08-11,1087.69,1087.69,1087.69,,,2026-09-12 23:05:03
4ec7160f916d4f2a9348,118,505,2026-08-12,2026-08-12,1819.77,1819.77,1819.77,,,2026-09-12 23:05:03
97948f5e105a4ce4ba55,114,505,2026-08-13,2026-08-13,9454.84,9454.84,9454.84,,,2026-09-12 23:05:03
46611565aa9546b69577,108,505,2026-08-14,2026-08-14,7130.25,7130.25,7130.25,,,2026-09-12 23:05:03
9cd7503b35b94e6d8d38,107,505,2026-08-15,2026-08-15,2584.17,2584.17,2584.17,,,2026-09-12 23:05:03
62c4465fb43f4a068b3c,108,505,2026-08-16,2026-08-16,423.82,423.82,423.82,,,2026-09-12 23:05:03
8cbb564e9516476a8661,108,505,2026-08-17,2026-08-17,1013.54,1013.54,1013.54,,,2026-09-12 23:05:03
7f0a8f2a373d4b629ed2,109,505,2026-08-18,2026-08-18,4605.61,4605.61,4605.61,,,2026-09-12 23:05:03
ac87fdc2a029458e8482,101,505,2026-08-19,2026-08-19,1811.54,1811.54,1811.54,,,2026-09-12 23:05:03
a2d30f97353d4381a670,112,505,2026-08-20,2026-08-20,3145.83,3145.83,3145.83,,,2026-09-12 23:05:03
32870a8afe524397ac0b,118,505,2026-08-21,2026-08-21,2911.75,2911.75,2911.75,,,2026-09-12 23:05:03
9be82ee2219d4d5888e2,107,505,2026-08-22,2026-08-22,8660.83,8660.83,8660.83,,,2026-09-12 23:05:03
415c1d850a0a4b00b7e0,115,505,2026-08-23,2026-08-23,4451.14,4451.14,4451.14,,,2026-09-12 23:05:03
985075ecd20e4db083d5,115,505,2026-08-24,2026-08-24,234.26,234.26,234.26,,,2026-09-12 23:05:03
b97296e3766d44de968a,107,505,2026-08-25,2026-08-25,351.44,351.44,351.44,,,2026-09-12 23:05:03
0a63f220cc6e45b3a7d7,113,505,2026-08-26,2026-08-26,217.16,217.16,217.16,,,2026-09-12 23:05:03
3f0fe48e8db54ecca816,115,505,2026-08-27,2026-08-27,380.75,380.75,380.75,,,2026-09-12 23:05:03
3ec4c054d96043348dc1,101,505,2026-08-28,2026-08-28,6682.31,6682.31,6682.31,,,2026-09-12 23:05:03
15fec2d294e448289937,117,505,2026-08-29,2026-08-29,2860.99,2860.99,2860.99,,,2026-09-12 23:05:03
9ee43e91ae8249a0bb21,108,505,2026-08-30,2026-08-30,856.5,856.5,856.5,,,2026-09-12 23:05:03
58186afe03d04a15bc5e,117,505,2026-08-31,2026-08-31,675.97,675.97,675.97,,,2026-09-12 23:05:03
be4b57936cc14e71a8de,119,505,2026-09-01,2026-09-01,515.11,515.11,515.11,,,2026-09-12 23:05:03
1fccb6c09fd943748b8c,108,505,2026-09-02,2026-09-02,5513.19,5513.19,5513.19,,,2026-09-12 23:05:03
d5e49212e7b2464aae9d,108,505,2026-09-03,2026-09-03,451.25,451.25,451.25,,,2026-09-12 23:05:03
1f650297bc274935ab28,102,505,2026-09-04,2026-09-04,670.79,670.79,670.79,,,2026-09-12 23:05:03
609d1f67291248428569,112,505,2026-09-05,2026-09-05,346.95,346.95,346.95,,,2026-09-12 23:05:03
300dc3f8d1944d1f8e38,115,505,2026-09-06,2026-09-06,2457.4,2457.4,2457.4,,,2026-09-12 23:05:03
585db542cc524dc98c3c,106,505,2026-09-07,2026-09-07,608.99,608.99,608.99,,,2026-09-12 23:05:03
ca4a0d4ef75c4420ad02,117,505,2026-09-08,2026-09-08,1576.09,1576.09,1576.09,,,2026-09-12 23:05:03
4138f366d7264869a638,109,505,2026-09-09,2026-09-09,3651.53,3651.53,3651.53,,,2026-09-12 23:05:03
138a99396f174a82a619,101,505,2026-08-11,2026-08-11,1209.29,1209.29,1209.29,,,2026-09-12 23:05:03
a35fa9be2c3d477bbbf9,108,505,2026-08-12,2026-08-12,1068.29,1068.29,1068.29,,,2026-09-12 23:05:03
1681f7807e624add9228,110,505,2026-08-13,2026-08-13,740.52,740.52,740.52,,,2026-09-12 23:05:03
d653c800a2954beab6d0,101,505,2026-08-14,2026-08-14,3353.97,3353.97,3353.97,,,2026-09-12 23:05:03
9cadcf600922419cb41d,110,505,2026-08-15,2026-08-15,3850.06,3850.06,3850.06,,,2026-09-12 23:05:03
d8948d7e1b9a459e8259,102,505,2026-08-16,2026-08-16,2322.87,2322.87,2322.87,,,2026-09-12 23:05:03
04c5f408dfce4022acf6,105,505,2026-08-17,2026-08-17,573.99,573.99,573.99,,,2026-09-12 23:05:03
2202b1e747bf471da89c,114,505,2026-08-18,2026-08-18,1530.22,1530.22,1530.22,,,2026-09-12 23:05:03
77328b906e614f74af0d,115,505,2026-08-19,2026-08-19,2940.03,2940.03,2940.03,,,2026-09-12 23:05:03
a3a8830b81f048ac9c6b,120,505,2026-08-20,2026-08-20,3438.53,3438.53,3438.53,,,2026-09-12 23:05:03
d21e8acf758a4f9db59c,106,505,2026-08-21,2026-08-21,8354.81,8354.81,8354.81,,,2026-09-12 23:05:03
fe0706d267ce4d4badd9,102,505,2026-08-22,2026-08-22,4435.75,4435.75,4435.75,,,2026-09-12 23:05:03
0ffef8373eb1464e8e42,114,505,2026-08-23,2026-08-23,597.82,597.82,597.82,,,2026-09-12 23:05:03
1d52b63a15634127bc3d,106,505,2026-08-24,2026-08-24,850.35,850.35,850.35,,,2026-09-12 23:05:03
5ef19535a1d54f639f52,119,505,2026-08-25,2026-08-25,4578.02,4578.02,4578.02,,,2026-09-12 23:05:03
d409bc4ec7ac4a279863,115,505,2026-08-26,2026-08-26,2546.34,2546.34,2546.34,,,2026-09-12 23:05:03
c6232446fec042719825,109,505,2026-08-27,2026-08-27,2607.16,2607.16,2607.16,,,2026-09-12 23:05:03
a3dd0fdfbb08456a9aed,118,505,2026-08-28,2026-08-28,1853.15,1853.15,1853.15,,,2026-09-12 23:05:03
0ddfca2a3fc54a4c96f2,109,505,2026-08-29,2026-08-29,327.3,327.3,327.3,,,2026-09-12 23:05:03
4db16cf04a574f3c88c0,118,505,2026-08-30,2026-08-30,3720.94,3720.94,3720.94,,,2026-09-12 23:05:03
fc2873c5dcba4e2c9ad9,116,505,2026-08-31,2026-08-31,192.95,192.95,192.95,,,2026-09-12 23:05:03
a9ad1f7161844646a30d,107,505,2026-09-01,2026-09-01,3992.03,3992.03,3992.03,,,2026-09-12 23:05:03
21f9ecb255254a59954c,118,505,2026-09-02,2026-09-02,1674.6,1674.6,1674.6,,,2026-09-12 23:05:03
4b7aac14929847d78e78,105,505,2026-09-03,2026-09-03,4703.29,4703.29,4703.29,,,2026-09-12 23:05:03
96d6152f5c9b4963b1fa,115,505,2026-09-04,2026-09-04,1393.88,1393.88,1393.88,,,2026-09-12 23:05:03
761af7af685f4629bc46,101,505,2026-09-05,2026-09-05,2597.23,2597.23,2597.23,,,2026-09-12 23:05:03
c544438b938241a0981c,115,505,2026-09-06,2026-09-06,1717.58,1717.58,1717.58,,,2026-09-12 23:05:03
eb1b32261d38469bbd94,114,505,2026-09-07,2026-09-07,5135.39,5135.39,5135.39,,,2026-09-12 23:05:03
a4236a841a5648b784df,106,505,2026-09-08,2026-09-08,1224.36,1224.36,1224.36,,,2026-09-12 23:05:03
cf9358c0c8604eaaafcf,104,505,2026-09-09,2026-09-09,2084.65,2084.65,2084.65,,,2026-09-12 23:05:03
c96e41d1f249469285d4,112,505,2026-08-11,2026-08-11,4867.96,4867.96,4867.96,,,2026-09-12 23:05:03
b2d7f53d30db4742860d,114,505,2026-08-12,2026-08-12,1765.82,1765.82,1765.82,,,2026-09-12 23:05:03
766f5266553f485cbdb4,119,505,2026-08-13,2026-08-13,796.25,796.25,796.25,,,2026-09-12 23:05:03
d3eec20132824ad5b297,103,505,2026-08-14,2026-08-14,929.75,929.75,929.75,,,2026-09-12 23:05:03
3e2280aa8d6a4f3b9543,110,505,2026-08-15,2026-08-15,3696.99,3696.99,3696.99,,,2026-09-12 23:05:03
5cf9e339b9934a88ab4e,115,505,2026-08-16,2026-08-16,1357.69,1357.69,1357.69,,,2026-09-12 23:05:03
0ea140efcd764905b096,114,505,2026-08-17,2026-08-17,5822.04,5822.04,5822.04,,,2026-09-12 23:05:03
002e6d7d27ae45d89286,118,505,2026-08-18,2026-08-18,939.97,939.97,939.97,,,2026-09-12 23:05:03
fcb8819b5455455ba364,102,505,2026-08-19,2026-08-19,368.86,368.86,368.86,,,2026-09-12 23:05:03
07ad10fb51ca4b3a80e9,115,505,2026-08-20,2026-08-20,24.53,24.53,24.53,,,2026-09-12 23:05:03
7c01056c9b044085b5a6,116,505,2026-08-21,2026-08-21,274.78,274.78,274.78,,,2026-09-12 23:05:03
9ecec49915574069a2e4,112,505,2026-08-22,2026-08-22,2709.56,2709.56,2709.56,,,2026-09-12 23:05:03
c46a5b43ae8e48f28de1,118,505,2026-08-23,2026-08-23,6804.44,6804.44,6804.44,,,2026-09-12 23:05:03
54a4747c61ca4234b8bd,115,505,2026-08-24,2026-08-24,3688.1,3688.1,3688.1,,,2026-09-12 23:05:03
02e5544f7c0c4247b6b0,104,505,2026-08-25,2026-08-25,447.39,447.39,447.39,,,2026-09-12 23:05:03
34b18038c3664aae907e,101,505,2026-08-26,2026-08-26,159.75,159.75,159.75,,,2026-09-12 23:05:03
1faa48df176241279dfa,106,505,2026-08-27,2026-08-27,4900.11,4900.11,4900.11,,,2026-09-12 23:05:03
2f2de87c47654064a429,111,505,2026-08-28,2026-08-28,10386.43,10386.43,10386.43,,,2026-09-12 23:05:03
8d1446d5be0c4847bc03,119,505,2026-08-29,2026-08-29,5054.3,5054.3,5054.3,,,2026-09-12 23:05:03
487d402ec8b8455886a1,115,505,2026-08-30,2026-08-30,2758.93,2758.93,2758.93,,,2026-09-12 23:05:03
171537cf65ca435cbcea,105,505,2026-08-31,2026-08-31,541.4,541.4,541.4,,,2026-09-12 23:05:03
c012b3a334884c5f8d2f,116,505,2026-09-01,2026-09-01,6772.49,6772.49,6772.49,,,2026-09-12 23:05:03
ad68d0ad7f75403d8bbb,118,505,2026-09-02,2026-09-02,3892.44,3892.44,3892.44,,,2026-09-12 23:05:03
33b3bec0cd284ecc9c2d,101,505,2026-09-03,2026-09-03,6658.95,6658.95,6658.95,,,2026-09-12 23:05:03
33284c18a6c9447c92f6,103,505,2026-09-04,2026-09-04,2510.91,2510.91,2510.91,,,2026-09-12 23:05:03
09abf5836d28490a97d5,113,505,2026-09-05,2026-09-05,4393.52,4393.52,4393.52,,,2026-09-12 23:05:03
ec6de0cc51084ef791c2,118,505,2026-09-06,2026-09-06,2309.35,2309.35,2309.35,,,2026-09-12 23:05:03
84f361c99465492e9941,116,505,2026-09-07,2026-09-07,4609.09,4609.09,4609.09,,,2026-09-12 23:05:03
40377a67c16b411cb607,110,505,2026-09-08,2026-09-08,3219.7,3219.7,3219.7,,,2026-09-12 23:05:03
f2e45345098a48509584,104,505,2026-09-09,2026-09-09,1273.46,1273.46,1273.46,,,2026-09-12 23:05:03
86823982b07f4d38a680,115,505,2026-08-11,2026-08-11,214.38,214.38,214.38,,,2026-09-12 23:05:03
5dbc90a12ea24ead96c7,119,505,2026-08-12,2026-08-12,464.83,464.83,464.83,,,2026-09-12 23:05:03
bb590cc655684f6c906b,113,505,2026-08-13,2026-08-13,1793.31,1793.31,1793.31,,,2026-09-12 23:05:03
4a6588f3c46543baa55d,111,505,2026-08-14,2026-08-14,878.18,878.18,878.18,,,2026-09-12 23:05:03
c94f445f1a06429aac9f,108,505,2026-08-15,2026-08-15,8053.4,8053.4,8053.4,,,2026-09-12 23:05:03
1b4a7040b32b4f84a942,112,505,2026-08-16,2026-08-16,2590.28,2590.28,2590.28,,,2026-09-12 23:05:03
5e1a4e9459f4449db564,116,505,2026-08-17,2026-08-17,4101.28,4101.28,4101.28,,,2026-09-12 23:05:03
919dea3a7c894265bb69,107,505,2026-08-18,2026-08-18,6959.67,6959.67,6959.67,,,2026-09-12 23:05:03
19f3d02ef5a5498ea5ce,119,505,2026-08-19,2026-08-19,2975.04,2975.04,2975.04,,,2026-09-12 23:05:03
e66ea07643814bec89e3,112,505,2026-08-20,2026-08-20,4371.74,4371.74,4371.74,,,2026-09-12 23:05:03
c9e03a16bd29457a898c,101,505,2026-08-21,2026-08-21,1694.31,1694.31,1694.31,,,2026-09-12 23:05:03
eda252323d8743889230,120,505,2026-08-22,2026-08-22,2062.33,2062.33,2062.33,,,2026-09-12 23:05:03
ed2b8c40b3ae475c9f64,105,505,2026-08-23,2026-08-23,89.07,89.07,89.07,,,2026-09-12 23:05:03
42e6916dcf704655aec0,103,505,2026-08-24,2026-08-24,2593.37,2593.37,2593.37,,,2026-09-12 23:05:03
0f52c52626b84864b99a,112,505,2026-08-25,2026-08-25,6123.05,6123.05,6123.05,,,2026-09-12 23:05:03
db63fca9dd814acabae0,104,505,2026-08-26,2026-08-26,2920.61,2920.61,2920.61,,,2026-09-12 23:05:03
d7c8397f2c06436e8efa,120,505,2026-08-27,2026-08-27,1228.48,1228.48,1228.48,,,2026-09-12 23:05:03
ff5f28821bff41bb8f99,116,505,2026-08-28,2026-08-28,2728.9,2728.9,2728.9,,,2026-09-12 23:05:03
065cf4eda918415e8eb4,110,505,2026-08-29,2026-08-29,2681.37,2681.37,2681.37,,,2026-09-12 23:05:03
9c0cc578ef0f457799f3,108,505,2026-08-30,2026-08-30,5522.34,5522.34,5522.34,,,2026-09-12 23:05:03
d5c7e41e81be41818005,110,505,2026-08-31,2026-08-31,2754.32,2754.32,2754.32,,,2026-09-12 23:05:03
9538768a641445a19086,102,505,2026-09-01,2026-09-01,399.84,399.84,399.84,,,2026-09-12 23:05:03
1ee1f0c3cbed43d29d88,102,505,2026-09-02,2026-09-02,1693.8,1693.8,1693.8,,,2026-09-12 23:05:03
7d7f85c96397432ea7e1,118,505,2026-09-03,2026-09-03,1384.19,1384.19,1384.19,,,2026-09-12 23:05:03
a7fd33347239430fbcf4,120,505,2026-09-04,2026-09-04,3182.51,3182.51,3182.51,,,2026-09-12 23:05:03
fbe0d83b1e9d41e7847e,116,505,2026-09-05,2026-09-05,3332.93,3332.93,3332.93,,,2026-09-12 23:05:03
6a93d568d8a947f2871b,103,505,2026-09-06,2026-09-06,394.84,394.84,394.84,,,2026-09-12 23:05:03
16a91466139346c0b0bd,112,505,2026-09-07,2026-09-07,4855.8,4855.8,4855.8,,,2026-09-12 23:05:03
c289407319eb49e1bea3,114,505,2026-09-08,2026-09-08,3973.59,3973.59,3973.59,,,2026-09-12 23:05:03
c9934866f41547af8612,110,505,2026-09-09,2026-09-09,3602.37,3602.37,3602.37,,,2026-09-12 23:05:03
a8fe402d7360400cab66,110,505,2026-08-11,2026-08-11,2471.24,2471.24,2471.24,,,2026-09-12 23:05:03
94109466dd89490fb054,113,505,2026-08-12,2026-08-12,2904.68,2904.68,2904.68,,,2026-09-12 23:05:03
64b413ab96e44994a76a,114,505,2026-08-13,2026-08-13,197.35,197.35,197.35,,,2026-09-12 23:05:03
32746fdbe70b46b59346,107,505,2026-08-14,2026-08-14,1446.26,1446.26,1446.26,,,2026-09-12 23:05:03
4c84ebb6da15441883ad,103,505,2026-08-15,2026-08-15,8308.62,8308.62,8308.62,,,2026-09-12 23:05:03
15e193b2936c45649a92,120,505,2026-08-16,2026-08-16,604.7,604.7,604.7,,,2026-09-12 23:05:03
c37b187e7d874e0b90ec,111,505,2026-08-17,2026-08-17,880.13,880.13,880.13,,,2026-09-12 23:05:03
38fd9977fc3f48ed8e1f,103,505,2026-08-18,2026-08-18,670.66,670.66,670.66,,,2026-09-12 23:05:03
dc57aa84dcd04b6caec1,111,505,2026-08-19,2026-08-19,1618,1618,1618,,,2026-09-12 23:05:03
0a7ce01c968c40f39c9d,103,505,2026-08-20,2026-08-20,539.28,539.28,539.28,,,2026-09-12 23:05:03
22e0e93ad6384f76a5eb,115,505,2026-08-21,2026-08-21,3161.06,3161.06,3161.06,,,2026-09-12 23:05:03
cfed10df981b41638097,112,505,2026-08-22,2026-08-22,1432.18,1432.18,1432.18,,,2026-09-12 23:05:03
e8777bd83feb478e92f9,113,505,2026-08-23,2026-08-23,7900.26,7900.26,7900.26,,,2026-09-12 23:05:03
f2bc6c98accb461abbf3,113,505,2026-08-24,2026-08-24,2627.89,2627.89,2627.89,,,2026-09-12 23:05:03
b5374f8d29994e528e74,109,505,2026-08-25,2026-08-25,457.78,457.78,457.78,,,2026-09-12 23:05:03
6ecd56d73854410dac50,120,505,2026-08-26,2026-08-26,4096.73,4096.73,4096.73,,,2026-09-12 23:05:03
9c7898f41e454948b65d,111,505,2026-08-27,2026-08-27,852.43,852.43,852.43,,,2026-09-12 23:05:03
f5a00890be10483ea80c,112,505,2026-08-28,2026-08-28,3883.69,3883.69,3883.69,,,2026-09-12 23:05:03
4ee8711509c648db9fd2,101,505,2026-08-29,2026-08-29,193.39,193.39,193.39,,,2026-09-12 23:05:03
8a82b9e057524799b4e7,117,505,2026-08-30,2026-08-30,8879.86,8879.86,8879.86,,,2026-09-12 23:05:03
27e846ce2d094ecaa039,114,505,2026-08-31,2026-08-31,703.25,703.25,703.25,,,2026-09-12 23:05:03
0c1f722cdc2444298d52,111,505,2026-09-01,2026-09-01,764.68,764.68,764.68,,,2026-09-12 23:05:03
b57e217220be4130ad1d,101,505,2026-09-02,2026-09-02,881.89,881.89,881.89,,,2026-09-12 23:05:03
c9be7154e6254ff7bbe6,110,505,2026-09-03,2026-09-03,8256.28,8256.28,8256.28,,,2026-09-12 23:05:03
5801f9ef56b74d948ca7,108,505,2026-09-04,2026-09-04,2260.69,2260.69,2260.69,,,2026-09-12 23:05:03
c3ee09d72c744be9bff5,101,505,2026-09-05,2026-09-05,7891.6,7891.6,7891.6,,,2026-09-12 23:05:03
c19a045260b841eeadb7,103,505,2026-09-06,2026-09-06,485.61,485.61,485.61,,,2026-09-12 23:05:03
6466129bce6c4980860e,115,505,2026-09-07,2026-09-07,6181.35,6181.35,6181.35,,,2026-09-12 23:05:03
60205bd36d6841f786b5,101,505,2026-09-08,2026-09-08,1048.81,1048.81,1048.81,,,2026-09-12 23:05:03
90f16f118bed4825aaf1,119,505,2026-09-09,2026-09-09,353.27,353.27,353.27,,,2026-09-12 23:05:03
b430744dcec7464db6f5,102,505,2026-08-11,2026-08-11,8345.78,8345.78,8345.78,,,2026-09-12 23:05:03
949873e9ef6d4c279edf,112,505,2026-08-12,2026-08-12,2445.95,2445.95,2445.95,,,2026-09-12 23:05:03
afc5e778a27442c18898,109,505,2026-08-13,2026-08-13,259.74,259.74,259.74,,,2026-09-12 23:05:03
505ac2ad3ca64870999f,114,505,2026-08-14,2026-08-14,1133.47,1133.47,1133.47,,,2026-09-12 23:05:03
855cd4fdb5fe4d2cbbf9,108,505,2026-08-15,2026-08-15,73.32,73.32,73.32,,,2026-09-12 23:05:03
50c61e7a56184b5eb611,119,505,2026-08-16,2026-08-16,673.97,673.97,673.97,,,2026-09-12 23:05:03
12a47b67e92e44ee86e2,101,505,2026-08-17,2026-08-17,438.06,438.06,438.06,,,2026-09-12 23:05:03
631a04466cce4965aab9,111,505,2026-08-18,2026-08-18,221.49,221.49,221.49,,,2026-09-12 23:05:03
179bfc3b9b9d4b6ead7b,117,505,2026-08-19,2026-08-19,3252.18,3252.18,3252.18,,,2026-09-12 23:05:03
a1fbc4ada70d4adca269,109,505,2026-08-20,2026-08-20,601.36,601.36,601.36,,,2026-09-12 23:05:03
85dc16077bef4bcebfa3,109,505,2026-08-21,2026-08-21,3022.64,3022.64,3022.64,,,2026-09-12 23:05:03
ede33e0463d34458b2e5,118,505,2026-08-22,2026-08-22,1434.98,1434.98,1434.98,,,2026-09-12 23:05:03
28f9b6262bc2466d8ad8,111,505,2026-08-23,2026-08-23,5377.2,5377.2,5377.2,,,2026-09-12 23:05:03
2aeaae0fed78418fa626,115,505,2026-08-24,2026-08-24,6668.74,6668.74,6668.74,,,2026-09-12 23:05:03
4c98290074474444a4ae,111,505,2026-08-25,2026-08-25,435.58,435.58,435.58,,,2026-09-12 23:05:03
fb9ab8e0683b404dbb25,103,505,2026-08-26,2026-08-26,2143.65,2143.65,2143.65,,,2026-09-12 23:05:03
7aab59f6309d4d71ac69,101,505,2026-08-27,2026-08-27,3448.98,3448.98,3448.98,,,2026-09-12 23:05:03
e497bd290b4c48d5a2e8,105,505,2026-08-28,2026-08-28,233.96,233.96,233.96,,,2026-09-12 23:05:03
71c5cbae3a624466a05a,112,505,2026-08-29,2026-08-29,3823.95,3823.95,3823.95,,,2026-09-12 23:05:03
b60c5643cf6541bfab28,106,505,2026-08-30,2026-08-30,1253.38,1253.38,1253.38,,,2026-09-12 23:05:03
ded52bf37f964fe2971f,110,505,2026-08-31,2026-08-31,562.2,562.2,562.2,,,2026-09-12 23:05:03
da9e092f710f4da7aafd,114,505,2026-09-01,2026-09-01,488.7,488.7,488.7,,,2026-09-12 23:05:03
a490a4f65b794f818cdb,106,505,2026-09-02,2026-09-02,3077.17,3077.17,3077.17,,,2026-09-12 23:05:03
fc8761ac980f40d98536,108,505,2026-09-03,2026-09-03,2777.32,2777.32,2777.32,,,2026-09-12 23:05:03
080341718cbe48a3a307,118,505,2026-09-04,2026-09-04,913.63,913.63,913.63,,,2026-09-12 23:05:03
aff6a58ba4c1489e95de,114,505,2026-09-05,2026-09-05,2418.97,2418.97,2418.97,,,2026-09-12 23:05:03
c9f80428462046ac9747,110,505,2026-09-06,2026-09-06,1940.9,1940.9,1940.9,,,2026-09-12 23:05:03
5823eafffcaa480f8a67,114,505,2026-09-07,2026-09-07,7598.1,7598.1,7598.1,,,2026-09-12 23:05:03
85236cb2b9884f03a8e2,120,505,2026-09-08,2026-09-08,178.36,178.36,178.36,,,2026-09-12 23:05:03
c3ce3441ea8d4101a3e9,117,505,2026-09-09,2026-09-09,4290.64,4290.64,4290.64,,,2026-09-12 23:05:03
27f8caff97c3424dbbad,106,505,2026-08-11,2026-08-11,2900.88,2900.88,2900.88,,,2026-09-12 23:05:03
909e09808d634ea982cc,117,505,2026-08-12,2026-08-12,2273.79,2273.79,2273.79,,,2026-09-12 23:05:03
6a884fc43fdb4b2ca6d3,109,505,2026-08-13,2026-08-13,5238.1,5238.1,5238.1,,,2026-09-12 23:05:03
a63e04ba278f48d4b9f8,118,505,2026-08-14,2026-08-14,9058.83,9058.83,9058.83,,,2026-09-12 23:05:03
b23224e8b0bc4c6b970a,105,505,2026-08-15,2026-08-15,7639.03,7639.03,7639.03,,,2026-09-12 23:05:03
ea192e6269de4bde8047,102,505,2026-08-16,2026-08-16,1502.17,1502.17,1502.17,,,2026-09-12 23:05:03
dfd5d0de20394be297d5,108,505,2026-08-17,2026-08-17,3510.71,3510.71,3510.71,,,2026-09-12 23:05:03
4c17deec76c5421eacc8,117,505,2026-08-18,2026-08-18,682.15,682.15,682.15,,,2026-09-12 23:05:03
36ec987d68a14473b8fb,108,505,2026-08-19,2026-08-19,1255.09,1255.09,1255.09,,,2026-09-12 23:05:03
12dfef78e3af436a86c0,102,505,2026-08-20,2026-08-20,7299,7299,7299,,,2026-09-12 23:05:03
0ece7690114f4b9c8af9,106,505,2026-08-21,2026-08-21,2064.58,2064.58,2064.58,,,2026-09-12 23:05:03
e475894e121d4402a1b6,112,505,2026-08-22,2026-08-22,1652.22,1652.22,1652.22,,,2026-09-12 23:05:03
45b69b495ef5441e8df9,107,505,2026-08-23,2026-08-23,4915.18,4915.18,4915.18,,,2026-09-12 23:05:03
6c56e505203b4006b885,108,505,2026-08-24,2026-08-24,4086.69,4086.69,4086.69,,,2026-09-12 23:05:03
2ef8a68881ac421481f6,101,505,2026-08-25,2026-08-25,4448.74,4448.74,4448.74,,,2026-09-12 23:05:03
b0544747db594fab8bd8,112,505,2026-08-26,2026-08-26,996.78,996.78,996.78,,,2026-09-12 23:05:03
4277daa3ae92493a9ec6,105,505,2026-08-27,2026-08-27,1063.47,1063.47,1063.47,,,2026-09-12 23:05:03
0d348482ec544b06bf73,101,505,2026-08-28,2026-08-28,2291.38,2291.38,2291.38,,,2026-09-12 23:05:03
bec97f2465ad4a4bad17,119,505,2026-08-29,2026-08-29,104.95,104.95,104.95,,,2026-09-12 23:05:03
31ee4d35080e4614b31d,120,505,2026-08-30,2026-08-30,8695.51,8695.51,8695.51,,,2026-09-12 23:05:03
ad97366011304bfcb459,116,505,2026-08-31,2026-08-31,1988.16,1988.16,1988.16,,,2026-09-12 23:05:03
e267880dafcf45cd92ce,110,505,2026-09-01,2026-09-01,1577.63,1577.63,1577.63,,,2026-09-12 23:05:03
3de8baf753f64d2ea1c8,114,505,2026-09-02,2026-09-02,2859.62,2859.62,2859.62,,,2026-09-12 23:05:03
22f109f6b6bb469582e1,116,505,2026-09-03,2026-09-03,640.62,640.62,640.62,,,2026-09-12 23:05:03
f710a6fdf29a498f9ccb,113,505,2026-09-04,2026-09-04,7462.16,7462.16,7462.16,,,2026-09-12 23:05:03
b4a675fd2ea9444ab1f6,119,505,2026-09-05,2026-09-05,3938.02,3938.02,3938.02,,,2026-09-12 23:05:03
545e1ab5e74b4a45ad2b,110,505,2026-09-06,2026-09-06,1746.96,1746.96,1746.96,,,2026-09-12 23:05:03
c5b0ed275ea648799a69,114,505,2026-09-07,2026-09-07,2323.17,2323.17,2323.17,,,2026-09-12 23:05:03
59992e7d36be46e49e27,116,505,2026-09-08,2026-09-08,138.83,138.83,138.83,,,2026-09-12 23:05:03
32c63d32b19d41959a0c,115,505,2026-09-09,2026-09-09,227.9,227.9,227.9,,,2026-09-12 23:05:03
210d098b38494449bff3,118,505,2026-08-11,2026-08-11,173.68,173.68,173.68,,,2026-09-12 23:05:03
302f6e28e1c64872ae56,117,505,2026-08-12,2026-08-12,4462.45,4462.45,4462.45,,,2026-09-12 23:05:03
6b74367b06f148d98b3f,111,505,2026-08-13,2026-08-13,2988.88,2988.88,2988.88,,,2026-09-12 23:05:03
11e2a8cf144147a9a77f,113,505,2026-08-14,2026-08-14,1592.07,1592.07,1592.07,,,2026-09-12 23:05:03
f0590dcf917a43a8bcb9,102,505,2026-08-15,2026-08-15,853.59,853.59,853.59,,,2026-09-12 23:05:03
b6797d7a0f844aea9232,103,505,2026-08-16,2026-08-16,5268.7,5268.7,5268.7,,,2026-09-12 23:05:03
a67bf203ed8d418d849a,120,505,2026-08-17,2026-08-17,439.29,439.29,439.29,,,2026-09-12 23:05:03
d247f29e733140328cd0,103,505,2026-08-18,2026-08-18,60.18,60.18,60.18,,,2026-09-12 23:05:03
bc5bbe7728c34961aa7d,120,505,2026-08-19,2026-08-19,1983.77,1983.77,1983.77,,,2026-09-12 23:05:03
f0fa3b318df1481a9021,120,505,2026-08-20,2026-08-20,4158.24,4158.24,4158.24,,,2026-09-12 23:05:03
fe2796dea1854c879250,114,505,2026-08-21,2026-08-21,6163.66,6163.66,6163.66,,,2026-09-12 23:05:03
c149f6eef9e94a73add7,110,505,2026-08-22,2026-08-22,3215.58,3215.58,3215.58,,,2026-09-12 23:05:03
e75f6b093d2e402184e0,116,505,2026-08-23,2026-08-23,3739.59,3739.59,3739.59,,,2026-09-12 23:05:03
1993c0112fa94ddfbd6e,112,505,2026-08-24,2026-08-24,7739.6,7739.6,7739.6,,,2026-09-12 23:05:03
c89191e9fc5b4da7b168,105,505,2026-08-25,2026-08-25,958.66,958.66,958.66,,,2026-09-12 23:05:03
912afcb645564ac39fc2,116,505,2026-08-26,2026-08-26,110.58,110.58,110.58,,,2026-09-12 23:05:03
8b37047b38644bbba734,116,505,2026-08-27,2026-08-27,2236.39,2236.39,2236.39,,,2026-09-12 23:05:03
3c5613f48b354092bd12,106,505,2026-08-28,2026-08-28,3033.37,3033.37,3033.37,,,2026-09-12 23:05:03
59d61622abe841a98e88,104,505,2026-08-29,2026-08-29,538.88,538.88,538.88,,,2026-09-12 23:05:03
c36d8b64074142b48fe9,120,505,2026-08-30,2026-08-30,6191.26,6191.26,6191.26,,,2026-09-12 23:05:03
a1bdc02456824d01b446,105,505,2026-08-31,2026-08-31,6284.59,6284.59,6284.59,,,2026-09-12 23:05:03
58240865e51b410e86cc,111,505,2026-09-01,2026-09-01,502.76,502.76,502.76,,,2026-09-12 23:05:03
adac74543aef4ebdbcd8,119,505,2026-09-02,2026-09-02,7721.86,7721.86,7721.86,,,2026-09-12 23:05:03
17e9eba7cdb5428aa3a5,117,505,2026-09-03,2026-09-03,3277.84,3277.84,3277.84,,,2026-09-12 23:05:03
d26a402a9ae54a938bf0,116,505,2026-09-04,2026-09-04,6017.32,6017.32,6017.32,,,2026-09-12 23:05:03
3e7122da124e4ac88397,105,505,2026-09-05,2026-09-05,1096.46,1096.46,1096.46,,,2026-09-12 23:05:03
c40ca5006fb44752a0f5,104,505,2026-09-06,2026-09-06,9241.21,9241.21,9241.21,,,2026-09-12 23:05:03
532ad1161e9c4ab7a052,111,505,2026-09-07,2026-09-07,4632.51,4632.51,4632.51,,,2026-09-12 23:05:03
2ffe6b3bb7be40fe8f48,103,505,2026-09-08,2026-09-08,2022.99,2022.99,2022.99,,,2026-09-12 23:05:03
517880af52a941b38f21,102,505,2026-09-09,2026-09-09,779.31,779.31,779.31,,,2026-09-12 23:05:03
8ec8e83d694e429bb3ff,116,505,2026-08-11,2026-08-11,1630.17,1630.17,1630.17,,,2026-09-12 23:05:03
0974794df95d47889b38,111,505,2026-08-12,2026-08-12,3221.78,3221.78,3221.78,,,2026-09-12 23:05:03
593debe769a04005a8f2,111,505,2026-08-13,2026-08-13,114.96,114.96,114.96,,,2026-09-12 23:05:03
7015137059cd4d218574,114,505,2026-08-14,2026-08-14,1870.78,1870.78,1870.78,,,2026-09-12 23:05:03
97b20beb2b8445df8ee2,119,505,2026-08-15,2026-08-15,2242.25,2242.25,2242.25,,,2026-09-12 23:05:03
cdcc0b07d14a482a98d1,113,505,2026-08-16,2026-08-16,369.21,369.21,369.21,,,2026-09-12 23:05:03
bd55615d587a41ccb5df,104,505,2026-08-17,2026-08-17,189.69,189.69,189.69,,,2026-09-12 23:05:03
75f1efcdf1cd43ccac15,107,505,2026-08-18,2026-08-18,415.22,415.22,415.22,,,2026-09-12 23:05:03
97a91c473e454af89de9,113,505,2026-08-19,2026-08-19,2289.03,2289.03,2289.03,,,2026-09-12 23:05:03
0797962d1ba548ceba8d,116,505,2026-08-20,2026-08-20,2538.97,2538.97,2538.97,,,2026-09-12 23:05:03
9b4ba439269d463baeb4,115,505,2026-08-21,2026-08-21,7216.1,7216.1,7216.1,,,2026-09-12 23:05:03
3dc7817d36d64f0bb703,119,505,2026-08-22,2026-08-22,558.4,558.4,558.4,,,2026-09-12 23:05:03
ebe2dc404df243eca0ce,108,505,2026-08-23,2026-08-23,1683.7,1683.7,1683.7,,,2026-09-12 23:05:03
7b6c9f47d345435ea654,112,505,2026-08-24,2026-08-24,5368.93,5368.93,5368.93,,,2026-09-12 23:05:03
b573712876db4855a01b,118,505,2026-08-25,2026-08-25,33.39,33.39,33.39,,,2026-09-12 23:05:03
a8c04c8f99994f6296ac,107,505,2026-08-26,2026-08-26,6299.56,6299.56,6299.56,,,2026-09-12 23:05:03
1d1f8e4c04004f868552,118,505,2026-08-27,2026-08-27,179.32,179.32,179.32,,,2026-09-12 23:05:03
4213b1eb6aab4a92809c,120,505,2026-08-28,2026-08-28,557.33,557.33,557.33,,,2026-09-12 23:05:03
8286dc7d382442de883a,108,505,2026-08-29,2026-08-29,4813.02,4813.02,4813.02,,,2026-09-12 23:05:03
782a2895dfa345cd9870,111,505,2026-08-30,2026-08-30,214.84,214.84,214.84,,,2026-09-12 23:05:03
b947f99820ac489081ef,109,505,2026-08-31,2026-08-31,6003.25,6003.25,6003.25,,,2026-09-12 23:05:03
355ddd4625de4baa82da,117,505,2026-09-01,2026-09-01,4315.91,4315.91,4315.91,,,2026-09-12 23:05:03
75d5a797bb5f4b2b9c1b,116,505,2026-09-02,2026-09-02,6361.37,6361.37,6361.37,,,2026-09-12 23:05:03
a6b03b351a5c462bb967,104,505,2026-09-03,2026-09-03,2276.88,2276.88,2276.88,,,2026-09-12 23:05:03
26ab6c1e565c4d5bae21,107,505,2026-09-04,2026-09-04,5200.37,5200.37,5200.37,,,2026-09-12 23:05:03
09c64326efb14c1f9ae6,114,505,2026-09-05,2026-09-05,681.25,681.25,681.25,,,2026-09-12 23:05:03
39ea33484ced4f9d82ac,113,505,2026-09-06,2026-09-06,1060.47,1060.47,1060.47,,,2026-09-12 23:05:03
ffcd3c21980340a1a9ff,120,505,2026-09-07,2026-09-07,1374.41,1374.41,1374.41,,,2026-09-12 23:05:03
180d557d5d824719a198,102,505,2026-09-08,2026-09-08,1504.59,1504.59,1504.59,,,2026-09-12 23:05:03
aea90f2eca034cc081f1,117,505,2026-09-09,2026-09-09,2206.55,2206.55,2206.55,,,2026-09-12 23:05:03
fd6bd61dc2504e29a4cf,110,505,2026-08-11,2026-08-11,2017.19,2017.19,2017.19,,,2026-09-12 23:05:03
577a1a83e37c4c65b71b,118,505,2026-08-12,2026-08-12,4343.09,4343.09,4343.09,,,2026-09-12 23:05:03
003dc1dca03346a39a44,107,505,2026-08-13,2026-08-13,598.8,598.8,598.8,,,2026-09-12 23:05:03
44b0a2e764ab4a878ff2,103,505,2026-08-14,2026-08-14,2656.57,2656.57,2656.57,,,2026-09-12 23:05:03
f38461a52a754c49bc64,106,505,2026-08-15,2026-08-15,3411.34,3411.34,3411.34,,,2026-09-12 23:05:03
08565c2967ef425b8f98,117,505,2026-08-16,2026-08-16,5999.04,5999.04,5999.04,,,2026-09-12 23:05:03
a0b0ad7a34634715a79f,110,505,2026-08-17,2026-08-17,1265.49,1265.49,1265.49,,,2026-09-12 23:05:03
11f9f3498d4c41ce84ef,103,505,2026-08-18,2026-08-18,1257.68,1257.68,1257.68,,,2026-09-12 23:05:03
3afbb4998b5e43eea1fb,113,505,2026-08-19,2026-08-19,510.23,510.23,510.23,,,2026-09-12 23:05:03
728f4e65c2854b2db831,118,505,2026-08-20,2026-08-20,1934.2,1934.2,1934.2,,,2026-09-12 23:05:03
c89468cbc7a8496dac34,107,505,2026-08-21,2026-08-21,2738.5,2738.5,2738.5,,,2026-09-12 23:05:03
4870b74ccc844cda97bb,120,505,2026-08-22,2026-08-22,4360.58,4360.58,4360.58,,,2026-09-12 23:05:03
88afbd8f8b404a9e8a00,101,505,2026-08-23,2026-08-23,1943.86,1943.86,1943.86,,,2026-09-12 23:05:03
312fdbabafd94fb9acf4,111,505,2026-08-24,2026-08-24,2418.38,2418.38,2418.38,,,2026-09-12 23:05:03
b77864bb99034129a3b7,108,505,2026-08-25,2026-08-25,192.68,192.68,192.68,,,2026-09-12 23:05:03
f4d9ac9a936a4f129e77,119,505,2026-08-26,2026-08-26,4319.14,4319.14,4319.14,,,2026-09-12 23:05:03
dbabb772001e476ca3a0,105,505,2026-08-27,2026-08-27,6434,6434,6434,,,2026-09-12 23:05:03
e112a086db204d33bd6d,104,505,2026-08-28,2026-08-28,471.58,471.58,471.58,,,2026-09-12 23:05:03
568cbacda8b04556903a,109,505,2026-08-29,2026-08-29,101.33,101.33,101.33,,,2026-09-12 23:05:03
12dea44c386c435a810d,117,505,2026-08-30,2026-08-30,1652.77,1652.77,1652.77,,,2026-09-12 23:05:03
0308252567f940b89dc4,116,505,2026-08-31,2026-08-31,1580.72,1580.72,1580.72,,,2026-09-12 23:05:03
c5c5833eee624614800a,101,505,2026-09-01,2026-09-01,2953.59,2953.59,2953.59,,,2026-09-12 23:05:03
e63d044d1c9e43deafed,114,505,2026-09-02,2026-09-02,1150.9,1150.9,1150.9,,,2026-09-12 23:05:03
efd88a39284e4e3aa573,110,505,2026-09-03,2026-09-03,2643.35,2643.35,2643.35,,,2026-09-12 23:05:03
e34c1fba98504b418a56,108,505,2026-09-04,2026-09-04,3145.28,3145.28,3145.28,,,2026-09-12 23:05:03
0cc95a4eb01d47e69447,111,505,2026-09-05,2026-09-05,1950,1950,1950,,,2026-09-12 23:05:03
c0761a87dd6a4a0a963f,107,505,2026-09-06,2026-09-06,826.23,826.23,826.23,,,2026-09-12 23:05:03
b3febf63b62a48e6826b,120,505,2026-09-07,2026-09-07,4574.6,4574.6,4574.6,,,2026-09-12 23:05:03
2650bcf3c06940909ab1,119,505,2026-09-08,2026-09-08,4278.01,4278.01,4278.01,,,2026-09-12 23:05:03
c99c9ee2c98e481e89c1,106,505,2026-09-09,2026-09-09,5787.59,5787.59,5787.59,,,2026-09-12 23:05:03
f640f59c63144f00bfed,103,506,2026-08-11,2026-08-11,979.02,979.02,979.02,,,2026-09-12 23:05:03
e4bd44b4871a46af84df,108,506,2026-08-12,2026-08-12,974.25,974.25,974.25,,,2026-09-12 23:05:03
5d3aac8f089148498b9a,103,506,2026-08-13,2026-08-13,530.5,530.5,530.5,,,2026-09-12 23:05:03
189bc8aabebc4798a1ed,111,506,2026-08-14,2026-08-14,185.23,185.23,185.23,,,2026-09-12 23:05:03
3ec50921e21b4aaeb168,104,506,2026-08-15,2026-08-15,279.26,279.26,279.26,,,2026-09-12 23:05:03
5aa09091d69b49318ae9,106,506,2026-08-16,2026-08-16,4700.13,4700.13,4700.13,,,2026-09-12 23:05:03
32f81ec785704a1cac08,103,506,2026-08-17,2026-08-17,2681.42,2681.42,2681.42,,,2026-09-12 23:05:03
199e0803318140fdbd58,116,506,2026-08-18,2026-08-18,3244.81,3244.81,3244.81,,,2026-09-12 23:05:03
825531ff4b7b4d639d36,115,506,2026-08-19,2026-08-19,1909.98,1909.98,1909.98,,,2026-09-12 23:05:03
706203ba716d4fa0a479,111,506,2026-08-20,2026-08-20,8149.26,8149.26,8149.26,,,2026-09-12 23:05:03
20c5639837d44b51977a,108,506,2026-08-21,2026-08-21,2318.81,2318.81,2318.81,,,2026-09-12 23:05:03
66899e96935f40f88052,117,506,2026-08-22,2026-08-22,284.26,284.26,284.26,,,2026-09-12 23:05:03
96d9fe3e24c5495897b4,105,506,2026-08-23,2026-08-23,1631.94,1631.94,1631.94,,,2026-09-12 23:05:03
499c7a9d00fd4ec8926e,113,506,2026-08-24,2026-08-24,592.66,592.66,592.66,,,2026-09-12 23:05:03
815b6d313582424c9f31,117,506,2026-08-25,2026-08-25,2864.54,2864.54,2864.54,,,2026-09-12 23:05:03
7cf10a56cd464535bf7a,117,506,2026-08-26,2026-08-26,3521.86,3521.86,3521.86,,,2026-09-12 23:05:03
2938a0400b814056a282,103,506,2026-08-27,2026-08-27,60.01,60.01,60.01,,,2026-09-12 23:05:03
dc077fed7bb64dd49d93,105,506,2026-08-28,2026-08-28,5433.42,5433.42,5433.42,,,2026-09-12 23:05:03
16d3a4c206844b24810c,120,506,2026-08-29,2026-08-29,871.38,871.38,871.38,,,2026-09-12 23:05:03
958b3a50dc6347af9e53,109,506,2026-08-30,2026-08-30,254.75,254.75,254.75,,,2026-09-12 23:05:03
0e0b6de9ab774312b293,119,506,2026-08-31,2026-08-31,1406.4,1406.4,1406.4,,,2026-09-12 23:05:03
ff4c0243976f443fbbd6,114,506,2026-09-01,2026-09-01,5921.36,5921.36,5921.36,,,2026-09-12 23:05:03
2781e5e0a6c1497bb56a,116,506,2026-09-02,2026-09-02,606.41,606.41,606.41,,,2026-09-12 23:05:03
c1c0218c17e64764ab9e,109,506,2026-09-03,2026-09-03,457.98,457.98,457.98,,,2026-09-12 23:05:03
9ea50f27910d4f54bc4d,112,506,2026-09-04,2026-09-04,6121.33,6121.33,6121.33,,,2026-09-12 23:05:03
fb3e96098e41466b938c,109,506,2026-09-05,2026-09-05,2567.02,2567.02,2567.02,,,2026-09-12 23:05:03
37ffc4e97ccf49839ab9,112,506,2026-09-06,2026-09-06,2566.7,2566.7,2566.7,,,2026-09-12 23:05:03
cc0facbaa0124820a071,106,506,2026-09-07,2026-09-07,2063.56,2063.56,2063.56,,,2026-09-12 23:05:03
d5b738ff38324eecb59b,118,506,2026-09-08,2026-09-08,3073.07,3073.07,3073.07,,,2026-09-12 23:05:03
9e5f5cec429a4ec4881c,106,506,2026-09-09,2026-09-09,287.18,287.18,287.18,,,2026-09-12 23:05:03
8e92694752fa49fb827d,111,506,2026-08-11,2026-08-11,1303.66,1303.66,1303.66,,,2026-09-12 23:05:03
89a0b31be1a743048f95,101,506,2026-08-12,2026-08-12,252.28,252.28,252.28,,,2026-09-12 23:05:03
12b9fe2cf86741359fef,108,506,2026-08-13,2026-08-13,4382.44,4382.44,4382.44,,,2026-09-12 23:05:03
ef7bcada25234c8d9fe6,108,506,2026-08-14,2026-08-14,28.57,28.57,28.57,,,2026-09-12 23:05:03
29fdc7c5517345bc8313,108,506,2026-08-15,2026-08-15,36.36,36.36,36.36,,,2026-09-12 23:05:03
5c2da85ad28349c9bd86,108,506,2026-08-16,2026-08-16,71.92,71.92,71.92,,,2026-09-12 23:05:03
1c86710abc7846f49cdf,110,506,2026-08-17,2026-08-17,4624.34,4624.34,4624.34,,,2026-09-12 23:05:03
dc057f7892a64157b6ad,107,506,2026-08-18,2026-08-18,862.73,862.73,862.73,,,2026-09-12 23:05:03
ecd1f7d8918a48ebafb0,101,506,2026-08-19,2026-08-19,285.13,285.13,285.13,,,2026-09-12 23:05:03
ed2f0b9271824b34a38b,106,506,2026-08-20,2026-08-20,85.8,85.8,85.8,,,2026-09-12 23:05:03
8fdcd41dfbd94f57b108,104,506,2026-08-21,2026-08-21,318.77,318.77,318.77,,,2026-09-12 23:05:03
ef05df10b1c5487d8f15,111,506,2026-08-22,2026-08-22,1029.6,1029.6,1029.6,,,2026-09-12 23:05:03
b59c390164bc46299289,112,506,2026-08-23,2026-08-23,709.88,709.88,709.88,,,2026-09-12 23:05:03
4a45a47e05ff49549eeb,108,506,2026-08-24,2026-08-24,2772.62,2772.62,2772.62,,,2026-09-12 23:05:03
c1eb82ac701a465c821a,120,506,2026-08-25,2026-08-25,4194.12,4194.12,4194.12,,,2026-09-12 23:05:03
6d6daf51c8114c28af1d,101,506,2026-08-26,2026-08-26,4.64,4.64,4.64,,,2026-09-12 23:05:03
c8e30a71fcca44b5b5fd,111,506,2026-08-27,2026-08-27,1369.85,1369.85,1369.85,,,2026-09-12 23:05:03
4c36b867c9ce4625b74d,118,506,2026-08-28,2026-08-28,577.12,577.12,577.12,,,2026-09-12 23:05:03
a8c2c834cd674df18379,115,506,2026-08-29,2026-08-29,1049,1049,1049,,,2026-09-12 23:05:03
9e4ac8a8ecb247919625,119,506,2026-08-30,2026-08-30,128.65,128.65,128.65,,,2026-09-12 23:05:03
da69590c831649a0a259,103,506,2026-08-31,2026-08-31,3721.22,3721.22,3721.22,,,2026-09-12 23:05:03
81292ba5f52a4026a928,111,506,2026-09-01,2026-09-01,221.57,221.57,221.57,,,2026-09-12 23:05:03
a64766abd0cf4eaf8a2f,101,506,2026-09-02,2026-09-02,80.46,80.46,80.46,,,2026-09-12 23:05:03
d1f66e8f32e640bea575,102,506,2026-09-03,2026-09-03,3388.07,3388.07,3388.07,,,2026-09-12 23:05:03
9904a860404e4e4fbb06,102,506,2026-09-04,2026-09-04,1585.52,1585.52,1585.52,,,2026-09-12 23:05:03
4b0e31a35907475b8695,113,506,2026-09-05,2026-09-05,806.12,806.12,806.12,,,2026-09-12 23:05:03
904a6ab510134c96a3e2,119,506,2026-09-06,2026-09-06,184.77,184.77,184.77,,,2026-09-12 23:05:03
629aff3c1ae54795b3d2,116,506,2026-09-07,2026-09-07,4203.44,4203.44,4203.44,,,2026-09-12 23:05:03
e89ea4fcc9914ee3a3d2,115,506,2026-09-08,2026-09-08,34.13,34.13,34.13,,,2026-09-12 23:05:03
b1e44316757d4626a541,113,506,2026-09-09,2026-09-09,1216.91,1216.91,1216.91,,,2026-09-12 23:05:03
d4b3d0eb66184d6c8eeb,107,506,2026-08-11,2026-08-11,1010.12,1010.12,1010.12,,,2026-09-12 23:05:03
50e47e9175f84508b8e1,118,506,2026-08-12,2026-08-12,3581.51,3581.51,3581.51,,,2026-09-12 23:05:03
8105b1482bf545c5880e,111,506,2026-08-13,2026-08-13,7712.68,7712.68,7712.68,,,2026-09-12 23:05:03
fe464fdef18a44c6ae8e,116,506,2026-08-14,2026-08-14,5134.71,5134.71,5134.71,,,2026-09-12 23:05:03
fdb4aa86f39a422d8859,112,506,2026-08-15,2026-08-15,2149.13,2149.13,2149.13,,,2026-09-12 23:05:03
bab0d0b196504c6393c1,109,506,2026-08-16,2026-08-16,4987.25,4987.25,4987.25,,,2026-09-12 23:05:03
c98f3b0bc8764eb8b7bd,116,506,2026-08-17,2026-08-17,367.92,367.92,367.92,,,2026-09-12 23:05:03
829a311092884fbfad64,108,506,2026-08-18,2026-08-18,4518.39,4518.39,4518.39,,,2026-09-12 23:05:03
890974e443544df3a35f,102,506,2026-08-19,2026-08-19,694.35,694.35,694.35,,,2026-09-12 23:05:03
d83616da243c461c819b,118,506,2026-08-20,2026-08-20,1041.43,1041.43,1041.43,,,2026-09-12 23:05:03
392c607189c0483094fc,106,506,2026-08-21,2026-08-21,947.1,947.1,947.1,,,2026-09-12 23:05:03
b209ef9511bb4380862d,110,506,2026-08-22,2026-08-22,3562.51,3562.51,3562.51,,,2026-09-12 23:05:03
3da3861ef95744d2b761,104,506,2026-08-23,2026-08-23,2430.83,2430.83,2430.83,,,2026-09-12 23:05:03
18ef9d500e7f4b638c7e,117,506,2026-08-24,2026-08-24,2118,2118,2118,,,2026-09-12 23:05:03
123f297b01824e3d8276,104,506,2026-08-25,2026-08-25,8327.91,8327.91,8327.91,,,2026-09-12 23:05:03
43091b0e45934397858f,117,506,2026-08-26,2026-08-26,193.34,193.34,193.34,,,2026-09-12 23:05:03
2e42aec6d28c403d9b73,119,506,2026-08-27,2026-08-27,828.96,828.96,828.96,,,2026-09-12 23:05:03
76c5b94c8e2f4274af2d,101,506,2026-08-28,2026-08-28,949.19,949.19,949.19,,,2026-09-12 23:05:03
78c0597fd35b4cde83a8,119,506,2026-08-29,2026-08-29,4858.52,4858.52,4858.52,,,2026-09-12 23:05:03
c3bfc1757ce24982be8d,104,506,2026-08-30,2026-08-30,256.93,256.93,256.93,,,2026-09-12 23:05:03
c1a38062040c43f3bc9e,105,506,2026-08-31,2026-08-31,23.56,23.56,23.56,,,2026-09-12 23:05:03
2693b8cc463e416aa143,113,506,2026-09-01,2026-09-01,5574.4,5574.4,5574.4,,,2026-09-12 23:05:03
aee955b670e942e0bfe4,107,506,2026-09-02,2026-09-02,4725.5,4725.5,4725.5,,,2026-09-12 23:05:03
897552104bbd4b46b0b9,110,506,2026-09-03,2026-09-03,666.18,666.18,666.18,,,2026-09-12 23:05:03
ad00f5ee90cb4cc3aa74,109,506,2026-09-04,2026-09-04,985.15,985.15,985.15,,,2026-09-12 23:05:03
b3e1af7441794c3b8715,102,506,2026-09-05,2026-09-05,718.49,718.49,718.49,,,2026-09-12 23:05:03
b8da7253eaeb4c778651,116,506,2026-09-06,2026-09-06,3951.15,3951.15,3951.15,,,2026-09-12 23:05:03
8bc3ee759e0e4f03be59,116,506,2026-09-07,2026-09-07,2624.39,2624.39,2624.39,,,2026-09-12 23:05:03
2e8c07db5f324da8948a,116,506,2026-09-08,2026-09-08,2925.06,2925.06,2925.06,,,2026-09-12 23:05:03
5b83fb1e8c884397bdac,112,506,2026-09-09,2026-09-09,2596.7,2596.7,2596.7,,,2026-09-12 23:05:03
ff2e9d29ae7645eebece,115,506,2026-08-11,2026-08-11,1990.06,1990.06,1990.06,,,2026-09-12 23:05:03
b227ae4521e04724a209,119,506,2026-08-12,2026-08-12,6937.05,6937.05,6937.05,,,2026-09-12 23:05:03
879833b4429442bda7a8,101,506,2026-08-13,2026-08-13,2172.58,2172.58,2172.58,,,2026-09-12 23:05:03
fb2b1f367a8844989404,118,506,2026-08-14,2026-08-14,847.05,847.05,847.05,,,2026-09-12 23:05:03
54fbec328a1a4cf09793,103,506,2026-08-15,2026-08-15,5337.09,5337.09,5337.09,,,2026-09-12 23:05:03
716a018913254bf8bc91,114,506,2026-08-16,2026-08-16,4528.9,4528.9,4528.9,,,2026-09-12 23:05:03
07db3a52d926452b9c53,105,506,2026-08-17,2026-08-17,2045.28,2045.28,2045.28,,,2026-09-12 23:05:03
333a6b1683eb4f1dafac,101,506,2026-08-18,2026-08-18,2187.47,2187.47,2187.47,,,2026-09-12 23:05:03
659a1e200d854993aa68,103,506,2026-08-19,2026-08-19,437.55,437.55,437.55,,,2026-09-12 23:05:03
561582cab4a449629392,114,506,2026-08-20,2026-08-20,2718.91,2718.91,2718.91,,,2026-09-12 23:05:03
236ff40ecf1a41ff9195,105,506,2026-08-21,2026-08-21,3787.62,3787.62,3787.62,,,2026-09-12 23:05:03
a4f9bc7a7ace461486ad,120,506,2026-08-22,2026-08-22,44.69,44.69,44.69,,,2026-09-12 23:05:03
333eb955461446c4bbaa,118,506,2026-08-23,2026-08-23,1175.6,1175.6,1175.6,,,2026-09-12 23:05:03
ed734a51962a46efba87,115,506,2026-08-24,2026-08-24,4014.65,4014.65,4014.65,,,2026-09-12 23:05:03
bbb4e7497365467eb7af,101,506,2026-08-25,2026-08-25,1737.84,1737.84,1737.84,,,2026-09-12 23:05:03
e6ebccc044984f31b951,108,506,2026-08-26,2026-08-26,7331.21,7331.21,7331.21,,,2026-09-12 23:05:03
90bf1a57c5d14b81b16d,111,506,2026-08-27,2026-08-27,3506.41,3506.41,3506.41,,,2026-09-12 23:05:03
0fcdc2d43158470a9c4b,107,506,2026-08-28,2026-08-28,4951.66,4951.66,4951.66,,,2026-09-12 23:05:03
2804e95eef7d4f2e93e7,119,506,2026-08-29,2026-08-29,2279.66,2279.66,2279.66,,,2026-09-12 23:05:03
ac7038c48d594f738a1a,116,506,2026-08-30,2026-08-30,3766.83,3766.83,3766.83,,,2026-09-12 23:05:03
4652ae6440f044b4b83f,104,506,2026-08-31,2026-08-31,697.01,697.01,697.01,,,2026-09-12 23:05:03
42f10c2f59b74e0bbba2,101,506,2026-09-01,2026-09-01,997.75,997.75,997.75,,,2026-09-12 23:05:03
2ecdeac19f7c41c488d9,106,506,2026-09-02,2026-09-02,1422.15,1422.15,1422.15,,,2026-09-12 23:05:03
20af3aef82864c6d82aa,115,506,2026-09-03,2026-09-03,3121.4,3121.4,3121.4,,,2026-09-12 23:05:03
08a89633e9f2432e8966,101,506,2026-09-04,2026-09-04,808.21,808.21,808.21,,,2026-09-12 23:05:03
c5fb3649ba724e3bbbe1,102,506,2026-09-05,2026-09-05,7873.02,7873.02,7873.02,,,2026-09-12 23:05:03
913b99d8bca24fd3b946,114,506,2026-09-06,2026-09-06,4649.14,4649.14,4649.14,,,2026-09-12 23:05:03
cbf9d9541fc04d69a368,103,506,2026-09-07,2026-09-07,2521.73,2521.73,2521.73,,,2026-09-12 23:05:03
6bfa2cb0ae574233ae29,105,506,2026-09-08,2026-09-08,876.86,876.86,876.86,,,2026-09-12 23:05:03
f54c7018666d43bf91b7,114,506,2026-09-09,2026-09-09,1909.07,1909.07,1909.07,,,2026-09-12 23:05:03
971d8fff9b7c49f2a02c,115,506,2026-08-11,2026-08-11,8283.31,8283.31,8283.31,,,2026-09-12 23:05:03
f4f0b752240f49e29511,113,506,2026-08-12,2026-08-12,897.97,897.97,897.97,,,2026-09-12 23:05:03
4ace9e8f7a45441e8344,110,506,2026-08-13,2026-08-13,1770.09,1770.09,1770.09,,,2026-09-12 23:05:03
ebe71482f4fe4a398ff9,109,506,2026-08-14,2026-08-14,677.19,677.19,677.19,,,2026-09-12 23:05:03
e013f487364d4951a044,114,506,2026-08-15,2026-08-15,71.44,71.44,71.44,,,2026-09-12 23:05:03
086b24094c47416481a9,102,506,2026-08-16,2026-08-16,2960.64,2960.64,2960.64,,,2026-09-12 23:05:03
7ff8a126105846818495,108,506,2026-08-17,2026-08-17,198.14,198.14,198.14,,,2026-09-12 23:05:03
309ddc041fb64c4a9ed1,103,506,2026-08-18,2026-08-18,2017.22,2017.22,2017.22,,,2026-09-12 23:05:03
160ea472c35842f69341,111,506,2026-08-19,2026-08-19,254.28,254.28,254.28,,,2026-09-12 23:05:03
f77875e85fcc4559bad6,112,506,2026-08-20,2026-08-20,8873.21,8873.21,8873.21,,,2026-09-12 23:05:03
e9268b95dcd34c72983e,117,506,2026-08-21,2026-08-21,2132.87,2132.87,2132.87,,,2026-09-12 23:05:03
2a422be49e694ac5910d,108,506,2026-08-22,2026-08-22,2340.61,2340.61,2340.61,,,2026-09-12 23:05:03
8b884f60373c40bf9faa,115,506,2026-08-23,2026-08-23,781.01,781.01,781.01,,,2026-09-12 23:05:03
c52f14bde8d746648c8f,120,506,2026-08-24,2026-08-24,4350.78,4350.78,4350.78,,,2026-09-12 23:05:03
12bdfbe5fda44fcdb75e,106,506,2026-08-25,2026-08-25,1948.3,1948.3,1948.3,,,2026-09-12 23:05:03
6eb6d6525c9040c1bb95,110,506,2026-08-26,2026-08-26,7022.85,7022.85,7022.85,,,2026-09-12 23:05:03
47e1ccc29b964e29b50c,114,506,2026-08-27,2026-08-27,325.4,325.4,325.4,,,2026-09-12 23:05:03
e29a2ac588f04f98a93e,109,506,2026-08-28,2026-08-28,1936.54,1936.54,1936.54,,,2026-09-12 23:05:03
5b0259b116d945adb293,103,506,2026-08-29,2026-08-29,3404.72,3404.72,3404.72,,,2026-09-12 23:05:03
ecf2904c21a84407b1e5,117,506,2026-08-30,2026-08-30,622.16,622.16,622.16,,,2026-09-12 23:05:03
4f0cdc064d98485187b7,104,506,2026-08-31,2026-08-31,3594.01,3594.01,3594.01,,,2026-09-12 23:05:03
11c8e100f3f048bb931e,117,506,2026-09-01,2026-09-01,503.61,503.61,503.61,,,2026-09-12 23:05:03
fb5fda97f24c42c392b0,109,506,2026-09-02,2026-09-02,1629.4,1629.4,1629.4,,,2026-09-12 23:05:03
a9eb48ace49142478b96,115,506,2026-09-03,2026-09-03,258.19,258.19,258.19,,,2026-09-12 23:05:03
0c48b6bb73cc43cfae3f,116,506,2026-09-04,2026-09-04,7391.27,7391.27,7391.27,,,2026-09-12 23:05:03
722bf0b63eb142548ec4,104,506,2026-09-05,2026-09-05,1424.08,1424.08,1424.08,,,2026-09-12 23:05:03
157da9d60343493880ef,101,506,2026-09-06,2026-09-06,360.46,360.46,360.46,,,2026-09-12 23:05:03
a7a3c544b8b24a98ab89,119,506,2026-09-07,2026-09-07,6865.36,6865.36,6865.36,,,2026-09-12 23:05:03
afd38e9139ca4666bb1a,119,506,2026-09-08,2026-09-08,2432.79,2432.79,2432.79,,,2026-09-12 23:05:03
394c209ea1e34fcab9c7,115,506,2026-09-09,2026-09-09,3177.52,3177.52,3177.52,,,2026-09-12 23:05:03
9ccb1054066a454ca003,110,506,2026-08-11,2026-08-11,3168.79,3168.79,3168.79,,,2026-09-12 23:05:03
39ed4a0ff62d40419bf9,118,506,2026-08-12,2026-08-12,1652.99,1652.99,1652.99,,,2026-09-12 23:05:03
412dbb54b5ca4ae8a437,105,506,2026-08-13,2026-08-13,390.91,390.91,390.91,,,2026-09-12 23:05:03
47e7ecb506fa4839ab5d,105,506,2026-08-14,2026-08-14,5326.49,5326.49,5326.49,,,2026-09-12 23:05:03
654e730faaaf4695b585,114,506,2026-08-15,2026-08-15,2508.59,2508.59,2508.59,,,2026-09-12 23:05:03
7480c2ce407b4870a708,102,506,2026-08-16,2026-08-16,384.25,384.25,384.25,,,2026-09-12 23:05:03
72043c91861349a08b39,114,506,2026-08-17,2026-08-17,2846.19,2846.19,2846.19,,,2026-09-12 23:05:03
a1fcb4f42cf645919982,114,506,2026-08-18,2026-08-18,607.52,607.52,607.52,,,2026-09-12 23:05:03
f2db28a42cca4cf99eee,101,506,2026-08-19,2026-08-19,1152.98,1152.98,1152.98,,,2026-09-12 23:05:03
c24c23f2da89477a8698,118,506,2026-08-20,2026-08-20,307.08,307.08,307.08,,,2026-09-12 23:05:03
99dc3fdcc53c4a328835,101,506,2026-08-21,2026-08-21,47.56,47.56,47.56,,,2026-09-12 23:05:03
fada8e0d8ff24e729140,114,506,2026-08-22,2026-08-22,873.62,873.62,873.62,,,2026-09-12 23:05:03
97d3d452da6849a296f2,119,506,2026-08-23,2026-08-23,1736.71,1736.71,1736.71,,,2026-09-12 23:05:03
105772fbca74475ab9f9,118,506,2026-08-24,2026-08-24,772.81,772.81,772.81,,,2026-09-12 23:05:03
02190a60e17148ef870e,115,506,2026-08-25,2026-08-25,5867.07,5867.07,5867.07,,,2026-09-12 23:05:03
b338b77582bc488a9e33,107,506,2026-08-26,2026-08-26,4263.6,4263.6,4263.6,,,2026-09-12 23:05:03
23b95a5d216f44c880c0,110,506,2026-08-27,2026-08-27,2991.71,2991.71,2991.71,,,2026-09-12 23:05:03
c8d391757bb646fe8ac5,116,506,2026-08-28,2026-08-28,2702.42,2702.42,2702.42,,,2026-09-12 23:05:03
5a3f5f9714954ba59b40,118,506,2026-08-29,2026-08-29,692.27,692.27,692.27,,,2026-09-12 23:05:03
003ca6ad90714fdda946,111,506,2026-08-30,2026-08-30,8895.71,8895.71,8895.71,,,2026-09-12 23:05:03
8ddad3e794ef421a9936,111,506,2026-08-31,2026-08-31,2102.79,2102.79,2102.79,,,2026-09-12 23:05:03
140b548d3bb34797ad46,109,506,2026-09-01,2026-09-01,871.03,871.03,871.03,,,2026-09-12 23:05:03
ce9ba2e851bc43319a9d,111,506,2026-09-02,2026-09-02,3381.86,3381.86,3381.86,,,2026-09-12 23:05:03
b717fb404b7840aabacc,110,506,2026-09-03,2026-09-03,122.72,122.72,122.72,,,2026-09-12 23:05:03
92481fcaf9824d18b270,102,506,2026-09-04,2026-09-04,79.35,79.35,79.35,,,2026-09-12 23:05:03
b8eb30a65daf44d2bac6,107,506,2026-09-05,2026-09-05,2428.95,2428.95,2428.95,,,2026-09-12 23:05:03
91710cca2ce646fc8649,107,506,2026-09-06,2026-09-06,7081.13,7081.13,7081.13,,,2026-09-12 23:05:03
434a03a440a5479a9bc6,111,506,2026-09-07,2026-09-07,2312.79,2312.79,2312.79,,,2026-09-12 23:05:03
5fedb3fc5365403c9f9c,106,506,2026-09-08,2026-09-08,5743.11,5743.11,5743.11,,,2026-09-12 23:05:03
6a1ece72fef14eefaddd,103,506,2026-09-09,2026-09-09,4407.86,4407.86,4407.86,,,2026-09-12 23:05:03
f77fce4c0e104a0c9b93,111,506,2026-08-11,2026-08-11,2288.83,2288.83,2288.83,,,2026-09-12 23:05:03
2ee6db82a2c9491bafa9,104,506,2026-08-12,2026-08-12,7259.56,7259.56,7259.56,,,2026-09-12 23:05:03
4fd4a19f600241638d6c,120,506,2026-08-13,2026-08-13,3721.42,3721.42,3721.42,,,2026-09-12 23:05:03
689bc9009940426fac59,115,506,2026-08-14,2026-08-14,2212,2212,2212,,,2026-09-12 23:05:03
f1237762b2ab47688aca,111,506,2026-08-15,2026-08-15,6342.22,6342.22,6342.22,,,2026-09-12 23:05:03
8f771fbaef464f92a92a,116,506,2026-08-16,2026-08-16,8147.43,8147.43,8147.43,,,2026-09-12 23:05:03
763e66e17c2f49f3981a,114,506,2026-08-17,2026-08-17,3081.63,3081.63,3081.63,,,2026-09-12 23:05:03
64204d4263234e34af83,118,506,2026-08-18,2026-08-18,257.4,257.4,257.4,,,2026-09-12 23:05:03
ae34cea6c4494d498b12,104,506,2026-08-19,2026-08-19,1549.55,1549.55,1549.55,,,2026-09-12 23:05:03
d18fe28e617e4d6d952f,119,506,2026-08-20,2026-08-20,1062.19,1062.19,1062.19,,,2026-09-12 23:05:03
cffd8fc5548b43ab83ac,120,506,2026-08-21,2026-08-21,1074.49,1074.49,1074.49,,,2026-09-12 23:05:03
170dbf9a8ca54fe1a427,119,506,2026-08-22,2026-08-22,1295.21,1295.21,1295.21,,,2026-09-12 23:05:03
478d2baaea4b4f168286,105,506,2026-08-23,2026-08-23,7213.43,7213.43,7213.43,,,2026-09-12 23:05:03
3e1d898dd7554a45ba23,109,506,2026-08-24,2026-08-24,4227.47,4227.47,4227.47,,,2026-09-12 23:05:03
c2c7799db6204167906a,105,506,2026-08-25,2026-08-25,256.84,256.84,256.84,,,2026-09-12 23:05:03
df223ec0eba74ec2b937,105,506,2026-08-26,2026-08-26,2047.5,2047.5,2047.5,,,2026-09-12 23:05:03
058ed14da82e42ddb21d,109,506,2026-08-27,2026-08-27,1931.86,1931.86,1931.86,,,2026-09-12 23:05:03
f0c09b72a53a484a9644,101,506,2026-08-28,2026-08-28,4533.61,4533.61,4533.61,,,2026-09-12 23:05:03
17455e05a184400c981f,103,506,2026-08-29,2026-08-29,5894.51,5894.51,5894.51,,,2026-09-12 23:05:03
49b4cd6d8a994d1cbdd5,110,506,2026-08-30,2026-08-30,2912.91,2912.91,2912.91,,,2026-09-12 23:05:03
203cb043482f4250b69a,101,506,2026-08-31,2026-08-31,1566.58,1566.58,1566.58,,,2026-09-12 23:05:03
e15f72d7ac2b4306a228,102,506,2026-09-01,2026-09-01,5086.77,5086.77,5086.77,,,2026-09-12 23:05:03
fed29285bdaa440bb5c7,106,506,2026-09-02,2026-09-02,3478.38,3478.38,3478.38,,,2026-09-12 23:05:03
8df597d7887849fa91ac,115,506,2026-09-03,2026-09-03,4624.15,4624.15,4624.15,,,2026-09-12 23:05:03
b0a724501256466db91f,120,506,2026-09-04,2026-09-04,768.96,768.96,768.96,,,2026-09-12 23:05:03
c50e75c86c8940ffa373,114,506,2026-09-05,2026-09-05,3719.9,3719.9,3719.9,,,2026-09-12 23:05:03
da3d495b831e45f1a80f,102,506,2026-09-06,2026-09-06,1644.57,1644.57,1644.57,,,2026-09-12 23:05:03
10881982ec32409cab31,108,506,2026-09-07,2026-09-07,5711.11,5711.11,5711.11,,,2026-09-12 23:05:03
a14784e468e843d4a999,107,506,2026-09-08,2026-09-08,161.43,161.43,161.43,,,2026-09-12 23:05:03
18481660f1b64ea193f4,104,506,2026-09-09,2026-09-09,1029.7,1029.7,1029.7,,,2026-09-12 23:05:03
7f8a3ad4a38642a99bb6,117,506,2026-08-11,2026-08-11,6968.39,6968.39,6968.39,,,2026-09-12 23:05:03
88e8d82fc1b34d458252,117,506,2026-08-12,2026-08-12,2465.67,2465.67,2465.67,,,2026-09-12 23:05:03
13647d14b7ac4d6cae7c,117,506,2026-08-13,2026-08-13,84.05,84.05,84.05,,,2026-09-12 23:05:03
bc66511a15d343e182f7,113,506,2026-08-14,2026-08-14,2804.45,2804.45,2804.45,,,2026-09-12 23:05:03
6aa4eb140b734c7384a8,104,506,2026-08-15,2026-08-15,970.95,970.95,970.95,,,2026-09-12 23:05:03
9e80f38eaaf341a8a815,119,506,2026-08-16,2026-08-16,3812.44,3812.44,3812.44,,,2026-09-12 23:05:03
3da81a2f39da49b79bc7,105,506,2026-08-17,2026-08-17,3630.91,3630.91,3630.91,,,2026-09-12 23:05:03
242aaafe8b304220bb6e,103,506,2026-08-18,2026-08-18,2105.46,2105.46,2105.46,,,2026-09-12 23:05:03
f8e0492540a345d0b173,105,506,2026-08-19,2026-08-19,2143.41,2143.41,2143.41,,,2026-09-12 23:05:03
ede3d6c42c2843dab3ed,108,506,2026-08-20,2026-08-20,3961.12,3961.12,3961.12,,,2026-09-12 23:05:03
b8640a28bdef446cbae8,110,506,2026-08-21,2026-08-21,415.19,415.19,415.19,,,2026-09-12 23:05:03
0739e7fcd6d24401848d,116,506,2026-08-22,2026-08-22,116.29,116.29,116.29,,,2026-09-12 23:05:03
64b252724366484e8332,115,506,2026-08-23,2026-08-23,55.48,55.48,55.48,,,2026-09-12 23:05:03
17bb9b5b3a354efb806e,118,506,2026-08-24,2026-08-24,831.14,831.14,831.14,,,2026-09-12 23:05:03
cb061b89f1cf42b3a40e,102,506,2026-08-25,2026-08-25,2783.69,2783.69,2783.69,,,2026-09-12 23:05:03
a75d6d53a6454d0196b7,115,506,2026-08-26,2026-08-26,858.84,858.84,858.84,,,2026-09-12 23:05:03
d8fab169d6064ee6a11a,115,506,2026-08-27,2026-08-27,449.46,449.46,449.46,,,2026-09-12 23:05:03
beeb12bfd31b4fa9a592,109,506,2026-08-28,2026-08-28,948,948,948,,,2026-09-12 23:05:03
d2023b589875468e857c,113,506,2026-08-29,2026-08-29,857.05,857.05,857.05,,,2026-09-12 23:05:03
19a0bfe657424248acfd,112,506,2026-08-30,2026-08-30,1251.66,1251.66,1251.66,,,2026-09-12 23:05:03
32f395426e91478b815f,118,506,2026-08-31,2026-08-31,1383.63,1383.63,1383.63,,,2026-09-12 23:05:03
e8f2883ea7d9452da5f5,114,506,2026-09-01,2026-09-01,116.9,116.9,116.9,,,2026-09-12 23:05:03
f3b2555237324ca380b6,118,506,2026-09-02,2026-09-02,593.26,593.26,593.26,,,2026-09-12 23:05:03
6c50622aeb8843a7ba8f,114,506,2026-09-03,2026-09-03,4933.77,4933.77,4933.77,,,2026-09-12 23:05:03
48548471570c47a29ad4,102,506,2026-09-04,2026-09-04,1660.22,1660.22,1660.22,,,2026-09-12 23:05:03
434b2c38e6744f278b2d,104,506,2026-09-05,2026-09-05,25.08,25.08,25.08,,,2026-09-12 23:05:03
6d292e60598d4bfeb8f0,103,506,2026-09-06,2026-09-06,1794.42,1794.42,1794.42,,,2026-09-12 23:05:03
6620d619e84c4c8894a6,112,506,2026-09-07,2026-09-07,420.91,420.91,420.91,,,2026-09-12 23:05:03
b166f667493d48398bc5,114,506,2026-09-08,2026-09-08,2712.52,2712.52,2712.52,,,2026-09-12 23:05:03
78066cdd9aea4e16b29a,102,506,2026-09-09,2026-09-09,3551.34,3551.34,3551.34,,,2026-09-12 23:05:03
75b5e78406eb49b2980a,118,506,2026-08-11,2026-08-11,4453.09,4453.09,4453.09,,,2026-09-12 23:05:03
43303fdbc26c4f0eb42e,101,506,2026-08-12,2026-08-12,739.93,739.93,739.93,,,2026-09-12 23:05:03
92449a9668754a43a3c2,118,506,2026-08-13,2026-08-13,5829.3,5829.3,5829.3,,,2026-09-12 23:05:03
61b74a2b9a4e47f18501,104,506,2026-08-14,2026-08-14,5106.6,5106.6,5106.6,,,2026-09-12 23:05:03
3c2e81e23ec44e3b8bea,107,506,2026-08-15,2026-08-15,3301.06,3301.06,3301.06,,,2026-09-12 23:05:03
72f940efd7864ccbafa6,101,506,2026-08-16,2026-08-16,164.56,164.56,164.56,,,2026-09-12 23:05:03
e950ed315e55439e8ba5,106,506,2026-08-17,2026-08-17,4732.29,4732.29,4732.29,,,2026-09-12 23:05:03
580e0a80564b4b3eb350,114,506,2026-08-18,2026-08-18,2072.32,2072.32,2072.32,,,2026-09-12 23:05:03
73f3dc0609a54b70957c,116,506,2026-08-19,2026-08-19,1566.22,1566.22,1566.22,,,2026-09-12 23:05:03
e1964b7b7e584b86b411,115,506,2026-08-20,2026-08-20,668.08,668.08,668.08,,,2026-09-12 23:05:03
bf165a39132f4d61aa50,112,506,2026-08-21,2026-08-21,142.73,142.73,142.73,,,2026-09-12 23:05:03
bcf959e756914c958cc8,114,506,2026-08-22,2026-08-22,1236.43,1236.43,1236.43,,,2026-09-12 23:05:03
a2b8f4dc41b04824a347,101,506,2026-08-23,2026-08-23,2137.58,2137.58,2137.58,,,2026-09-12 23:05:03
a359fa2befe9494bac15,104,506,2026-08-24,2026-08-24,4885.96,4885.96,4885.96,,,2026-09-12 23:05:03
d040a907ed39485cbd2a,112,506,2026-08-25,2026-08-25,55.85,55.85,55.85,,,2026-09-12 23:05:03
34c11f90466b4e2e941f,108,506,2026-08-26,2026-08-26,7499.43,7499.43,7499.43,,,2026-09-12 23:05:03
3182a6d233be48b5a226,116,506,2026-08-27,2026-08-27,1623.23,1623.23,1623.23,,,2026-09-12 23:05:03
c048577e75a24b149247,109,506,2026-08-28,2026-08-28,5469.7,5469.7,5469.7,,,2026-09-12 23:05:03
15c50ce874eb49d38da3,115,506,2026-08-29,2026-08-29,1412.03,1412.03,1412.03,,,2026-09-12 23:05:03
89d566937fcb4d169227,105,506,2026-08-30,2026-08-30,2980.08,2980.08,2980.08,,,2026-09-12 23:05:03
e568e39b9f004f02b356,120,506,2026-08-31,2026-08-31,1799.16,1799.16,1799.16,,,2026-09-12 23:05:03
4a809e999fab47e1b300,101,506,2026-09-01,2026-09-01,5830.52,5830.52,5830.52,,,2026-09-12 23:05:03
ad588b1758e64a799f9b,115,506,2026-09-02,2026-09-02,670.39,670.39,670.39,,,2026-09-12 23:05:03
5f923e1c9b53434c9ddb,109,506,2026-09-03,2026-09-03,1168.84,1168.84,1168.84,,,2026-09-12 23:05:03
2af7ff9f1dc3401eb102,117,506,2026-09-04,2026-09-04,1189.66,1189.66,1189.66,,,2026-09-12 23:05:03
b7c4060be1974381adae,111,506,2026-09-05,2026-09-05,1986.9,1986.9,1986.9,,,2026-09-12 23:05:03
62543a0d0b064a96a8a4,103,506,2026-09-06,2026-09-06,509.4,509.4,509.4,,,2026-09-12 23:05:03
2e7104d932ea4c588113,106,506,2026-09-07,2026-09-07,1440.45,1440.45,1440.45,,,2026-09-12 23:05:03
cb806be332434f31aa81,106,506,2026-09-08,2026-09-08,5302.63,5302.63,5302.63,,,2026-09-12 23:05:03
e3ccf2fb481c40008bbe,117,506,2026-09-09,2026-09-09,6731.92,6731.92,6731.92,,,2026-09-12 23:05:03
a0a725b07fec4fb88997,116,506,2026-08-11,2026-08-11,134.66,134.66,134.66,,,2026-09-12 23:05:03
fcc15a1450bc4f779c61,102,506,2026-08-12,2026-08-12,432.28,432.28,432.28,,,2026-09-12 23:05:03
1145d3fd629949fabeb6,106,506,2026-08-13,2026-08-13,1354.77,1354.77,1354.77,,,2026-09-12 23:05:03
7607fdd72aa64ac28061,104,506,2026-08-14,2026-08-14,7685.7,7685.7,7685.7,,,2026-09-12 23:05:03
e24d627a4af74e7c84ff,120,506,2026-08-15,2026-08-15,2650.54,2650.54,2650.54,,,2026-09-12 23:05:03
b20a4813c59a435b84df,108,506,2026-08-16,2026-08-16,1240.13,1240.13,1240.13,,,2026-09-12 23:05:03
ee0ff2835e9d470baace,116,506,2026-08-17,2026-08-17,220.66,220.66,220.66,,,2026-09-12 23:05:03
0788eadd45294b0eb34c,119,506,2026-08-18,2026-08-18,105.8,105.8,105.8,,,2026-09-12 23:05:03
74129f6ce47d4e0a84b8,119,506,2026-08-19,2026-08-19,6314.77,6314.77,6314.77,,,2026-09-12 23:05:03
f06cc013ad6042638d3f,116,506,2026-08-20,2026-08-20,4763.08,4763.08,4763.08,,,2026-09-12 23:05:03
692fe1c408124896b37f,116,506,2026-08-21,2026-08-21,3946.15,3946.15,3946.15,,,2026-09-12 23:05:03
0e21746f4158440dad59,107,506,2026-08-22,2026-08-22,1132.44,1132.44,1132.44,,,2026-09-12 23:05:03
05f90e99007f4b4a9d7e,109,506,2026-08-23,2026-08-23,1938.24,1938.24,1938.24,,,2026-09-12 23:05:03
f6ce384d7cc04a44aeff,112,506,2026-08-24,2026-08-24,5682.58,5682.58,5682.58,,,2026-09-12 23:05:03
d618ef38fb504409bf2d,118,506,2026-08-25,2026-08-25,3321.34,3321.34,3321.34,,,2026-09-12 23:05:03
70f148e3a5184e12a3a9,111,506,2026-08-26,2026-08-26,249.66,249.66,249.66,,,2026-09-12 23:05:03
bc3492b7100948e89121,117,506,2026-08-27,2026-08-27,109.6,109.6,109.6,,,2026-09-12 23:05:03
dc8dcd799da2437582c8,119,506,2026-08-28,2026-08-28,2537.59,2537.59,2537.59,,,2026-09-12 23:05:03
082aa6ee84c94736ba37,108,506,2026-08-29,2026-08-29,3092.48,3092.48,3092.48,,,2026-09-12 23:05:03
69221129f3ed46b79635,120,506,2026-08-30,2026-08-30,1603.54,1603.54,1603.54,,,2026-09-12 23:05:03
41d8ce7b638e4aea8e35,115,506,2026-08-31,2026-08-31,1286.96,1286.96,1286.96,,,2026-09-12 23:05:03
6bd1f239da7a4ce1972e,102,506,2026-09-01,2026-09-01,3317.13,3317.13,3317.13,,,2026-09-12 23:05:03
add27ae10a8e4c1d99a3,103,506,2026-09-02,2026-09-02,836.5,836.5,836.5,,,2026-09-12 23:05:03
b8eedc14cc3e4e67866c,105,506,2026-09-03,2026-09-03,107.62,107.62,107.62,,,2026-09-12 23:05:03
ceae5dfc08af46b9b8dd,108,506,2026-09-04,2026-09-04,215.04,215.04,215.04,,,2026-09-12 23:05:03
7a1b087157434b89aac3,112,506,2026-09-05,2026-09-05,1959.41,1959.41,1959.41,,,2026-09-12 23:05:03
569603e744584ff2ac4c,102,506,2026-09-06,2026-09-06,615.83,615.83,615.83,,,2026-09-12 23:05:03
5976f611ca1b4a879d2b,113,506,2026-09-07,2026-09-07,2418.68,2418.68,2418.68,,,2026-09-12 23:05:03
61eaf763a1794f079638,114,506,2026-09-08,2026-09-08,1118.42,1118.42,1118.42,,,2026-09-12 23:05:03
648680ca706046a99e76,113,506,2026-09-09,2026-09-09,3295.37,3295.37,3295.37,,,2026-09-12 23:05:03
ef0aa77439f24f11a168,105,507,2026-08-11,2026-08-11,846.09,846.09,846.09,,,2026-09-12 23:05:03
7dafe03a7cff4c7f96a8,102,507,2026-08-12,2026-08-12,749.34,749.34,749.34,,,2026-09-12 23:05:03
8f4fc40ef86248549a3b,120,507,2026-08-13,2026-08-13,239.23,239.23,239.23,,,2026-09-12 23:05:03
37d772e7e8dd4967a9a4,113,507,2026-08-14,2026-08-14,196.34,196.34,196.34,,,2026-09-12 23:05:03
986ef64e39d64f18ac37,114,507,2026-08-15,2026-08-15,58.36,58.36,58.36,,,2026-09-12 23:05:03
063c3cb6a84e4987b705,108,507,2026-08-16,2026-08-16,497.54,497.54,497.54,,,2026-09-12 23:05:03
570c6ba59a4a4d63a3f5,103,507,2026-08-17,2026-08-17,108.62,108.62,108.62,,,2026-09-12 23:05:03
fd2054cb217f47e4aed3,112,507,2026-08-18,2026-08-18,174.26,174.26,174.26,,,2026-09-12 23:05:03
0e2bbcbe439a4aeb8cef,110,507,2026-08-19,2026-08-19,103.63,103.63,103.63,,,2026-09-12 23:05:03
5863a9301dfe47a38286,106,507,2026-08-20,2026-08-20,1218.85,1218.85,1218.85,,,2026-09-12 23:05:03
c54d26f455ae4b5e8ca8,107,507,2026-08-21,2026-08-21,763.19,763.19,763.19,,,2026-09-12 23:05:03
be3b29c3427948a59067,111,507,2026-08-22,2026-08-22,8.63,8.63,8.63,,,2026-09-12 23:05:03
b90ec72e39df4e02a51e,111,507,2026-08-23,2026-08-23,281.57,281.57,281.57,,,2026-09-12 23:05:03
aafec7db31e640f4b99b,117,507,2026-08-24,2026-08-24,577.09,577.09,577.09,,,2026-09-12 23:05:03
a505ff80459b4c0b9843,120,507,2026-08-25,2026-08-25,556.82,556.82,556.82,,,2026-09-12 23:05:03
5adade2dbe77479b8fd7,107,507,2026-08-26,2026-08-26,167.83,167.83,167.83,,,2026-09-12 23:05:03
0c7d81d1e0fa424ab133,108,507,2026-08-27,2026-08-27,442.27,442.27,442.27,,,2026-09-12 23:05:03
98969a30570a487cbdcf,106,507,2026-08-28,2026-08-28,502.23,502.23,502.23,,,2026-09-12 23:05:03
9c1e30200b5845f9b9fd,104,507,2026-08-29,2026-08-29,254.52,254.52,254.52,,,2026-09-12 23:05:03
c7b67cfced544aae8ca5,116,507,2026-08-30,2026-08-30,22.36,22.36,22.36,,,2026-09-12 23:05:03
fff8c428a1504f199adc,101,507,2026-08-31,2026-08-31,522,522,522,,,2026-09-12 23:05:03
88c98fc7953141f6980b,106,507,2026-09-01,2026-09-01,199.25,199.25,199.25,,,2026-09-12 23:05:03
a9225205c76f4b169bed,101,507,2026-09-02,2026-09-02,103.22,103.22,103.22,,,2026-09-12 23:05:03
0f094652abbb4c968cca,103,507,2026-09-03,2026-09-03,265.18,265.18,265.18,,,2026-09-12 23:05:03
3c99afbcfcba402f877f,102,507,2026-09-04,2026-09-04,66.56,66.56,66.56,,,2026-09-12 23:05:03
9b9db23aa8e84a59b2a2,101,507,2026-09-05,2026-09-05,7.17,7.17,7.17,,,2026-09-12 23:05:03
214057efb5904a78bf2f,102,507,2026-09-06,2026-09-06,203.48,203.48,203.48,,,2026-09-12 23:05:03
e0ae18c9857142ac994c,103,507,2026-09-07,2026-09-07,1151.68,1151.68,1151.68,,,2026-09-12 23:05:03
7a81e9c815854b8896b6,109,507,2026-09-08,2026-09-08,259.04,259.04,259.04,,,2026-09-12 23:05:03
9600bf72c0794c15a6fd,117,507,2026-09-09,2026-09-09,793.12,793.12,793.12,,,2026-09-12 23:05:03
24ab4f709cbe42b5a9b4,113,507,2026-08-11,2026-08-11,1127.36,1127.36,1127.36,,,2026-09-12 23:05:03
154265777af94c0c9789,102,507,2026-08-12,2026-08-12,798.5,798.5,798.5,,,2026-09-12 23:05:03
1734d823a868439fbc5f,118,507,2026-08-13,2026-08-13,719.57,719.57,719.57,,,2026-09-12 23:05:03
b75464580947470d870f,107,507,2026-08-14,2026-08-14,1051.2,1051.2,1051.2,,,2026-09-12 23:05:03
45a7791be8064f3c8895,119,507,2026-08-15,2026-08-15,1630.47,1630.47,1630.47,,,2026-09-12 23:05:03
263c246f01f74f8b8afc,104,507,2026-08-16,2026-08-16,1184.41,1184.41,1184.41,,,2026-09-12 23:05:03
1a40ff4ef9ce493fb189,114,507,2026-08-17,2026-08-17,231.48,231.48,231.48,,,2026-09-12 23:05:03
25fbfb0eee594da79403,117,507,2026-08-18,2026-08-18,102.68,102.68,102.68,,,2026-09-12 23:05:03
4a1231b2771943edb4c1,111,507,2026-08-19,2026-08-19,823.89,823.89,823.89,,,2026-09-12 23:05:03
20bbb0000bcf454db712,114,507,2026-08-20,2026-08-20,28.47,28.47,28.47,,,2026-09-12 23:05:03
2b5dd6b8a1904560ab2a,112,507,2026-08-21,2026-08-21,57.46,57.46,57.46,,,2026-09-12 23:05:03
480dba2cc1e84c6fab80,116,507,2026-08-22,2026-08-22,642.47,642.47,642.47,,,2026-09-12 23:05:03
66ee7caabaa64848ab52,120,507,2026-08-23,2026-08-23,1397.5,1397.5,1397.5,,,2026-09-12 23:05:03
56cbea1d1fba40599702,107,507,2026-08-24,2026-08-24,1133.68,1133.68,1133.68,,,2026-09-12 23:05:03
273218fc84574576a035,101,507,2026-08-25,2026-08-25,10.53,10.53,10.53,,,2026-09-12 23:05:03
5aae612caa424e60b3d3,105,507,2026-08-26,2026-08-26,75.57,75.57,75.57,,,2026-09-12 23:05:03
dd6f224644624d528d09,102,507,2026-08-27,2026-08-27,862.83,862.83,862.83,,,2026-09-12 23:05:03
6d84465e77364bc6a7ff,105,507,2026-08-28,2026-08-28,263.96,263.96,263.96,,,2026-09-12 23:05:03
138046cb1a144d2b808f,103,507,2026-08-29,2026-08-29,567.1,567.1,567.1,,,2026-09-12 23:05:03
9d8e32e4e30a40218095,119,507,2026-08-30,2026-08-30,613.52,613.52,613.52,,,2026-09-12 23:05:03
529189a61c674f84bede,113,507,2026-08-31,2026-08-31,315.94,315.94,315.94,,,2026-09-12 23:05:03
c8e10704347246a9a937,109,507,2026-09-01,2026-09-01,781.21,781.21,781.21,,,2026-09-12 23:05:03
2380085d794b4bf3824e,112,507,2026-09-02,2026-09-02,287.04,287.04,287.04,,,2026-09-12 23:05:03
500dc76139f440feaa9a,104,507,2026-09-03,2026-09-03,249.75,249.75,249.75,,,2026-09-12 23:05:03
b9f17bd0208e4e3b95f4,108,507,2026-09-04,2026-09-04,521.64,521.64,521.64,,,2026-09-12 23:05:03
66ed894f756c4ca1ac9f,105,507,2026-09-05,2026-09-05,31.25,31.25,31.25,,,2026-09-12 23:05:03
16733b928ea84581b284,106,507,2026-09-06,2026-09-06,228.84,228.84,228.84,,,2026-09-12 23:05:03
30d8fd3e1ad6463ba96f,108,507,2026-09-07,2026-09-07,265.67,265.67,265.67,,,2026-09-12 23:05:03
8cf6c5c459f84917a781,103,507,2026-09-08,2026-09-08,126.17,126.17,126.17,,,2026-09-12 23:05:03
9e769878e7824d819301,110,507,2026-09-09,2026-09-09,130.82,130.82,130.82,,,2026-09-12 23:05:03
9259261c7ac244bca75f,116,507,2026-08-11,2026-08-11,42.34,42.34,42.34,,,2026-09-12 23:05:03
ae8853279d1b489da0a7,117,507,2026-08-12,2026-08-12,270.56,270.56,270.56,,,2026-09-12 23:05:03
a060246842164bc995f7,119,507,2026-08-13,2026-08-13,234.1,234.1,234.1,,,2026-09-12 23:05:03
02fdea4088754c6b81cc,105,507,2026-08-14,2026-08-14,539.99,539.99,539.99,,,2026-09-12 23:05:03
61ae32d2f8c6488d995e,106,507,2026-08-15,2026-08-15,295.44,295.44,295.44,,,2026-09-12 23:05:03
cb5ccde33ec24de98088,106,507,2026-08-16,2026-08-16,266.55,266.55,266.55,,,2026-09-12 23:05:03
d117dc0b008a4ed192cc,115,507,2026-08-17,2026-08-17,154.61,154.61,154.61,,,2026-09-12 23:05:03
571ee93b8f334b118d73,103,507,2026-08-18,2026-08-18,1673.87,1673.87,1673.87,,,2026-09-12 23:05:03
f699e0d7d3e846cc9344,105,507,2026-08-19,2026-08-19,25.56,25.56,25.56,,,2026-09-12 23:05:03
cc005b6ad6b54db8a660,111,507,2026-08-20,2026-08-20,573.52,573.52,573.52,,,2026-09-12 23:05:03
72fe082afeef4eb1990a,104,507,2026-08-21,2026-08-21,303.9,303.9,303.9,,,2026-09-12 23:05:03
025f4247f5094895b063,112,507,2026-08-22,2026-08-22,666.89,666.89,666.89,,,2026-09-12 23:05:03
8b8ae5d2b7e146cca36d,120,507,2026-08-23,2026-08-23,215.38,215.38,215.38,,,2026-09-12 23:05:03
d54939dca1ed46dd9523,107,507,2026-08-24,2026-08-24,215.6,215.6,215.6,,,2026-09-12 23:05:03
b0e9cf14b72d4906acdd,119,507,2026-08-25,2026-08-25,15.62,15.62,15.62,,,2026-09-12 23:05:03
1c9505ba2c504e24b957,118,507,2026-08-26,2026-08-26,271.72,271.72,271.72,,,2026-09-12 23:05:03
1aaee0c6b8f24fc1983a,101,507,2026-08-27,2026-08-27,241.68,241.68,241.68,,,2026-09-12 23:05:03
eb2dc4ab8ec34863878b,104,507,2026-08-28,2026-08-28,448.76,448.76,448.76,,,2026-09-12 23:05:03
4958fc4b9b5543aca8c2,106,507,2026-08-29,2026-08-29,290.72,290.72,290.72,,,2026-09-12 23:05:03
38cdb0a1d93344db9543,103,507,2026-08-30,2026-08-30,805.62,805.62,805.62,,,2026-09-12 23:05:03
0e8afc39e10044f78126,108,507,2026-08-31,2026-08-31,471.79,471.79,471.79,,,2026-09-12 23:05:03
94e37dc912224dc6ae97,107,507,2026-09-01,2026-09-01,462.17,462.17,462.17,,,2026-09-12 23:05:03
a6267840c1d348fcb706,107,507,2026-09-02,2026-09-02,804.68,804.68,804.68,,,2026-09-12 23:05:03
3a9cdd6727754842b0e0,108,507,2026-09-03,2026-09-03,482.08,482.08,482.08,,,2026-09-12 23:05:03
78887c181fe44fe49c81,113,507,2026-09-04,2026-09-04,23.2,23.2,23.2,,,2026-09-12 23:05:03
5197eff1074a47dbbde4,117,507,2026-09-05,2026-09-05,509.97,509.97,509.97,,,2026-09-12 23:05:03
554de5a9895f47bdbc4a,103,507,2026-09-06,2026-09-06,1377.32,1377.32,1377.32,,,2026-09-12 23:05:03
71dee5faba9c4445bb13,105,507,2026-09-07,2026-09-07,1063.02,1063.02,1063.02,,,2026-09-12 23:05:03
514c137d5c254e96811f,103,507,2026-09-08,2026-09-08,1232.52,1232.52,1232.52,,,2026-09-12 23:05:03
a51ed061e3f84612bd03,114,507,2026-09-09,2026-09-09,125.95,125.95,125.95,,,2026-09-12 23:05:03
dca4db5122ef40ab8b63,103,507,2026-08-11,2026-08-11,270.39,270.39,270.39,,,2026-09-12 23:05:03
574040f8c4994e5592ad,104,507,2026-08-12,2026-08-12,366.28,366.28,366.28,,,2026-09-12 23:05:03
c260c07adb9646f8a2bb,120,507,2026-08-13,2026-08-13,104.29,104.29,104.29,,,2026-09-12 23:05:03
fbccf5c725fa4870ac8b,113,507,2026-08-14,2026-08-14,334.05,334.05,334.05,,,2026-09-12 23:05:03
300393820dbb4b77bb0e,113,507,2026-08-15,2026-08-15,820.64,820.64,820.64,,,2026-09-12 23:05:03
304d562b486e45869a9a,116,507,2026-08-16,2026-08-16,149.04,149.04,149.04,,,2026-09-12 23:05:03
a746327233534df4a80a,104,507,2026-08-17,2026-08-17,293.43,293.43,293.43,,,2026-09-12 23:05:03
5764254060854174bf85,104,507,2026-08-18,2026-08-18,59.41,59.41,59.41,,,2026-09-12 23:05:03
58873330975e4f849740,101,507,2026-08-19,2026-08-19,360.2,360.2,360.2,,,2026-09-12 23:05:03
8795ea03bb8b4b4a99cd,119,507,2026-08-20,2026-08-20,984.18,984.18,984.18,,,2026-09-12 23:05:03
c8bcf201b324464e9079,108,507,2026-08-21,2026-08-21,153.4,153.4,153.4,,,2026-09-12 23:05:03
0dc9af39ef37475fad4f,119,507,2026-08-22,2026-08-22,1215.68,1215.68,1215.68,,,2026-09-12 23:05:03
b5808fdcc27d4b75ad19,105,507,2026-08-23,2026-08-23,508.25,508.25,508.25,,,2026-09-12 23:05:03
afb04f98f5ff4a6ea854,119,507,2026-08-24,2026-08-24,430.83,430.83,430.83,,,2026-09-12 23:05:03
94ba9eb5cd34461b9023,106,507,2026-08-25,2026-08-25,495.44,495.44,495.44,,,2026-09-12 23:05:03
1f5896ae6f7c4fd6902c,105,507,2026-08-26,2026-08-26,215.98,215.98,215.98,,,2026-09-12 23:05:03
f54c477045bc4bfe914a,114,507,2026-08-27,2026-08-27,275.34,275.34,275.34,,,2026-09-12 23:05:03
7fb1cf754a8f49d799ec,118,507,2026-08-28,2026-08-28,92.6,92.6,92.6,,,2026-09-12 23:05:03
7fb3695a4ae84f60a307,111,507,2026-08-29,2026-08-29,142.28,142.28,142.28,,,2026-09-12 23:05:03
78c71faa8bd64af7b38f,108,507,2026-08-30,2026-08-30,276.79,276.79,276.79,,,2026-09-12 23:05:03
39ca5df490dc47698e1c,106,507,2026-08-31,2026-08-31,90.13,90.13,90.13,,,2026-09-12 23:05:03
1e6f48977977475f9da6,118,507,2026-09-01,2026-09-01,474.82,474.82,474.82,,,2026-09-12 23:05:03
9f52aaf9db714b399554,118,507,2026-09-02,2026-09-02,225.52,225.52,225.52,,,2026-09-12 23:05:03
213b155b6e6448d5b44a,106,507,2026-09-03,2026-09-03,610.65,610.65,610.65,,,2026-09-12 23:05:03
36ad341e92ef41bcb1e0,112,507,2026-09-04,2026-09-04,199.93,199.93,199.93,,,2026-09-12 23:05:03
49456ccc13644ec8a9e2,110,507,2026-09-05,2026-09-05,530.02,530.02,530.02,,,2026-09-12 23:05:03
a8b6c482a743447d9d69,114,507,2026-09-06,2026-09-06,168.38,168.38,168.38,,,2026-09-12 23:05:03
e63f361c426b4255a992,113,507,2026-09-07,2026-09-07,508.21,508.21,508.21,,,2026-09-12 23:05:03
5eb3e273c7e04e8696f0,108,507,2026-09-08,2026-09-08,167.84,167.84,167.84,,,2026-09-12 23:05:03
e58eabcfc30e4371b75b,120,507,2026-09-09,2026-09-09,83.33,83.33,83.33,,,2026-09-12 23:05:03
18eb1b38a1a6423bbbb2,120,507,2026-08-11,2026-08-11,859.15,859.15,859.15,,,2026-09-12 23:05:03
2b830cb73c4f45859aa3,119,507,2026-08-12,2026-08-12,1350.33,1350.33,1350.33,,,2026-09-12 23:05:03
b07745f3126a4b8c9c15,112,507,2026-08-13,2026-08-13,147.54,147.54,147.54,,,2026-09-12 23:05:03
913f810f97764a73a50b,109,507,2026-08-14,2026-08-14,53.55,53.55,53.55,,,2026-09-12 23:05:03
55bc81e872994437aa37,101,507,2026-08-15,2026-08-15,444.95,444.95,444.95,,,2026-09-12 23:05:03
2256e01c8cc844e5866f,115,507,2026-08-16,2026-08-16,234.78,234.78,234.78,,,2026-09-12 23:05:03
2ab5f4d1dc8443c4a214,104,507,2026-08-17,2026-08-17,1096.92,1096.92,1096.92,,,2026-09-12 23:05:03
b1ce228b744343c4b1b0,105,507,2026-08-18,2026-08-18,98.03,98.03,98.03,,,2026-09-12 23:05:03
81481c6e83cd4491a766,104,507,2026-08-19,2026-08-19,529.7,529.7,529.7,,,2026-09-12 23:05:03
8140cc62866f4cb1b109,112,507,2026-08-20,2026-08-20,1304.69,1304.69,1304.69,,,2026-09-12 23:05:03
e34a82b15427437aaece,116,507,2026-08-21,2026-08-21,829.19,829.19,829.19,,,2026-09-12 23:05:03
2790be769e704f41b377,113,507,2026-08-22,2026-08-22,449.19,449.19,449.19,,,2026-09-12 23:05:03
36fc0f55c49743f5a222,114,507,2026-08-23,2026-08-23,345.08,345.08,345.08,,,2026-09-12 23:05:03
aba0561b6ff44ec6b80e,115,507,2026-08-24,2026-08-24,449.11,449.11,449.11,,,2026-09-12 23:05:03
09d8943bf1574545bd10,104,507,2026-08-25,2026-08-25,541.31,541.31,541.31,,,2026-09-12 23:05:03
fb7baded755345ef9c93,116,507,2026-08-26,2026-08-26,43.18,43.18,43.18,,,2026-09-12 23:05:03
67ce38fbda064cc1aa0f,112,507,2026-08-27,2026-08-27,1472.44,1472.44,1472.44,,,2026-09-12 23:05:03
9d14899c00314d61a413,115,507,2026-08-28,2026-08-28,208.06,208.06,208.06,,,2026-09-12 23:05:03
61845bd6368c46d89e63,111,507,2026-08-29,2026-08-29,404.7,404.7,404.7,,,2026-09-12 23:05:03
c5a4379fc7a54252b031,108,507,2026-08-30,2026-08-30,60.7,60.7,60.7,,,2026-09-12 23:05:03
ad02a4fd4e36489e9e7f,116,507,2026-08-31,2026-08-31,444.29,444.29,444.29,,,2026-09-12 23:05:03
0c598b72b1c649969d14,108,507,2026-09-01,2026-09-01,360.87,360.87,360.87,,,2026-09-12 23:05:03
3bc896bc395446ad9727,114,507,2026-09-02,2026-09-02,471.04,471.04,471.04,,,2026-09-12 23:05:03
f5265c75a2614e7598c3,113,507,2026-09-03,2026-09-03,981.91,981.91,981.91,,,2026-09-12 23:05:03
81debffedd2c45668574,109,507,2026-09-04,2026-09-04,584.19,584.19,584.19,,,2026-09-12 23:05:03
616b8a4b74db4a758098,114,507,2026-09-05,2026-09-05,1072.99,1072.99,1072.99,,,2026-09-12 23:05:03
b81b6f1239ee418b9d60,112,507,2026-09-06,2026-09-06,110.51,110.51,110.51,,,2026-09-12 23:05:03
d83d042851674f519b6f,108,507,2026-09-07,2026-09-07,240.63,240.63,240.63,,,2026-09-12 23:05:03
c86fdca65a2940fe8aac,102,507,2026-09-08,2026-09-08,720.62,720.62,720.62,,,2026-09-12 23:05:03
879ca9e5ac90494b82eb,118,507,2026-09-09,2026-09-09,196.31,196.31,196.31,,,2026-09-12 23:05:03
67cb67d42f014458b989,111,507,2026-08-11,2026-08-11,507.2,507.2,507.2,,,2026-09-12 23:05:03
0ac5808caeaf45ad8657,111,507,2026-08-12,2026-08-12,284.22,284.22,284.22,,,2026-09-12 23:05:03
5590465d06054578bb95,106,507,2026-08-13,2026-08-13,90.97,90.97,90.97,,,2026-09-12 23:05:03
f1bdb93bef3643d2b56e,103,507,2026-08-14,2026-08-14,48.24,48.24,48.24,,,2026-09-12 23:05:03
e4ebdf05cac8493db9c8,105,507,2026-08-15,2026-08-15,50.53,50.53,50.53,,,2026-09-12 23:05:03
fcbca466cc9c42a78070,116,507,2026-08-16,2026-08-16,227.6,227.6,227.6,,,2026-09-12 23:05:03
dda37ae8ef2a4f4f9695,120,507,2026-08-17,2026-08-17,159.67,159.67,159.67,,,2026-09-12 23:05:03
72b12b98ee6b4d8cac45,106,507,2026-08-18,2026-08-18,114.77,114.77,114.77,,,2026-09-12 23:05:03
f641bced0e3e4c6e9f55,119,507,2026-08-19,2026-08-19,593.02,593.02,593.02,,,2026-09-12 23:05:03
bc5430c883fe46dcaaac,120,507,2026-08-20,2026-08-20,248.3,248.3,248.3,,,2026-09-12 23:05:03
2748a9f938d948999320,102,507,2026-08-21,2026-08-21,906.47,906.47,906.47,,,2026-09-12 23:05:03
76c4314e1032480da6f6,108,507,2026-08-22,2026-08-22,62.82,62.82,62.82,,,2026-09-12 23:05:03
226b7bf7d0c24652a357,112,507,2026-08-23,2026-08-23,276.87,276.87,276.87,,,2026-09-12 23:05:03
81f898f064b646d4b0d4,110,507,2026-08-24,2026-08-24,302.82,302.82,302.82,,,2026-09-12 23:05:03
f3e7a3bd4548404790c6,104,507,2026-08-25,2026-08-25,417.71,417.71,417.71,,,2026-09-12 23:05:03
5380947ec3094a06be44,110,507,2026-08-26,2026-08-26,453.81,453.81,453.81,,,2026-09-12 23:05:03
27130f8a78e14893a016,102,507,2026-08-27,2026-08-27,992.2,992.2,992.2,,,2026-09-12 23:05:03
b02f3953170d446791ab,109,507,2026-08-28,2026-08-28,456.38,456.38,456.38,,,2026-09-12 23:05:03
4f0243252e4148baa777,110,507,2026-08-29,2026-08-29,541.84,541.84,541.84,,,2026-09-12 23:05:03
e91957918a924bceb9f5,112,507,2026-08-30,2026-08-30,15.25,15.25,15.25,,,2026-09-12 23:05:03
adc5097e258f4d69b405,105,507,2026-08-31,2026-08-31,797,797,797,,,2026-09-12 23:05:03
bf70aa0628264754a60c,108,507,2026-09-01,2026-09-01,1203.18,1203.18,1203.18,,,2026-09-12 23:05:03
b6a5e9c128de46479efb,111,507,2026-09-02,2026-09-02,184.79,184.79,184.79,,,2026-09-12 23:05:03
cfb17a0f9ba747f0a700,104,507,2026-09-03,2026-09-03,205.15,205.15,205.15,,,2026-09-12 23:05:03
6136ed37ed0945cc9523,115,507,2026-09-04,2026-09-04,540.63,540.63,540.63,,,2026-09-12 23:05:03
3e818d2031fb499cab80,118,507,2026-09-05,2026-09-05,321.3,321.3,321.3,,,2026-09-12 23:05:03
9a81a68c8a7b40f8af95,111,507,2026-09-06,2026-09-06,1464.59,1464.59,1464.59,,,2026-09-12 23:05:03
cbabc2154bb046c098f4,105,507,2026-09-07,2026-09-07,300.47,300.47,300.47,,,2026-09-12 23:05:03
bddb3a575a5d4101bff6,103,507,2026-09-08,2026-09-08,532.66,532.66,532.66,,,2026-09-12 23:05:03
9fcf55cb724a4cb2a6dd,109,507,2026-09-09,2026-09-09,1126.08,1126.08,1126.08,,,2026-09-12 23:05:03
67c93de061744f7a8453,111,507,2026-08-11,2026-08-11,879.64,879.64,879.64,,,2026-09-12 23:05:03
448844be00924dc8b911,118,507,2026-08-12,2026-08-12,88.41,88.41,88.41,,,2026-09-12 23:05:03
f3f5fa4684304dd1b68e,119,507,2026-08-13,2026-08-13,631.83,631.83,631.83,,,2026-09-12 23:05:03
ff14d1f5888041c4a5ff,105,507,2026-08-14,2026-08-14,385.22,385.22,385.22,,,2026-09-12 23:05:03
4751ed4420d641f3b65b,111,507,2026-08-15,2026-08-15,713.51,713.51,713.51,,,2026-09-12 23:05:03
573e132458dd4743a88f,109,507,2026-08-16,2026-08-16,350.47,350.47,350.47,,,2026-09-12 23:05:03
e29cf1042265466f9fa2,105,507,2026-08-17,2026-08-17,334.36,334.36,334.36,,,2026-09-12 23:05:03
13c623c1bcf44e65a7c1,101,507,2026-08-18,2026-08-18,203.78,203.78,203.78,,,2026-09-12 23:05:03
9882a2c45fbe4f1290e8,108,507,2026-08-19,2026-08-19,13.65,13.65,13.65,,,2026-09-12 23:05:03
aa3d4f4ddbea47f5978d,101,507,2026-08-20,2026-08-20,73.2,73.2,73.2,,,2026-09-12 23:05:03
debf01b0d55040f095c7,102,507,2026-08-21,2026-08-21,390.12,390.12,390.12,,,2026-09-12 23:05:03
b3a681d8aa624e6b8fe0,102,507,2026-08-22,2026-08-22,1530.55,1530.55,1530.55,,,2026-09-12 23:05:03
d3c1ee8c39044ca7886b,119,507,2026-08-23,2026-08-23,1487.3,1487.3,1487.3,,,2026-09-12 23:05:03
0abd7a1a271f4f7a864d,113,507,2026-08-24,2026-08-24,539.32,539.32,539.32,,,2026-09-12 23:05:03
c62312f938344625a573,102,507,2026-08-25,2026-08-25,1408,1408,1408,,,2026-09-12 23:05:03
9510af0d704c412b9c75,110,507,2026-08-26,2026-08-26,25.58,25.58,25.58,,,2026-09-12 23:05:03
fcb36d9f1b4f43fc8d93,118,507,2026-08-27,2026-08-27,563.05,563.05,563.05,,,2026-09-12 23:05:03
a937fb5ee5dd458c8236,111,507,2026-08-28,2026-08-28,810.76,810.76,810.76,,,2026-09-12 23:05:03
3fe73d4e77844786a037,106,507,2026-08-29,2026-08-29,73.7,73.7,73.7,,,2026-09-12 23:05:03
ad468b4d7a2b48ff8d21,113,507,2026-08-30,2026-08-30,711.45,711.45,711.45,,,2026-09-12 23:05:03
bf93f09611744c74a2d1,110,507,2026-08-31,2026-08-31,275.4,275.4,275.4,,,2026-09-12 23:05:03
b1abdaa052d243bb93ca,115,507,2026-09-01,2026-09-01,780.05,780.05,780.05,,,2026-09-12 23:05:03
a8fde73f08aa49f59324,120,507,2026-09-02,2026-09-02,214.38,214.38,214.38,,,2026-09-12 23:05:03
a89229a8744f4aba8da6,104,507,2026-09-03,2026-09-03,249.07,249.07,249.07,,,2026-09-12 23:05:03
880cd5aa5729471381f8,118,507,2026-09-04,2026-09-04,452.22,452.22,452.22,,,2026-09-12 23:05:03
17ed74013f73413da965,116,507,2026-09-05,2026-09-05,315.98,315.98,315.98,,,2026-09-12 23:05:03
3020e3b5e7e34fdca765,107,507,2026-09-06,2026-09-06,194.23,194.23,194.23,,,2026-09-12 23:05:03
fdfa91442ff843919c36,115,507,2026-09-07,2026-09-07,776.59,776.59,776.59,,,2026-09-12 23:05:03
8bfd2bb2d784494a8b81,113,507,2026-09-08,2026-09-08,231.8,231.8,231.8,,,2026-09-12 23:05:03
e701cceabf22490cbcf6,101,507,2026-09-09,2026-09-09,387.8,387.8,387.8,,,2026-09-12 23:05:03
5ff27361a3a24589a5cb,115,507,2026-08-11,2026-08-11,1509.03,1509.03,1509.03,,,2026-09-12 23:05:03
73e4e25e0fe3453eb87f,111,507,2026-08-12,2026-08-12,15.34,15.34,15.34,,,2026-09-12 23:05:03
3610b761394e46cb950a,102,507,2026-08-13,2026-08-13,405.66,405.66,405.66,,,2026-09-12 23:05:03
b028a7c1c27b49c78f05,108,507,2026-08-14,2026-08-14,1307.29,1307.29,1307.29,,,2026-09-12 23:05:03
5e60b24efe59455eab4d,109,507,2026-08-15,2026-08-15,168.92,168.92,168.92,,,2026-09-12 23:05:03
c9b5390458794a1982be,102,507,2026-08-16,2026-08-16,64.09,64.09,64.09,,,2026-09-12 23:05:03
c37c8ddc97864396b00c,117,507,2026-08-17,2026-08-17,404.22,404.22,404.22,,,2026-09-12 23:05:03
fcacb0b8e3c34a089830,114,507,2026-08-18,2026-08-18,1072.46,1072.46,1072.46,,,2026-09-12 23:05:03
ce815d4546204a329dad,103,507,2026-08-19,2026-08-19,697.06,697.06,697.06,,,2026-09-12 23:05:03
96b35b7ae73c4fd7906d,111,507,2026-08-20,2026-08-20,12.91,12.91,12.91,,,2026-09-12 23:05:03
c28db5b0f4dd42dc9ae3,119,507,2026-08-21,2026-08-21,9.34,9.34,9.34,,,2026-09-12 23:05:03
21852057500c41b08c5e,113,507,2026-08-22,2026-08-22,1308.84,1308.84,1308.84,,,2026-09-12 23:05:03
1e387210ab0b4798bfcf,120,507,2026-08-23,2026-08-23,266.2,266.2,266.2,,,2026-09-12 23:05:03
36bd543bfac84048bc2c,106,507,2026-08-24,2026-08-24,1241.69,1241.69,1241.69,,,2026-09-12 23:05:03
9d351827de9c4027b602,107,507,2026-08-25,2026-08-25,991.43,991.43,991.43,,,2026-09-12 23:05:03
a9e7b7dfc8734793ba4d,102,507,2026-08-26,2026-08-26,258.96,258.96,258.96,,,2026-09-12 23:05:03
825d992e19244b3f8933,109,507,2026-08-27,2026-08-27,95.51,95.51,95.51,,,2026-09-12 23:05:03
991b1a474b2f4fc294aa,104,507,2026-08-28,2026-08-28,110.31,110.31,110.31,,,2026-09-12 23:05:03
785465cd0e8b4db69fc9,103,507,2026-08-29,2026-08-29,552.2,552.2,552.2,,,2026-09-12 23:05:03
eaca293bb5194913bc12,102,507,2026-08-30,2026-08-30,494.04,494.04,494.04,,,2026-09-12 23:05:03
ab3d124534024f9db83d,113,507,2026-08-31,2026-08-31,331.55,331.55,331.55,,,2026-09-12 23:05:03
fc4ae92c24724a36b9e9,107,507,2026-09-01,2026-09-01,203.34,203.34,203.34,,,2026-09-12 23:05:03
78a258fab0144907a39d,105,507,2026-09-02,2026-09-02,135.65,135.65,135.65,,,2026-09-12 23:05:03
ad1ba093097148a5a019,104,507,2026-09-03,2026-09-03,106.62,106.62,106.62,,,2026-09-12 23:05:03
be076154e35d427cbd76,113,507,2026-09-04,2026-09-04,507.72,507.72,507.72,,,2026-09-12 23:05:03
d14ec1fecad24bd5929e,105,507,2026-09-05,2026-09-05,1262.57,1262.57,1262.57,,,2026-09-12 23:05:03
893defebcdfe47439c95,107,507,2026-09-06,2026-09-06,183.59,183.59,183.59,,,2026-09-12 23:05:03
89d015f73822447c9f03,119,507,2026-09-07,2026-09-07,792.32,792.32,792.32,,,2026-09-12 23:05:03
53a1ca6dbb58481b9419,102,507,2026-09-08,2026-09-08,558.17,558.17,558.17,,,2026-09-12 23:05:03
48fea8fa2c1641689cb6,120,507,2026-09-09,2026-09-09,1307.82,1307.82,1307.82,,,2026-09-12 23:05:03
3eb438afcd004cbeb14f,103,507,2026-08-11,2026-08-11,106.66,106.66,106.66,,,2026-09-12 23:05:03
02d73cc4c23f4f6caf81,114,507,2026-08-12,2026-08-12,500.96,500.96,500.96,,,2026-09-12 23:05:03
a22e51c622054f2bbd9f,109,507,2026-08-13,2026-08-13,50.09,50.09,50.09,,,2026-09-12 23:05:03
d8f0957235fe4193a45c,120,507,2026-08-14,2026-08-14,193.94,193.94,193.94,,,2026-09-12 23:05:03
f703817ad6d14bb1a143,118,507,2026-08-15,2026-08-15,20.76,20.76,20.76,,,2026-09-12 23:05:03
c96f8779ccdf46a5b6b9,112,507,2026-08-16,2026-08-16,569.52,569.52,569.52,,,2026-09-12 23:05:03
0b5887657f4641d1ac11,112,507,2026-08-17,2026-08-17,255.31,255.31,255.31,,,2026-09-12 23:05:03
e88292e54f794c399933,104,507,2026-08-18,2026-08-18,112.7,112.7,112.7,,,2026-09-12 23:05:03
0082585f5b1141dc8b66,112,507,2026-08-19,2026-08-19,491.81,491.81,491.81,,,2026-09-12 23:05:03
eba6cc1cebfd4b2b8fc8,117,507,2026-08-20,2026-08-20,41.28,41.28,41.28,,,2026-09-12 23:05:03
7e6d7121c0334aa987d3,110,507,2026-08-21,2026-08-21,215.9,215.9,215.9,,,2026-09-12 23:05:03
1bc06eee64c843e09cbb,103,507,2026-08-22,2026-08-22,1025.52,1025.52,1025.52,,,2026-09-12 23:05:03
ed3c65ff0aab45e59558,107,507,2026-08-23,2026-08-23,51.93,51.93,51.93,,,2026-09-12 23:05:03
2b8c83ee15c843d3b09e,109,507,2026-08-24,2026-08-24,10.39,10.39,10.39,,,2026-09-12 23:05:03
6ace525c5aa14f1a89f3,102,507,2026-08-25,2026-08-25,1138.71,1138.71,1138.71,,,2026-09-12 23:05:03
a2a699e880294e8b90a8,120,507,2026-08-26,2026-08-26,1363.19,1363.19,1363.19,,,2026-09-12 23:05:03
95574db294ed47bfb3fd,101,507,2026-08-27,2026-08-27,44.92,44.92,44.92,,,2026-09-12 23:05:03
6e938ccbda7f4557a828,110,507,2026-08-28,2026-08-28,65.55,65.55,65.55,,,2026-09-12 23:05:03
7645054dd4e64acea82b,109,507,2026-08-29,2026-08-29,207.72,207.72,207.72,,,2026-09-12 23:05:03
1d0ae638f1144937884e,118,507,2026-08-30,2026-08-30,238.76,238.76,238.76,,,2026-09-12 23:05:03
957e65db86404eeb8fb4,117,507,2026-08-31,2026-08-31,655.48,655.48,655.48,,,2026-09-12 23:05:03
4f6193770ee64e06812e,117,507,2026-09-01,2026-09-01,297.28,297.28,297.28,,,2026-09-12 23:05:03
fb3b14f665c542f5b2ac,102,507,2026-09-02,2026-09-02,158.54,158.54,158.54,,,2026-09-12 23:05:03
b67fae13a4cd4864bbc5,116,507,2026-09-03,2026-09-03,1403.07,1403.07,1403.07,,,2026-09-12 23:05:03
38a3fc75169c4ddcb7e3,119,507,2026-09-04,2026-09-04,306.51,306.51,306.51,,,2026-09-12 23:05:03
109121d56ad24843a29a,114,507,2026-09-05,2026-09-05,952.22,952.22,952.22,,,2026-09-12 23:05:03
6b48a01b2c4144d49842,112,507,2026-09-06,2026-09-06,64.13,64.13,64.13,,,2026-09-12 23:05:03
28f22cddb85c433da028,116,507,2026-09-07,2026-09-07,70.94,70.94,70.94,,,2026-09-12 23:05:03
5a8b60faaead40e894aa,119,507,2026-09-08,2026-09-08,711.79,711.79,711.79,,,2026-09-12 23:05:03
fe7f2170f89f4ae3a138,108,507,2026-09-09,2026-09-09,156.17,156.17,156.17,,,2026-09-12 23:05:03
63d3cae4ab63422cb992,117,507,2026-08-11,2026-08-11,194.25,194.25,194.25,,,2026-09-12 23:05:03
6fa51edbb0004df2a9eb,119,507,2026-08-12,2026-08-12,603.58,603.58,603.58,,,2026-09-12 23:05:03
78dbc9df6f7847bebf48,105,507,2026-08-13,2026-08-13,128.04,128.04,128.04,,,2026-09-12 23:05:03
f517b966c0cf4798805d,101,507,2026-08-14,2026-08-14,783.77,783.77,783.77,,,2026-09-12 23:05:03
34020a0f8bf44d5fbcb2,102,507,2026-08-15,2026-08-15,426.43,426.43,426.43,,,2026-09-12 23:05:03
9b1642fb9ea645a48030,117,507,2026-08-16,2026-08-16,883.61,883.61,883.61,,,2026-09-12 23:05:03
374a521f36024bef91af,101,507,2026-08-17,2026-08-17,1171.86,1171.86,1171.86,,,2026-09-12 23:05:03
3aee569ae65a4f28b920,102,507,2026-08-18,2026-08-18,457.02,457.02,457.02,,,2026-09-12 23:05:03
0aee1eb4fef74a0dbd5b,106,507,2026-08-19,2026-08-19,1172.44,1172.44,1172.44,,,2026-09-12 23:05:03
cb27d3ba8c8d461b9307,117,507,2026-08-20,2026-08-20,21.01,21.01,21.01,,,2026-09-12 23:05:03
7b1f642d944d472b9d94,119,507,2026-08-21,2026-08-21,1598.97,1598.97,1598.97,,,2026-09-12 23:05:03
b18488133b7e4bbdbe78,102,507,2026-08-22,2026-08-22,368.92,368.92,368.92,,,2026-09-12 23:05:03
a8a3366a7b044e4797e0,105,507,2026-08-23,2026-08-23,359.76,359.76,359.76,,,2026-09-12 23:05:03
3e232b6486a542b4bd4a,119,507,2026-08-24,2026-08-24,343.69,343.69,343.69,,,2026-09-12 23:05:03
5ab9c6fba4584123aec4,113,507,2026-08-25,2026-08-25,11.97,11.97,11.97,,,2026-09-12 23:05:03
65ccc295927d433aa6c0,107,507,2026-08-26,2026-08-26,896.85,896.85,896.85,,,2026-09-12 23:05:03
63cbdeefb44b499db932,101,507,2026-08-27,2026-08-27,75.29,75.29,75.29,,,2026-09-12 23:05:03
4ef8bc7486a048ab8f9f,103,507,2026-08-28,2026-08-28,459.54,459.54,459.54,,,2026-09-12 23:05:03
3c9d072e930340a981d2,115,507,2026-08-29,2026-08-29,82.3,82.3,82.3,,,2026-09-12 23:05:03
1f605771dc6740628fbd,107,507,2026-08-30,2026-08-30,262.02,262.02,262.02,,,2026-09-12 23:05:03
c274ad70eaa3443cb096,109,507,2026-08-31,2026-08-31,536.37,536.37,536.37,,,2026-09-12 23:05:03
a433a315878b44b29ee8,101,507,2026-09-01,2026-09-01,21.36,21.36,21.36,,,2026-09-12 23:05:03
60e96a5f10b641cdac32,107,507,2026-09-02,2026-09-02,122.02,122.02,122.02,,,2026-09-12 23:05:03
f8452c3d51184e56af70,116,507,2026-09-03,2026-09-03,391.91,391.91,391.91,,,2026-09-12 23:05:03
c0881793c5734200a825,104,507,2026-09-04,2026-09-04,356.64,356.64,356.64,,,2026-09-12 23:05:03
8e8522a2d76e4f4db2c9,108,507,2026-09-05,2026-09-05,351.17,351.17,351.17,,,2026-09-12 23:05:03
6173a45ee20f41f8ad98,108,507,2026-09-06,2026-09-06,1789.36,1789.36,1789.36,,,2026-09-12 23:05:03
76f481ff780b44f895cb,111,507,2026-09-07,2026-09-07,1394.73,1394.73,1394.73,,,2026-09-12 23:05:03
1c400aa65fda46bcb015,118,507,2026-09-08,2026-09-08,409.48,409.48,409.48,,,2026-09-12 23:05:03
9fe4f219cc554b1daa31,103,507,2026-09-09,2026-09-09,327.87,327.87,327.87,,,2026-09-12 23:05:03
7ec0e714d546491cb548,107,508,2026-08-11,2026-08-11,4946.48,4946.48,4946.48,,,2026-09-12 23:05:03
019f97f0775942bf9ee8,104,508,2026-08-12,2026-08-12,6005.24,6005.24,6005.24,,,2026-09-12 23:05:03
526f621b1c8941d48128,101,508,2026-08-13,2026-08-13,1546.38,1546.38,1546.38,,,2026-09-12 23:05:03
b936fec398c2407db872,103,508,2026-08-14,2026-08-14,1169.77,1169.77,1169.77,,,2026-09-12 23:05:03
c341826667d34a938e2f,112,508,2026-08-15,2026-08-15,7844.19,7844.19,7844.19,,,2026-09-12 23:05:03
dd280d58fcea45a591cb,107,508,2026-08-16,2026-08-16,1770.9,1770.9,1770.9,,,2026-09-12 23:05:03
fdbc1b25c9cf4d679da0,113,508,2026-08-17,2026-08-17,323.84,323.84,323.84,,,2026-09-12 23:05:03
841b889a328c441e83d0,109,508,2026-08-18,2026-08-18,1337.13,1337.13,1337.13,,,2026-09-12 23:05:03
5a2d48446aa54dc8a974,116,508,2026-08-19,2026-08-19,49.12,49.12,49.12,,,2026-09-12 23:05:03
197827c465134a01ab10,119,508,2026-08-20,2026-08-20,1016.89,1016.89,1016.89,,,2026-09-12 23:05:03
99e99fce741745c299bc,116,508,2026-08-21,2026-08-21,1311.38,1311.38,1311.38,,,2026-09-12 23:05:03
2f82c43443ed45918862,111,508,2026-08-22,2026-08-22,7138.17,7138.17,7138.17,,,2026-09-12 23:05:03
a801415c6a804d08b2ad,116,508,2026-08-23,2026-08-23,5681.91,5681.91,5681.91,,,2026-09-12 23:05:03
280b7c668a3442e29995,115,508,2026-08-24,2026-08-24,2230,2230,2230,,,2026-09-12 23:05:03
c0225bf6bdf64f6aaf9d,104,508,2026-08-25,2026-08-25,7814.85,7814.85,7814.85,,,2026-09-12 23:05:03
3bec23b5a92c47708d69,118,508,2026-08-26,2026-08-26,2586.18,2586.18,2586.18,,,2026-09-12 23:05:03
58f07f70ee9441fdb6ce,102,508,2026-08-27,2026-08-27,527.52,527.52,527.52,,,2026-09-12 23:05:03
515ece9a462046f89c23,117,508,2026-08-28,2026-08-28,1636.03,1636.03,1636.03,,,2026-09-12 23:05:03
5fa3fe6817cf47768569,103,508,2026-08-29,2026-08-29,8124.27,8124.27,8124.27,,,2026-09-12 23:05:03
e099eef8c8cf44018979,107,508,2026-08-30,2026-08-30,2412.62,2412.62,2412.62,,,2026-09-12 23:05:03
54337146966e456d8c25,109,508,2026-08-31,2026-08-31,2657.54,2657.54,2657.54,,,2026-09-12 23:05:03
3bff7c587af546908326,117,508,2026-09-01,2026-09-01,3772.82,3772.82,3772.82,,,2026-09-12 23:05:03
93a1db642e774e4997f9,112,508,2026-09-02,2026-09-02,5380.6,5380.6,5380.6,,,2026-09-12 23:05:03
e233b7372c0e4594ba7b,114,508,2026-09-03,2026-09-03,2108.41,2108.41,2108.41,,,2026-09-12 23:05:03
3806961b34694808909e,112,508,2026-09-04,2026-09-04,440.54,440.54,440.54,,,2026-09-12 23:05:03
8f19730a1cf646b2b3a9,111,508,2026-09-05,2026-09-05,1331.39,1331.39,1331.39,,,2026-09-12 23:05:03
3d7df899bd944d309943,107,508,2026-09-06,2026-09-06,500.3,500.3,500.3,,,2026-09-12 23:05:03
378beb25a61240408afb,107,508,2026-09-07,2026-09-07,7125.03,7125.03,7125.03,,,2026-09-12 23:05:03
459e8cfd22e84b4dbcf1,104,508,2026-09-08,2026-09-08,46.8,46.8,46.8,,,2026-09-12 23:05:03
febe299caee5497f9b96,110,508,2026-09-09,2026-09-09,7807.06,7807.06,7807.06,,,2026-09-12 23:05:03
cd1c828151c84c45b7f4,115,508,2026-08-11,2026-08-11,6523.39,6523.39,6523.39,,,2026-09-12 23:05:03
2a119ccc584546b2b3b7,119,508,2026-08-12,2026-08-12,8779.5,8779.5,8779.5,,,2026-09-12 23:05:03
6c114b087b8a452990d2,103,508,2026-08-13,2026-08-13,5746.09,5746.09,5746.09,,,2026-09-12 23:05:03
eb1961eb7ba04146859c,111,508,2026-08-14,2026-08-14,5153.2,5153.2,5153.2,,,2026-09-12 23:05:03
53d1457f5cdd46c89b71,115,508,2026-08-15,2026-08-15,7028.53,7028.53,7028.53,,,2026-09-12 23:05:03
d5fb41e4c6fb41509f37,115,508,2026-08-16,2026-08-16,4554.11,4554.11,4554.11,,,2026-09-12 23:05:03
ec6ee174bb2b4643919e,106,508,2026-08-17,2026-08-17,1762.85,1762.85,1762.85,,,2026-09-12 23:05:03
5358b255fceb44608c25,113,508,2026-08-18,2026-08-18,4577.61,4577.61,4577.61,,,2026-09-12 23:05:03
9acb3a30f86e46afb94e,113,508,2026-08-19,2026-08-19,5399.94,5399.94,5399.94,,,2026-09-12 23:05:03
954fd76ac6414f8bab3f,103,508,2026-08-20,2026-08-20,2350.29,2350.29,2350.29,,,2026-09-12 23:05:03
01bba3b88c6545fa9a3e,108,508,2026-08-21,2026-08-21,6727.23,6727.23,6727.23,,,2026-09-12 23:05:03
6c2f2bcfbad84d29b2d8,110,508,2026-08-22,2026-08-22,419.37,419.37,419.37,,,2026-09-12 23:05:03
19e8b639f6a44a1b821a,105,508,2026-08-23,2026-08-23,15.02,15.02,15.02,,,2026-09-12 23:05:03
512a853c948543c79139,116,508,2026-08-24,2026-08-24,7695.52,7695.52,7695.52,,,2026-09-12 23:05:03
ed6f2db3c6bd4a50805c,107,508,2026-08-25,2026-08-25,260.68,260.68,260.68,,,2026-09-12 23:05:03
eaf053291a5a4efeb00a,106,508,2026-08-26,2026-08-26,1251.35,1251.35,1251.35,,,2026-09-12 23:05:03
9370e553e6ac449dbbe1,104,508,2026-08-27,2026-08-27,1222.46,1222.46,1222.46,,,2026-09-12 23:05:03
3a8ec6b35ad946579f32,118,508,2026-08-28,2026-08-28,4354.43,4354.43,4354.43,,,2026-09-12 23:05:03
2c45572a599247be9064,117,508,2026-08-29,2026-08-29,738.7,738.7,738.7,,,2026-09-12 23:05:03
28d087252dc94f0a904b,113,508,2026-08-30,2026-08-30,2046.92,2046.92,2046.92,,,2026-09-12 23:05:03
f6cac35412f348cfaa81,115,508,2026-08-31,2026-08-31,6307.13,6307.13,6307.13,,,2026-09-12 23:05:03
e8e22970b84742d596fe,109,508,2026-09-01,2026-09-01,8686.61,8686.61,8686.61,,,2026-09-12 23:05:03
58af123be9d44b14be21,103,508,2026-09-02,2026-09-02,690.17,690.17,690.17,,,2026-09-12 23:05:03
2a602eb3ba0e49e8a025,102,508,2026-09-03,2026-09-03,1908.7,1908.7,1908.7,,,2026-09-12 23:05:03
b47d811c4715460eb5fa,113,508,2026-09-04,2026-09-04,1059.28,1059.28,1059.28,,,2026-09-12 23:05:03
2d90d2997bba49baaae8,116,508,2026-09-05,2026-09-05,4783.83,4783.83,4783.83,,,2026-09-12 23:05:03
f56ed860e2e94380ae18,103,508,2026-09-06,2026-09-06,775.76,775.76,775.76,,,2026-09-12 23:05:03
c12945549e8e48129194,115,508,2026-09-07,2026-09-07,1710.67,1710.67,1710.67,,,2026-09-12 23:05:03
944dea0df1af4d1ebe6b,117,508,2026-09-08,2026-09-08,81.79,81.79,81.79,,,2026-09-12 23:05:03
5845c44e9fc341d185fb,105,508,2026-09-09,2026-09-09,994.19,994.19,994.19,,,2026-09-12 23:05:03
661b813b0bb74e16b4d5,113,508,2026-08-11,2026-08-11,1020.88,1020.88,1020.88,,,2026-09-12 23:05:03
c45c01ae4a934f2f8fee,105,508,2026-08-12,2026-08-12,4060.27,4060.27,4060.27,,,2026-09-12 23:05:03
1910541181ed4642a30b,106,508,2026-08-13,2026-08-13,939.3,939.3,939.3,,,2026-09-12 23:05:03
3ef644b37ffc43c99a8c,111,508,2026-08-14,2026-08-14,4319.17,4319.17,4319.17,,,2026-09-12 23:05:03
8ab8507c23584468b278,101,508,2026-08-15,2026-08-15,875.86,875.86,875.86,,,2026-09-12 23:05:03
ce829e40dc9448529184,114,508,2026-08-16,2026-08-16,3605.84,3605.84,3605.84,,,2026-09-12 23:05:03
426a8f3d5e9e479d9363,117,508,2026-08-17,2026-08-17,3468.96,3468.96,3468.96,,,2026-09-12 23:05:03
279a45f511134ae4a5da,103,508,2026-08-18,2026-08-18,6822.94,6822.94,6822.94,,,2026-09-12 23:05:03
a67df945d6b94d1a9e8e,116,508,2026-08-19,2026-08-19,327.4,327.4,327.4,,,2026-09-12 23:05:03
332effa2f83c4690bd49,103,508,2026-08-20,2026-08-20,941.15,941.15,941.15,,,2026-09-12 23:05:03
653f5b5a979941b4841c,108,508,2026-08-21,2026-08-21,853.84,853.84,853.84,,,2026-09-12 23:05:03
12ad65e3524f4cfa94d4,116,508,2026-08-22,2026-08-22,151.26,151.26,151.26,,,2026-09-12 23:05:03
8035d04bf64d4379a5d4,108,508,2026-08-23,2026-08-23,5814.44,5814.44,5814.44,,,2026-09-12 23:05:03
3196e91f8ff4407ebace,117,508,2026-08-24,2026-08-24,518.83,518.83,518.83,,,2026-09-12 23:05:03
e7382a6e453040dfa9fd,109,508,2026-08-25,2026-08-25,5306.71,5306.71,5306.71,,,2026-09-12 23:05:03
7934fcc186514f5b863f,109,508,2026-08-26,2026-08-26,50.74,50.74,50.74,,,2026-09-12 23:05:03
44c7a36c3df7402787ba,103,508,2026-08-27,2026-08-27,4692.37,4692.37,4692.37,,,2026-09-12 23:05:03
7594c13b9f4842a8bcb2,106,508,2026-08-28,2026-08-28,710.17,710.17,710.17,,,2026-09-12 23:05:03
02787563db3742359a86,108,508,2026-08-29,2026-08-29,2752.2,2752.2,2752.2,,,2026-09-12 23:05:03
c91e055dfc1f4cbca1e1,115,508,2026-08-30,2026-08-30,3297.51,3297.51,3297.51,,,2026-09-12 23:05:03
26240c267ebb41cf87e6,110,508,2026-08-31,2026-08-31,2119.31,2119.31,2119.31,,,2026-09-12 23:05:03
ad6ac957ea0e4af8a598,102,508,2026-09-01,2026-09-01,1536.21,1536.21,1536.21,,,2026-09-12 23:05:03
96564c1b8cf94f18b4de,115,508,2026-09-02,2026-09-02,2801.24,2801.24,2801.24,,,2026-09-12 23:05:03
ca14fbe69a3b4cbc985f,111,508,2026-09-03,2026-09-03,104.56,104.56,104.56,,,2026-09-12 23:05:03
b884bac71af04a5899ca,103,508,2026-09-04,2026-09-04,3914.19,3914.19,3914.19,,,2026-09-12 23:05:03
52b55f037b504b28acbc,115,508,2026-09-05,2026-09-05,94.12,94.12,94.12,,,2026-09-12 23:05:03
2e9c68a457ee44db8966,106,508,2026-09-06,2026-09-06,155.08,155.08,155.08,,,2026-09-12 23:05:03
af7a44264db54473b879,102,508,2026-09-07,2026-09-07,491.24,491.24,491.24,,,2026-09-12 23:05:03
fa05eb7d779445ceb064,110,508,2026-09-08,2026-09-08,1527.62,1527.62,1527.62,,,2026-09-12 23:05:03
ba17fbdc07204f278121,115,508,2026-09-09,2026-09-09,2206.24,2206.24,2206.24,,,2026-09-12 23:05:03
39c37499793344628077,116,508,2026-08-11,2026-08-11,1144.13,1144.13,1144.13,,,2026-09-12 23:05:03
d70ccae89fb3423b9b2a,103,508,2026-08-12,2026-08-12,4981.32,4981.32,4981.32,,,2026-09-12 23:05:03
637791da123546ed9f37,103,508,2026-08-13,2026-08-13,2267.27,2267.27,2267.27,,,2026-09-12 23:05:03
5c43dc400d524966aaf6,106,508,2026-08-14,2026-08-14,422.55,422.55,422.55,,,2026-09-12 23:05:03
3c1dffbcdc8641ddb20a,119,508,2026-08-15,2026-08-15,2707.65,2707.65,2707.65,,,2026-09-12 23:05:03
cb80417aaabf44d8b6f5,116,508,2026-08-16,2026-08-16,2396.73,2396.73,2396.73,,,2026-09-12 23:05:03
5b1e93cb247642d581c4,101,508,2026-08-17,2026-08-17,3748.34,3748.34,3748.34,,,2026-09-12 23:05:03
fc10702daa6543f98e32,119,508,2026-08-18,2026-08-18,566.72,566.72,566.72,,,2026-09-12 23:05:03
c79b02f8a94b4907a219,103,508,2026-08-19,2026-08-19,169.98,169.98,169.98,,,2026-09-12 23:05:03
82391a1387ea42328bf5,115,508,2026-08-20,2026-08-20,1238.02,1238.02,1238.02,,,2026-09-12 23:05:03
236e06f9da474e68acf8,115,508,2026-08-21,2026-08-21,1759.31,1759.31,1759.31,,,2026-09-12 23:05:03
a155e2b1562743bca8bd,103,508,2026-08-22,2026-08-22,39.24,39.24,39.24,,,2026-09-12 23:05:03
c94a4e0980f846dca087,117,508,2026-08-23,2026-08-23,436.36,436.36,436.36,,,2026-09-12 23:05:03
1c8a9a08408d454899d7,111,508,2026-08-24,2026-08-24,4912.89,4912.89,4912.89,,,2026-09-12 23:05:03
e3b572243d27413987d4,117,508,2026-08-25,2026-08-25,5804,5804,5804,,,2026-09-12 23:05:03
3dbaf94e7c014f9b8956,117,508,2026-08-26,2026-08-26,58.81,58.81,58.81,,,2026-09-12 23:05:03
2de6ae66b28e43feb1b2,120,508,2026-08-27,2026-08-27,1097.23,1097.23,1097.23,,,2026-09-12 23:05:03
e127f73d07ca4808b599,107,508,2026-08-28,2026-08-28,2204.7,2204.7,2204.7,,,2026-09-12 23:05:03
329d2afb21c44a6bb35b,106,508,2026-08-29,2026-08-29,4575.27,4575.27,4575.27,,,2026-09-12 23:05:03
64243b4a071549049d8a,118,508,2026-08-30,2026-08-30,1904.48,1904.48,1904.48,,,2026-09-12 23:05:03
7a7938a6cd6a41009e4c,106,508,2026-08-31,2026-08-31,2340.67,2340.67,2340.67,,,2026-09-12 23:05:03
6a624d7c44cd42e1b5d3,109,508,2026-09-01,2026-09-01,157.6,157.6,157.6,,,2026-09-12 23:05:03
4b935cd29753490f9fbb,115,508,2026-09-02,2026-09-02,3042.82,3042.82,3042.82,,,2026-09-12 23:05:03
5d175230c2484cdbbaa5,120,508,2026-09-03,2026-09-03,2615.41,2615.41,2615.41,,,2026-09-12 23:05:03
ae86141642a84d36a5bc,114,508,2026-09-04,2026-09-04,3857.56,3857.56,3857.56,,,2026-09-12 23:05:03
0f6992a5c38e4c339578,109,508,2026-09-05,2026-09-05,318.06,318.06,318.06,,,2026-09-12 23:05:03
0c85ca6d3c00495f967f,106,508,2026-09-06,2026-09-06,250.58,250.58,250.58,,,2026-09-12 23:05:03
08d9fa1f091744bb8694,115,508,2026-09-07,2026-09-07,7410.23,7410.23,7410.23,,,2026-09-12 23:05:03
bec7bf5f71f94deda3ef,107,508,2026-09-08,2026-09-08,5971.1,5971.1,5971.1,,,2026-09-12 23:05:03
f0be04afa81c46a28e5b,103,508,2026-09-09,2026-09-09,3266.75,3266.75,3266.75,,,2026-09-12 23:05:03
4300b4220974479dbcbb,110,508,2026-08-11,2026-08-11,3474.41,3474.41,3474.41,,,2026-09-12 23:05:03
99e3fbd47bc04dccb153,110,508,2026-08-12,2026-08-12,36.26,36.26,36.26,,,2026-09-12 23:05:03
d208da8b803f4cdea2a0,117,508,2026-08-13,2026-08-13,1008.04,1008.04,1008.04,,,2026-09-12 23:05:03
5c7199443a0b4b409081,104,508,2026-08-14,2026-08-14,5240.35,5240.35,5240.35,,,2026-09-12 23:05:03
c1d65618c83c4f69a5c7,113,508,2026-08-15,2026-08-15,3451.52,3451.52,3451.52,,,2026-09-12 23:05:03
5d602e359444493b85aa,112,508,2026-08-16,2026-08-16,1962.18,1962.18,1962.18,,,2026-09-12 23:05:03
880330338faa481fa58e,114,508,2026-08-17,2026-08-17,4208.37,4208.37,4208.37,,,2026-09-12 23:05:03
05170f3436494a56b131,111,508,2026-08-18,2026-08-18,4812.52,4812.52,4812.52,,,2026-09-12 23:05:03
39d425c9f630406bba00,119,508,2026-08-19,2026-08-19,194.4,194.4,194.4,,,2026-09-12 23:05:03
e787e5d2ab0743c4ba78,104,508,2026-08-20,2026-08-20,5672.58,5672.58,5672.58,,,2026-09-12 23:05:03
546cf0c8b20044d8b9fc,105,508,2026-08-21,2026-08-21,284.08,284.08,284.08,,,2026-09-12 23:05:03
dd2b6f326a304cc6868b,114,508,2026-08-22,2026-08-22,1289,1289,1289,,,2026-09-12 23:05:03
7dc58c111a03492abc3b,112,508,2026-08-23,2026-08-23,4515.1,4515.1,4515.1,,,2026-09-12 23:05:03
46725e9abd58447595e5,112,508,2026-08-24,2026-08-24,690.4,690.4,690.4,,,2026-09-12 23:05:03
cd0d0ebab90b466b920f,115,508,2026-08-25,2026-08-25,121.66,121.66,121.66,,,2026-09-12 23:05:03
fb8a6adcd8bd45c9b826,113,508,2026-08-26,2026-08-26,396.36,396.36,396.36,,,2026-09-12 23:05:03
470a6e8e71034fae842b,115,508,2026-08-27,2026-08-27,2031.06,2031.06,2031.06,,,2026-09-12 23:05:03
5dc09420f12e486d92c9,110,508,2026-08-28,2026-08-28,71.55,71.55,71.55,,,2026-09-12 23:05:03
d8d4a2a47d4944d68bc2,104,508,2026-08-29,2026-08-29,3943.18,3943.18,3943.18,,,2026-09-12 23:05:03
cb25b44be4ea40e18b8f,116,508,2026-08-30,2026-08-30,2882.13,2882.13,2882.13,,,2026-09-12 23:05:03
14d71376865b4382a025,110,508,2026-08-31,2026-08-31,7176.28,7176.28,7176.28,,,2026-09-12 23:05:03
e1564d8fed164038a484,109,508,2026-09-01,2026-09-01,3875.43,3875.43,3875.43,,,2026-09-12 23:05:03
558cadaf98c24c068343,112,508,2026-09-02,2026-09-02,3508.6,3508.6,3508.6,,,2026-09-12 23:05:03
05c46fdf2b8148be95da,110,508,2026-09-03,2026-09-03,391.03,391.03,391.03,,,2026-09-12 23:05:03
553205f20e374522b03f,120,508,2026-09-04,2026-09-04,345.38,345.38,345.38,,,2026-09-12 23:05:03
3bdcab20911849878913,102,508,2026-09-05,2026-09-05,1859.49,1859.49,1859.49,,,2026-09-12 23:05:03
f67096fb58fe41d58213,104,508,2026-09-06,2026-09-06,260.87,260.87,260.87,,,2026-09-12 23:05:03
3b497a09f480445facfa,109,508,2026-09-07,2026-09-07,143.1,143.1,143.1,,,2026-09-12 23:05:03
53d2f0fa832542cd8ef5,113,508,2026-09-08,2026-09-08,1466.33,1466.33,1466.33,,,2026-09-12 23:05:03
853cc8bd45fb4c2aad26,101,508,2026-09-09,2026-09-09,139.54,139.54,139.54,,,2026-09-12 23:05:03
f1eb89e5702f4e33ad98,108,508,2026-08-11,2026-08-11,118.64,118.64,118.64,,,2026-09-12 23:05:03
c083b76f376043dd8b3e,118,508,2026-08-12,2026-08-12,4172.41,4172.41,4172.41,,,2026-09-12 23:05:03
a5a44441417c4afaba36,113,508,2026-08-13,2026-08-13,2731.7,2731.7,2731.7,,,2026-09-12 23:05:03
32311d7675df4620b3dd,114,508,2026-08-14,2026-08-14,808.58,808.58,808.58,,,2026-09-12 23:05:03
e67e06dc495c4f56af86,112,508,2026-08-15,2026-08-15,799.31,799.31,799.31,,,2026-09-12 23:05:03
70e6c97aaf0c4392b795,102,508,2026-08-16,2026-08-16,1246.33,1246.33,1246.33,,,2026-09-12 23:05:03
30974b5acd0c4e2c95a6,104,508,2026-08-17,2026-08-17,545.15,545.15,545.15,,,2026-09-12 23:05:03
e7c6bdfa3b6445ae8102,111,508,2026-08-18,2026-08-18,1728.43,1728.43,1728.43,,,2026-09-12 23:05:03
b0013cf90bfb4438aeaa,112,508,2026-08-19,2026-08-19,1035.49,1035.49,1035.49,,,2026-09-12 23:05:03
c13044c547a644279250,114,508,2026-08-20,2026-08-20,4142.56,4142.56,4142.56,,,2026-09-12 23:05:03
9b7d2c49d9f84fcf8f4b,119,508,2026-08-21,2026-08-21,2455.04,2455.04,2455.04,,,2026-09-12 23:05:03
75773fb73b4c42308abb,113,508,2026-08-22,2026-08-22,1042.63,1042.63,1042.63,,,2026-09-12 23:05:03
3378c17e0d064604901d,113,508,2026-08-23,2026-08-23,1037.86,1037.86,1037.86,,,2026-09-12 23:05:03
275a6ed2d714416f9466,107,508,2026-08-24,2026-08-24,4690.29,4690.29,4690.29,,,2026-09-12 23:05:03
aedbd5095d924d0abe8a,103,508,2026-08-25,2026-08-25,1563.15,1563.15,1563.15,,,2026-09-12 23:05:03
ac08f521ad9b48ca91ff,106,508,2026-08-26,2026-08-26,2334.93,2334.93,2334.93,,,2026-09-12 23:05:03
3e93c93b013048849267,117,508,2026-08-27,2026-08-27,1959.37,1959.37,1959.37,,,2026-09-12 23:05:03
f328daf4b5b94eb3929e,116,508,2026-08-28,2026-08-28,95.18,95.18,95.18,,,2026-09-12 23:05:03
8eb151f8c31040b49243,108,508,2026-08-29,2026-08-29,1325.12,1325.12,1325.12,,,2026-09-12 23:05:03
06c333e9e6bd47a4aae1,113,508,2026-08-30,2026-08-30,145.71,145.71,145.71,,,2026-09-12 23:05:03
a753e2d678d048aca72f,115,508,2026-08-31,2026-08-31,51.43,51.43,51.43,,,2026-09-12 23:05:03
17e717e437894465bd95,112,508,2026-09-01,2026-09-01,1834.51,1834.51,1834.51,,,2026-09-12 23:05:03
fea36986fccc4202ba85,111,508,2026-09-02,2026-09-02,587.34,587.34,587.34,,,2026-09-12 23:05:03
d4d56dc678d24d64a31d,105,508,2026-09-03,2026-09-03,6439.9,6439.9,6439.9,,,2026-09-12 23:05:03
d96766d920c94fd1a5d9,111,508,2026-09-04,2026-09-04,2708.37,2708.37,2708.37,,,2026-09-12 23:05:03
47eeba43bf53480aa339,101,508,2026-09-05,2026-09-05,2411.17,2411.17,2411.17,,,2026-09-12 23:05:03
8369ab98fcb0463ebf7d,117,508,2026-09-06,2026-09-06,3246.19,3246.19,3246.19,,,2026-09-12 23:05:03
9f3d51ca4f9249c69882,105,508,2026-09-07,2026-09-07,654.28,654.28,654.28,,,2026-09-12 23:05:03
e3747171e7c447479538,104,508,2026-09-08,2026-09-08,3488.35,3488.35,3488.35,,,2026-09-12 23:05:03
58fd4c1096cc47fda60d,101,508,2026-09-09,2026-09-09,504.11,504.11,504.11,,,2026-09-12 23:05:03
c21e952fc5c54d4db424,109,508,2026-08-11,2026-08-11,839.61,839.61,839.61,,,2026-09-12 23:05:03
cb821de2edd34fd8acbe,120,508,2026-08-12,2026-08-12,1592.19,1592.19,1592.19,,,2026-09-12 23:05:03
c76631b5e49c4eed9163,109,508,2026-08-13,2026-08-13,2832.88,2832.88,2832.88,,,2026-09-12 23:05:03
c20f0486117e436d9d13,110,508,2026-08-14,2026-08-14,544.22,544.22,544.22,,,2026-09-12 23:05:03
885f3d9698a44479a303,108,508,2026-08-15,2026-08-15,375.61,375.61,375.61,,,2026-09-12 23:05:03
e781c610abe34fe6b920,107,508,2026-08-16,2026-08-16,4269.52,4269.52,4269.52,,,2026-09-12 23:05:03
782b5996f1644164a10f,101,508,2026-08-17,2026-08-17,26.99,26.99,26.99,,,2026-09-12 23:05:03
22ba11eef0bf4157bd13,118,508,2026-08-18,2026-08-18,3316.16,3316.16,3316.16,,,2026-09-12 23:05:03
064e8e705aec4fba9b49,110,508,2026-08-19,2026-08-19,4310.7,4310.7,4310.7,,,2026-09-12 23:05:03
569f7024796040f6981a,120,508,2026-08-20,2026-08-20,3171.54,3171.54,3171.54,,,2026-09-12 23:05:03
00a45cccbc1b4deeb50c,108,508,2026-08-21,2026-08-21,2638.22,2638.22,2638.22,,,2026-09-12 23:05:03
b24a05c915654dab89eb,112,508,2026-08-22,2026-08-22,189.08,189.08,189.08,,,2026-09-12 23:05:03
c9ba57abc0cf40d0ac3b,117,508,2026-08-23,2026-08-23,5124.77,5124.77,5124.77,,,2026-09-12 23:05:03
abbb49c08930464d9ac6,111,508,2026-08-24,2026-08-24,3149.91,3149.91,3149.91,,,2026-09-12 23:05:03
5afbc27752d34a3b8a10,104,508,2026-08-25,2026-08-25,936.68,936.68,936.68,,,2026-09-12 23:05:03
422a8a2433b343a5b66c,107,508,2026-08-26,2026-08-26,424.09,424.09,424.09,,,2026-09-12 23:05:03
3a0b4282c401450595d4,119,508,2026-08-27,2026-08-27,1337.82,1337.82,1337.82,,,2026-09-12 23:05:03
441cfe2a139b44629e9e,112,508,2026-08-28,2026-08-28,1427.53,1427.53,1427.53,,,2026-09-12 23:05:03
58a353d6254448f8996c,114,508,2026-08-29,2026-08-29,907.46,907.46,907.46,,,2026-09-12 23:05:03
1873f0e230cc4d15b6d0,118,508,2026-08-30,2026-08-30,1916.88,1916.88,1916.88,,,2026-09-12 23:05:03
598c1e0252a94b26b9bf,103,508,2026-08-31,2026-08-31,832.99,832.99,832.99,,,2026-09-12 23:05:03
5b69554c1885476883ff,108,508,2026-09-01,2026-09-01,3959.15,3959.15,3959.15,,,2026-09-12 23:05:03
ceddb1236cbc436293f2,102,508,2026-09-02,2026-09-02,435.35,435.35,435.35,,,2026-09-12 23:05:03
05bae06319a64962829d,114,508,2026-09-03,2026-09-03,7206.55,7206.55,7206.55,,,2026-09-12 23:05:03
f597f9b522d14f438c82,101,508,2026-09-04,2026-09-04,397.52,397.52,397.52,,,2026-09-12 23:05:03
296a1f7effde49e8b019,110,508,2026-09-05,2026-09-05,3557.88,3557.88,3557.88,,,2026-09-12 23:05:03
d67184b23eab474bbd2d,106,508,2026-09-06,2026-09-06,7036.66,7036.66,7036.66,,,2026-09-12 23:05:03
580c9de3f3f44ba18f4f,119,508,2026-09-07,2026-09-07,176.69,176.69,176.69,,,2026-09-12 23:05:03
da64bad1c37e441cbb8f,114,508,2026-09-08,2026-09-08,2022.32,2022.32,2022.32,,,2026-09-12 23:05:03
a60b2d3f811a4b6f9e03,103,508,2026-09-09,2026-09-09,6694.45,6694.45,6694.45,,,2026-09-12 23:05:03
9c6ae3efaa1f42ceaf54,118,508,2026-08-11,2026-08-11,4017.41,4017.41,4017.41,,,2026-09-12 23:05:03
6f8ed43fca4747d8a3f0,120,508,2026-08-12,2026-08-12,1237.08,1237.08,1237.08,,,2026-09-12 23:05:03
12e69faac4cc49f28cae,111,508,2026-08-13,2026-08-13,67.4,67.4,67.4,,,2026-09-12 23:05:03
f64e46d04b5049f3aa8b,105,508,2026-08-14,2026-08-14,939.84,939.84,939.84,,,2026-09-12 23:05:03
badff33a1b364ff48089,115,508,2026-08-15,2026-08-15,5161.03,5161.03,5161.03,,,2026-09-12 23:05:03
ddfedc3bd9c04219840c,104,508,2026-08-16,2026-08-16,2039.87,2039.87,2039.87,,,2026-09-12 23:05:03
604688496b8541e588cc,118,508,2026-08-17,2026-08-17,6570.22,6570.22,6570.22,,,2026-09-12 23:05:03
5d34d55ed1254c3ab98a,118,508,2026-08-18,2026-08-18,2211.19,2211.19,2211.19,,,2026-09-12 23:05:03
4c16ac196426448db58a,115,508,2026-08-19,2026-08-19,4626.32,4626.32,4626.32,,,2026-09-12 23:05:03
3655c30be5244e48802b,102,508,2026-08-20,2026-08-20,1637.73,1637.73,1637.73,,,2026-09-12 23:05:03
93b6f0e6e732437b9d53,111,508,2026-08-21,2026-08-21,778.17,778.17,778.17,,,2026-09-12 23:05:03
e3602eab8c8a4d3b9043,104,508,2026-08-22,2026-08-22,1026.97,1026.97,1026.97,,,2026-09-12 23:05:03
2617921502184523b521,117,508,2026-08-23,2026-08-23,1261.05,1261.05,1261.05,,,2026-09-12 23:05:03
9fadc4c0d11b45149947,115,508,2026-08-24,2026-08-24,186.48,186.48,186.48,,,2026-09-12 23:05:03
766954052c504ceca8b4,107,508,2026-08-25,2026-08-25,331.82,331.82,331.82,,,2026-09-12 23:05:03
c766a71679c043839fca,117,508,2026-08-26,2026-08-26,3571.96,3571.96,3571.96,,,2026-09-12 23:05:03
ffa4afddc2154ee9bd70,114,508,2026-08-27,2026-08-27,2373.12,2373.12,2373.12,,,2026-09-12 23:05:03
9896d1809bde447582f1,106,508,2026-08-28,2026-08-28,540.75,540.75,540.75,,,2026-09-12 23:05:03
af6768b1011245fc8835,111,508,2026-08-29,2026-08-29,394.3,394.3,394.3,,,2026-09-12 23:05:03
8a2e1ffc6ce644be958e,112,508,2026-08-30,2026-08-30,953.72,953.72,953.72,,,2026-09-12 23:05:03
588b1d4b86a145369967,103,508,2026-08-31,2026-08-31,792.7,792.7,792.7,,,2026-09-12 23:05:03
06410d0e227049ffae4d,120,508,2026-09-01,2026-09-01,2989.58,2989.58,2989.58,,,2026-09-12 23:05:03
289ed13ffaca42f6942f,114,508,2026-09-02,2026-09-02,477.59,477.59,477.59,,,2026-09-12 23:05:03
1bbd32c5af2f4cb2ac8c,112,508,2026-09-03,2026-09-03,2486.13,2486.13,2486.13,,,2026-09-12 23:05:03
de276e15ac064456b764,111,508,2026-09-04,2026-09-04,84.66,84.66,84.66,,,2026-09-12 23:05:03
819fda51075347f2903b,118,508,2026-09-05,2026-09-05,3619.39,3619.39,3619.39,,,2026-09-12 23:05:03
a8f921a5bc41407986ae,102,508,2026-09-06,2026-09-06,1549.09,1549.09,1549.09,,,2026-09-12 23:05:03
d31f2cda8b554dff9331,102,508,2026-09-07,2026-09-07,1061.69,1061.69,1061.69,,,2026-09-12 23:05:03
3a4539d0ef3e43c5ae6d,107,508,2026-09-08,2026-09-08,2238.15,2238.15,2238.15,,,2026-09-12 23:05:03
5f1acfdd7e2b4d529a1a,117,508,2026-09-09,2026-09-09,327.53,327.53,327.53,,,2026-09-12 23:05:03
c7474766b0d14f0489db,112,508,2026-08-11,2026-08-11,2729.07,2729.07,2729.07,,,2026-09-12 23:05:03
28c73cca1bb648e5b603,114,508,2026-08-12,2026-08-12,166.58,166.58,166.58,,,2026-09-12 23:05:03
d6b3ca5b0b9a4941a742,106,508,2026-08-13,2026-08-13,708.69,708.69,708.69,,,2026-09-12 23:05:03
04fc4bf1abb0420aabb5,119,508,2026-08-14,2026-08-14,431.45,431.45,431.45,,,2026-09-12 23:05:03
df05e03217cf46849458,112,508,2026-08-15,2026-08-15,3476.36,3476.36,3476.36,,,2026-09-12 23:05:03
385496ef06aa45f58ed2,106,508,2026-08-16,2026-08-16,1923.42,1923.42,1923.42,,,2026-09-12 23:05:03
ad53702be33149c8802e,116,508,2026-08-17,2026-08-17,842.32,842.32,842.32,,,2026-09-12 23:05:03
0a604dc86c48460f857e,120,508,2026-08-18,2026-08-18,3887.91,3887.91,3887.91,,,2026-09-12 23:05:03
f2d182fabe0e4f7ba2b1,120,508,2026-08-19,2026-08-19,1787.82,1787.82,1787.82,,,2026-09-12 23:05:03
51595dc368cf4b71a20a,106,508,2026-08-20,2026-08-20,1587.69,1587.69,1587.69,,,2026-09-12 23:05:03
ec7d298a755f48b3bd48,107,508,2026-08-21,2026-08-21,4426.98,4426.98,4426.98,,,2026-09-12 23:05:03
a20a43eb60904ec489fe,114,508,2026-08-22,2026-08-22,2137.44,2137.44,2137.44,,,2026-09-12 23:05:03
60b607d46df247c990d1,104,508,2026-08-23,2026-08-23,1794.21,1794.21,1794.21,,,2026-09-12 23:05:03
c706677da7784534ad96,114,508,2026-08-24,2026-08-24,4546.04,4546.04,4546.04,,,2026-09-12 23:05:03
27df4b2926b84960bd51,109,508,2026-08-25,2026-08-25,1805.91,1805.91,1805.91,,,2026-09-12 23:05:03
7fbc63bf55d9492eb832,110,508,2026-08-26,2026-08-26,2688.29,2688.29,2688.29,,,2026-09-12 23:05:03
9aa23569ad274b0687be,104,508,2026-08-27,2026-08-27,1845.53,1845.53,1845.53,,,2026-09-12 23:05:03
32defd20cab94861bcb4,101,508,2026-08-28,2026-08-28,7734.42,7734.42,7734.42,,,2026-09-12 23:05:03
5bf47b4bbe494f48be61,107,508,2026-08-29,2026-08-29,1350.92,1350.92,1350.92,,,2026-09-12 23:05:03
9acc62a55128421e8085,116,508,2026-08-30,2026-08-30,5300.65,5300.65,5300.65,,,2026-09-12 23:05:03
37262a9a9ad74ccbaa90,108,508,2026-08-31,2026-08-31,8250.25,8250.25,8250.25,,,2026-09-12 23:05:03
43015d61989748fbac30,115,508,2026-09-01,2026-09-01,7856.7,7856.7,7856.7,,,2026-09-12 23:05:03
55277c8a2dcc40d1af3e,110,508,2026-09-02,2026-09-02,317.94,317.94,317.94,,,2026-09-12 23:05:03
278704d8c4ee4e1f8b58,112,508,2026-09-03,2026-09-03,1069.14,1069.14,1069.14,,,2026-09-12 23:05:03
3082885d2da346909f7d,110,508,2026-09-04,2026-09-04,3752.99,3752.99,3752.99,,,2026-09-12 23:05:03
c5c597c3eb4b40618d2d,120,508,2026-09-05,2026-09-05,8233.06,8233.06,8233.06,,,2026-09-12 23:05:03
8a598676a7924fbb90c1,104,508,2026-09-06,2026-09-06,198.09,198.09,198.09,,,2026-09-12 23:05:03
fc7024020c7c43c29dc3,117,508,2026-09-07,2026-09-07,8530.44,8530.44,8530.44,,,2026-09-12 23:05:03
38b4c2591ccf4f72b568,108,508,2026-09-08,2026-09-08,2067.63,2067.63,2067.63,,,2026-09-12 23:05:03
8db85ed28d8c4a558777,108,508,2026-09-09,2026-09-09,1886.37,1886.37,1886.37,,,2026-09-12 23:05:03
cdf4645c8de74857b70c,103,508,2026-08-11,2026-08-11,754.37,754.37,754.37,,,2026-09-12 23:05:03
49c5436b810c4dc4895f,119,508,2026-08-12,2026-08-12,2240.32,2240.32,2240.32,,,2026-09-12 23:05:03
c6018f0efad84093be42,102,508,2026-08-13,2026-08-13,234.24,234.24,234.24,,,2026-09-12 23:05:03
15542bb00ea54ee08a7f,103,508,2026-08-14,2026-08-14,1292.78,1292.78,1292.78,,,2026-09-12 23:05:03
d948066f90b042689096,116,508,2026-08-15,2026-08-15,1037.67,1037.67,1037.67,,,2026-09-12 23:05:03
76de69f593a44b1cb69a,111,508,2026-08-16,2026-08-16,62.05,62.05,62.05,,,2026-09-12 23:05:03
70f24ebb61544dc8ab8a,113,508,2026-08-17,2026-08-17,7180.69,7180.69,7180.69,,,2026-09-12 23:05:03
5541040182394cc3941c,113,508,2026-08-18,2026-08-18,2940.82,2940.82,2940.82,,,2026-09-12 23:05:03
12f28fa138894a1ab92a,119,508,2026-08-19,2026-08-19,1197.3,1197.3,1197.3,,,2026-09-12 23:05:03
be50c85464b1452d8078,108,508,2026-08-20,2026-08-20,2223.27,2223.27,2223.27,,,2026-09-12 23:05:03
5ee2a73bad9a461e94f8,117,508,2026-08-21,2026-08-21,1861.33,1861.33,1861.33,,,2026-09-12 23:05:03
ad60cc64e2cd4ea28ded,101,508,2026-08-22,2026-08-22,4893.34,4893.34,4893.34,,,2026-09-12 23:05:03
53876c98aa1b458d87c9,108,508,2026-08-23,2026-08-23,703.56,703.56,703.56,,,2026-09-12 23:05:03
d95602f0a67f498e90aa,114,508,2026-08-24,2026-08-24,4464.11,4464.11,4464.11,,,2026-09-12 23:05:03
3de343142c7942a19d06,116,508,2026-08-25,2026-08-25,1450.82,1450.82,1450.82,,,2026-09-12 23:05:03
83d230a179f346ba96c1,102,508,2026-08-26,2026-08-26,472.98,472.98,472.98,,,2026-09-12 23:05:03
817807fe97de4f159c40,119,508,2026-08-27,2026-08-27,1915.83,1915.83,1915.83,,,2026-09-12 23:05:03
36eec2ee31544e99a8bc,102,508,2026-08-28,2026-08-28,1444.48,1444.48,1444.48,,,2026-09-12 23:05:03
bec784601c104ecf9455,113,508,2026-08-29,2026-08-29,754.04,754.04,754.04,,,2026-09-12 23:05:03
a4d7fa99a0e04e8b94d7,120,508,2026-08-30,2026-08-30,2189.8,2189.8,2189.8,,,2026-09-12 23:05:03
87d97990f35444e7830b,107,508,2026-08-31,2026-08-31,8622.11,8622.11,8622.11,,,2026-09-12 23:05:03
4cabf756d1ee4167b4b4,104,508,2026-09-01,2026-09-01,4866.67,4866.67,4866.67,,,2026-09-12 23:05:03
30aaafc6f0c5422393b7,115,508,2026-09-02,2026-09-02,93.04,93.04,93.04,,,2026-09-12 23:05:03
f6810658ad614344b3f8,103,508,2026-09-03,2026-09-03,4285.42,4285.42,4285.42,,,2026-09-12 23:05:03
670f8df570e343ad8813,120,508,2026-09-04,2026-09-04,2206.78,2206.78,2206.78,,,2026-09-12 23:05:03
0e087bb150964cb398ce,109,508,2026-09-05,2026-09-05,795.16,795.16,795.16,,,2026-09-12 23:05:03
5fbc0c423d344e22a401,113,508,2026-09-06,2026-09-06,236.48,236.48,236.48,,,2026-09-12 23:05:03
fcd782699d9b4a9a8d3e,102,508,2026-09-07,2026-09-07,1178.61,1178.61,1178.61,,,2026-09-12 23:05:03
70a4197205f741a59498,103,508,2026-09-08,2026-09-08,2179.02,2179.02,2179.02,,,2026-09-12 23:05:03
fe6bafb8bdc84d66a9ef,110,508,2026-09-09,2026-09-09,1596.91,1596.91,1596.91,,,2026-09-12 23:05:03
a84f302bbe144da0a85c,109,509,2026-08-11,2026-08-11,1259.61,1259.61,1259.61,,,2026-09-12 23:05:03
a5597790e7d546d98963,106,509,2026-08-12,2026-08-12,2704.34,2704.34,2704.34,,,2026-09-12 23:05:03
c44fe28df9ca406e89ad,116,509,2026-08-13,2026-08-13,452.87,452.87,452.87,,,2026-09-12 23:05:03
857a7082371e4ce89d4e,114,509,2026-08-14,2026-08-14,6258.68,6258.68,6258.68,,,2026-09-12 23:05:03
72ab6e1374564f8fa05a,112,509,2026-08-15,2026-08-15,1005.87,1005.87,1005.87,,,2026-09-12 23:05:03
6f56f1870f084d5bab6f,107,509,2026-08-16,2026-08-16,5709.98,5709.98,5709.98,,,2026-09-12 23:05:03
e3b5c4e78c86483ebc0a,107,509,2026-08-17,2026-08-17,674.92,674.92,674.92,,,2026-09-12 23:05:03
846e31eef7e14a35ae3a,110,509,2026-08-18,2026-08-18,2178.18,2178.18,2178.18,,,2026-09-12 23:05:03
de52621cf6094b6a84d6,103,509,2026-08-19,2026-08-19,146.26,146.26,146.26,,,2026-09-12 23:05:03
c351511ad1fd4cd39339,106,509,2026-08-20,2026-08-20,240.6,240.6,240.6,,,2026-09-12 23:05:03
510c5c8749064c51bbf7,116,509,2026-08-21,2026-08-21,5612.91,5612.91,5612.91,,,2026-09-12 23:05:03
ca68561c75454203a801,117,509,2026-08-22,2026-08-22,3760.4,3760.4,3760.4,,,2026-09-12 23:05:03
b8fb1bedcfec47b582cd,107,509,2026-08-23,2026-08-23,470.55,470.55,470.55,,,2026-09-12 23:05:03
e2572310a0d743db8585,108,509,2026-08-24,2026-08-24,95.21,95.21,95.21,,,2026-09-12 23:05:03
90beb997ec8c4810a9a4,108,509,2026-08-25,2026-08-25,2633.08,2633.08,2633.08,,,2026-09-12 23:05:03
02c7e2069cec48358f4a,119,509,2026-08-26,2026-08-26,657.87,657.87,657.87,,,2026-09-12 23:05:03
0c946a03adb147719a2e,117,509,2026-08-27,2026-08-27,1285.88,1285.88,1285.88,,,2026-09-12 23:05:03
308b574cf3a042029df1,120,509,2026-08-28,2026-08-28,688.01,688.01,688.01,,,2026-09-12 23:05:03
e3ee0dbc4dad47e39670,109,509,2026-08-29,2026-08-29,52.68,52.68,52.68,,,2026-09-12 23:05:03
2bb555d167e94dfbbc9f,107,509,2026-08-30,2026-08-30,5048.92,5048.92,5048.92,,,2026-09-12 23:05:03
ee058d83adae451f92f9,120,509,2026-08-31,2026-08-31,5267.36,5267.36,5267.36,,,2026-09-12 23:05:03
3b2379deb3d54074b0fe,105,509,2026-09-01,2026-09-01,228.4,228.4,228.4,,,2026-09-12 23:05:03
cdb4b8625d214ae7bbd3,108,509,2026-09-02,2026-09-02,2092.74,2092.74,2092.74,,,2026-09-12 23:05:03
307fa716e6f04da6a4c3,101,509,2026-09-03,2026-09-03,451.26,451.26,451.26,,,2026-09-12 23:05:03
67a5820c267c40fe8a2a,109,509,2026-09-04,2026-09-04,432.46,432.46,432.46,,,2026-09-12 23:05:03
0207258e03fe41229b2c,101,509,2026-09-05,2026-09-05,1769.76,1769.76,1769.76,,,2026-09-12 23:05:03
8e0cae3898304a7088fe,108,509,2026-09-06,2026-09-06,1249.96,1249.96,1249.96,,,2026-09-12 23:05:03
2e4965a1ede14a9fbc35,115,509,2026-09-07,2026-09-07,36.12,36.12,36.12,,,2026-09-12 23:05:03
ba07af00f9c94b4da352,118,509,2026-09-08,2026-09-08,1181.21,1181.21,1181.21,,,2026-09-12 23:05:03
f781a7188cc04f58afbf,114,509,2026-09-09,2026-09-09,713.64,713.64,713.64,,,2026-09-12 23:05:03
4ca71b04a30146c8996a,119,509,2026-08-11,2026-08-11,51.09,51.09,51.09,,,2026-09-12 23:05:03
912a429539874d7ebe58,110,509,2026-08-12,2026-08-12,2079.76,2079.76,2079.76,,,2026-09-12 23:05:03
2599a28aabc248868622,118,509,2026-08-13,2026-08-13,1601.32,1601.32,1601.32,,,2026-09-12 23:05:03
a9126126bf8842b3a64d,119,509,2026-08-14,2026-08-14,2052.7,2052.7,2052.7,,,2026-09-12 23:05:03
4a3177bf63ba4f3bb7cb,113,509,2026-08-15,2026-08-15,2895.6,2895.6,2895.6,,,2026-09-12 23:05:03
3d992e9bb0604130852a,103,509,2026-08-16,2026-08-16,2221.25,2221.25,2221.25,,,2026-09-12 23:05:03
37ffa6a904d549eea914,102,509,2026-08-17,2026-08-17,994.02,994.02,994.02,,,2026-09-12 23:05:03
7533ecbcc4974dbd9013,117,509,2026-08-18,2026-08-18,7233.46,7233.46,7233.46,,,2026-09-12 23:05:03
99cce475eaf142288cd7,107,509,2026-08-19,2026-08-19,4129.9,4129.9,4129.9,,,2026-09-12 23:05:03
c611a3dcd7e04f498067,120,509,2026-08-20,2026-08-20,2536.15,2536.15,2536.15,,,2026-09-12 23:05:03
f62dc903d697480595a1,118,509,2026-08-21,2026-08-21,1067.98,1067.98,1067.98,,,2026-09-12 23:05:03
5d0ec2de489049319416,108,509,2026-08-22,2026-08-22,2379.9,2379.9,2379.9,,,2026-09-12 23:05:03
d13db3798bb540459931,105,509,2026-08-23,2026-08-23,878.49,878.49,878.49,,,2026-09-12 23:05:03
48927422cf9a46179363,116,509,2026-08-24,2026-08-24,3485.71,3485.71,3485.71,,,2026-09-12 23:05:03
d04201d50f394d6ba374,120,509,2026-08-25,2026-08-25,1524.75,1524.75,1524.75,,,2026-09-12 23:05:03
86422087806b441a9fdd,119,509,2026-08-26,2026-08-26,1308.8,1308.8,1308.8,,,2026-09-12 23:05:03
20193fddf8c14c19bb65,101,509,2026-08-27,2026-08-27,1474.32,1474.32,1474.32,,,2026-09-12 23:05:03
4e0ab8e5e9df4c8b9d31,112,509,2026-08-28,2026-08-28,283.45,283.45,283.45,,,2026-09-12 23:05:03
0a960a2455ed488dac05,120,509,2026-08-29,2026-08-29,3980.88,3980.88,3980.88,,,2026-09-12 23:05:03
6f2ef489b0764efe9316,103,509,2026-08-30,2026-08-30,277.9,277.9,277.9,,,2026-09-12 23:05:03
77a6b29313cb49fdae3d,104,509,2026-08-31,2026-08-31,1791.74,1791.74,1791.74,,,2026-09-12 23:05:03
428200f03eff4ef6b70d,117,509,2026-09-01,2026-09-01,924.16,924.16,924.16,,,2026-09-12 23:05:03
80964d730ea34d70880a,118,509,2026-09-02,2026-09-02,3930.07,3930.07,3930.07,,,2026-09-12 23:05:03
3663c73bbe1d430684e5,114,509,2026-09-03,2026-09-03,2728.14,2728.14,2728.14,,,2026-09-12 23:05:03
428e13fb2f9e4860a4f5,104,509,2026-09-04,2026-09-04,429.09,429.09,429.09,,,2026-09-12 23:05:03
c16d59bf18cd494ebbcc,118,509,2026-09-05,2026-09-05,1523.71,1523.71,1523.71,,,2026-09-12 23:05:03
99304a39d69d4b88b120,114,509,2026-09-06,2026-09-06,421.83,421.83,421.83,,,2026-09-12 23:05:03
4b54e0600bcc4515a462,101,509,2026-09-07,2026-09-07,2311.4,2311.4,2311.4,,,2026-09-12 23:05:03
671d1aa9dc4f4c5982e7,117,509,2026-09-08,2026-09-08,294.59,294.59,294.59,,,2026-09-12 23:05:03
d7e7b368f4b1417b8e7b,116,509,2026-09-09,2026-09-09,589.09,589.09,589.09,,,2026-09-12 23:05:03
dae2841a50c14e45b318,116,509,2026-08-11,2026-08-11,2309.72,2309.72,2309.72,,,2026-09-12 23:05:03
00220f9855914591afdb,106,509,2026-08-12,2026-08-12,290.13,290.13,290.13,,,2026-09-12 23:05:03
2f1055a557ff41d8a9dc,117,509,2026-08-13,2026-08-13,5410.25,5410.25,5410.25,,,2026-09-12 23:05:03
a89ddcc71e5d4cb2ad12,107,509,2026-08-14,2026-08-14,1359.45,1359.45,1359.45,,,2026-09-12 23:05:03
ad165bf2b59d42a9b012,102,509,2026-08-15,2026-08-15,1955.94,1955.94,1955.94,,,2026-09-12 23:05:03
9246f07e40df451aa32e,113,509,2026-08-16,2026-08-16,3025.34,3025.34,3025.34,,,2026-09-12 23:05:03
8d9aeea7f23b4a1e8813,116,509,2026-08-17,2026-08-17,383.56,383.56,383.56,,,2026-09-12 23:05:03
595198e926d949e29207,103,509,2026-08-18,2026-08-18,689.56,689.56,689.56,,,2026-09-12 23:05:03
85c171ea0a9a488693a0,101,509,2026-08-19,2026-08-19,3125.17,3125.17,3125.17,,,2026-09-12 23:05:03
f1e822f3fd1d4c0b9ceb,105,509,2026-08-20,2026-08-20,3113.35,3113.35,3113.35,,,2026-09-12 23:05:03
85f41a94069847669993,101,509,2026-08-21,2026-08-21,4177.68,4177.68,4177.68,,,2026-09-12 23:05:03
0ce13f7cfc55452c899b,113,509,2026-08-22,2026-08-22,4171.54,4171.54,4171.54,,,2026-09-12 23:05:03
075850250f68486a95c4,120,509,2026-08-23,2026-08-23,511.72,511.72,511.72,,,2026-09-12 23:05:03
9ec5559a34834410b916,108,509,2026-08-24,2026-08-24,1909.07,1909.07,1909.07,,,2026-09-12 23:05:03
6582286cfcda4fec9db7,116,509,2026-08-25,2026-08-25,772.28,772.28,772.28,,,2026-09-12 23:05:03
478f2ddde88849148407,116,509,2026-08-26,2026-08-26,124.58,124.58,124.58,,,2026-09-12 23:05:03
6236ad27fbc7488bae8a,103,509,2026-08-27,2026-08-27,2673.65,2673.65,2673.65,,,2026-09-12 23:05:03
85510d6ce5854beba197,109,509,2026-08-28,2026-08-28,6341.24,6341.24,6341.24,,,2026-09-12 23:05:03
cb84da2345504805a6e4,105,509,2026-08-29,2026-08-29,6107.53,6107.53,6107.53,,,2026-09-12 23:05:03
2cab373dd64b4916be10,103,509,2026-08-30,2026-08-30,75.81,75.81,75.81,,,2026-09-12 23:05:03
52f6f0d2a93a481492d8,105,509,2026-08-31,2026-08-31,413.81,413.81,413.81,,,2026-09-12 23:05:03
66d015ebc7cf4caabc1f,119,509,2026-09-01,2026-09-01,1277.24,1277.24,1277.24,,,2026-09-12 23:05:03
2219b146bacd4998ac13,111,509,2026-09-02,2026-09-02,1857.99,1857.99,1857.99,,,2026-09-12 23:05:03
e0e055e292654c1fa1c2,113,509,2026-09-03,2026-09-03,2268.28,2268.28,2268.28,,,2026-09-12 23:05:03
f1069839ff1a4a97be2c,112,509,2026-09-04,2026-09-04,3760.05,3760.05,3760.05,,,2026-09-12 23:05:03
788ea9699452411f8c43,113,509,2026-09-05,2026-09-05,451.26,451.26,451.26,,,2026-09-12 23:05:03
953ee95c2ec94f83a070,118,509,2026-09-06,2026-09-06,1216.19,1216.19,1216.19,,,2026-09-12 23:05:03
9f8637853ef6438babe2,116,509,2026-09-07,2026-09-07,4791.11,4791.11,4791.11,,,2026-09-12 23:05:03
fad343ae47ad42728060,120,509,2026-09-08,2026-09-08,1886.69,1886.69,1886.69,,,2026-09-12 23:05:03
0aa47092ee624ceebdbf,105,509,2026-09-09,2026-09-09,6755.48,6755.48,6755.48,,,2026-09-12 23:05:03
c0b359b715304627a341,109,509,2026-08-11,2026-08-11,1105.79,1105.79,1105.79,,,2026-09-12 23:05:03
2f29dc82556046d3bf3b,113,509,2026-08-12,2026-08-12,1269.85,1269.85,1269.85,,,2026-09-12 23:05:03
164c332d1f364b8288a1,114,509,2026-08-13,2026-08-13,1251.46,1251.46,1251.46,,,2026-09-12 23:05:03
2ef1db2cba914c2dbb21,109,509,2026-08-14,2026-08-14,449.04,449.04,449.04,,,2026-09-12 23:05:03
d4da03e56c5d401bba54,105,509,2026-08-15,2026-08-15,6199.3,6199.3,6199.3,,,2026-09-12 23:05:03
c5622c20eb4d44bd91e6,120,509,2026-08-16,2026-08-16,5119.22,5119.22,5119.22,,,2026-09-12 23:05:03
db110af4a12b47c4ae66,115,509,2026-08-17,2026-08-17,33.26,33.26,33.26,,,2026-09-12 23:05:03
920ac7b290224110af49,110,509,2026-08-18,2026-08-18,1741.39,1741.39,1741.39,,,2026-09-12 23:05:03
812791b24b724d8fbea2,108,509,2026-08-19,2026-08-19,1708.88,1708.88,1708.88,,,2026-09-12 23:05:03
0048c2f7a6b04d3cbad1,112,509,2026-08-20,2026-08-20,597.9,597.9,597.9,,,2026-09-12 23:05:03
f691bbdf817842f18528,118,509,2026-08-21,2026-08-21,858.64,858.64,858.64,,,2026-09-12 23:05:03
99b67190879348bd95d1,111,509,2026-08-22,2026-08-22,2618.21,2618.21,2618.21,,,2026-09-12 23:05:03
df6053abf66a45c4aec5,110,509,2026-08-23,2026-08-23,1698.53,1698.53,1698.53,,,2026-09-12 23:05:03
95965a084a7e4c36b2da,108,509,2026-08-24,2026-08-24,3960.79,3960.79,3960.79,,,2026-09-12 23:05:03
01faf0f733e949839bd3,106,509,2026-08-25,2026-08-25,4670.51,4670.51,4670.51,,,2026-09-12 23:05:03
ee51f459acec4706a3f3,111,509,2026-08-26,2026-08-26,621.69,621.69,621.69,,,2026-09-12 23:05:03
3cd4ab5dc8084d718ce0,106,509,2026-08-27,2026-08-27,1646.39,1646.39,1646.39,,,2026-09-12 23:05:03
d0c680e5b8fb4bb88271,109,509,2026-08-28,2026-08-28,454.85,454.85,454.85,,,2026-09-12 23:05:03
96e2b0b4dd6845eea10f,115,509,2026-08-29,2026-08-29,3535.07,3535.07,3535.07,,,2026-09-12 23:05:03
4e07981c96bd45e49488,107,509,2026-08-30,2026-08-30,1352.77,1352.77,1352.77,,,2026-09-12 23:05:03
f3da2f6fb6dd4ab1afda,111,509,2026-08-31,2026-08-31,388.85,388.85,388.85,,,2026-09-12 23:05:03
068959886fc649bcba43,114,509,2026-09-01,2026-09-01,4728.97,4728.97,4728.97,,,2026-09-12 23:05:03
be4d54eee9cc4f9b9e3e,104,509,2026-09-02,2026-09-02,1158,1158,1158,,,2026-09-12 23:05:03
218be816488744738178,113,509,2026-09-03,2026-09-03,979.66,979.66,979.66,,,2026-09-12 23:05:03
1f33005af8e240fbbcc1,104,509,2026-09-04,2026-09-04,2531.18,2531.18,2531.18,,,2026-09-12 23:05:03
401c27464cb943ee870c,113,509,2026-09-05,2026-09-05,410.7,410.7,410.7,,,2026-09-12 23:05:03
c3523e4fc930469ca09e,119,509,2026-09-06,2026-09-06,6414.36,6414.36,6414.36,,,2026-09-12 23:05:03
48e01c8e28114c8a929b,103,509,2026-09-07,2026-09-07,373.81,373.81,373.81,,,2026-09-12 23:05:03
2049eec2fa824702a3e2,111,509,2026-09-08,2026-09-08,628.15,628.15,628.15,,,2026-09-12 23:05:03
afcf7482f93e48e5931f,117,509,2026-09-09,2026-09-09,1576.23,1576.23,1576.23,,,2026-09-12 23:05:03
eb48f19b1810426a9553,107,509,2026-08-11,2026-08-11,615.26,615.26,615.26,,,2026-09-12 23:05:03
5958549aa43a4935a4f2,106,509,2026-08-12,2026-08-12,317.12,317.12,317.12,,,2026-09-12 23:05:03
3a474fbc9ca349f09f1c,102,509,2026-08-13,2026-08-13,4121.05,4121.05,4121.05,,,2026-09-12 23:05:03
3182fe0f8c2942a59cbe,108,509,2026-08-14,2026-08-14,2712.57,2712.57,2712.57,,,2026-09-12 23:05:03
6f938d76162f4656b720,107,509,2026-08-15,2026-08-15,1037.35,1037.35,1037.35,,,2026-09-12 23:05:03
a8023bf1d7a04e0eaa82,115,509,2026-08-16,2026-08-16,4296.01,4296.01,4296.01,,,2026-09-12 23:05:03
fed5e940321344379662,105,509,2026-08-17,2026-08-17,992.8,992.8,992.8,,,2026-09-12 23:05:03
d352e17efeb5451bab4f,116,509,2026-08-18,2026-08-18,580.58,580.58,580.58,,,2026-09-12 23:05:03
8157440b2d4444f9ad49,108,509,2026-08-19,2026-08-19,1642.36,1642.36,1642.36,,,2026-09-12 23:05:03
b617e42450ee4086aef6,111,509,2026-08-20,2026-08-20,1408.37,1408.37,1408.37,,,2026-09-12 23:05:03
958752f7afe645d3bf43,111,509,2026-08-21,2026-08-21,2012.35,2012.35,2012.35,,,2026-09-12 23:05:03
7669bbcb66774ead822b,112,509,2026-08-22,2026-08-22,3415.35,3415.35,3415.35,,,2026-09-12 23:05:03
b750ac9e449146b2911a,102,509,2026-08-23,2026-08-23,190.27,190.27,190.27,,,2026-09-12 23:05:03
854cf408cd5144b8a9e5,112,509,2026-08-24,2026-08-24,325.38,325.38,325.38,,,2026-09-12 23:05:03
306fc82eeb824ef9bf4c,101,509,2026-08-25,2026-08-25,7894.26,7894.26,7894.26,,,2026-09-12 23:05:03
165ae591c8054e3c8308,119,509,2026-08-26,2026-08-26,1051.76,1051.76,1051.76,,,2026-09-12 23:05:03
d68c78c89a674f7b8307,106,509,2026-08-27,2026-08-27,1167.32,1167.32,1167.32,,,2026-09-12 23:05:03
4db389034cf746eda8c6,115,509,2026-08-28,2026-08-28,539.11,539.11,539.11,,,2026-09-12 23:05:03
61b7ff4bb1774db29f9f,119,509,2026-08-29,2026-08-29,682.8,682.8,682.8,,,2026-09-12 23:05:03
7bd63fe37daa492eb1e4,117,509,2026-08-30,2026-08-30,1475.4,1475.4,1475.4,,,2026-09-12 23:05:03
5a89f8b24d614cb99cf4,101,509,2026-08-31,2026-08-31,1106.82,1106.82,1106.82,,,2026-09-12 23:05:03
ef31a0bb271f40aaa45c,109,509,2026-09-01,2026-09-01,2855.09,2855.09,2855.09,,,2026-09-12 23:05:03
cd6ed4b18560427c8fae,104,509,2026-09-02,2026-09-02,1592.7,1592.7,1592.7,,,2026-09-12 23:05:03
82b6b9dbe20c4b4f912c,106,509,2026-09-03,2026-09-03,1906.96,1906.96,1906.96,,,2026-09-12 23:05:03
e6fde250eef04708ae88,102,509,2026-09-04,2026-09-04,787.11,787.11,787.11,,,2026-09-12 23:05:03
952766f27bd940799535,119,509,2026-09-05,2026-09-05,2311.91,2311.91,2311.91,,,2026-09-12 23:05:03
671f794f6d9f448bad08,103,509,2026-09-06,2026-09-06,7539.2,7539.2,7539.2,,,2026-09-12 23:05:03
b939e6705dd14e7580ec,101,509,2026-09-07,2026-09-07,883.11,883.11,883.11,,,2026-09-12 23:05:03
9abff43956d64d719878,115,509,2026-09-08,2026-09-08,2000.83,2000.83,2000.83,,,2026-09-12 23:05:03
8665de89570b42968476,110,509,2026-09-09,2026-09-09,1585.87,1585.87,1585.87,,,2026-09-12 23:05:03
ead563408bcf4dc1a33a,111,509,2026-08-11,2026-08-11,5836.37,5836.37,5836.37,,,2026-09-12 23:05:03
2a203eeee920479cb99b,112,509,2026-08-12,2026-08-12,108.91,108.91,108.91,,,2026-09-12 23:05:03
64457efd54ce4357b702,119,509,2026-08-13,2026-08-13,853.29,853.29,853.29,,,2026-09-12 23:05:03
b1acd76e52174eb38f47,108,509,2026-08-14,2026-08-14,3260.34,3260.34,3260.34,,,2026-09-12 23:05:03
ba6b365b205245cc9157,105,509,2026-08-15,2026-08-15,4906.52,4906.52,4906.52,,,2026-09-12 23:05:03
3d0a640934564ed7b5c8,112,509,2026-08-16,2026-08-16,34.53,34.53,34.53,,,2026-09-12 23:05:03
10c291ed9afa48c1947e,101,509,2026-08-17,2026-08-17,146.56,146.56,146.56,,,2026-09-12 23:05:03
9f74ad163ffb42f9b17d,114,509,2026-08-18,2026-08-18,5268.83,5268.83,5268.83,,,2026-09-12 23:05:03
bbbb955a8f844195b4e4,120,509,2026-08-19,2026-08-19,8233.73,8233.73,8233.73,,,2026-09-12 23:05:03
057433aa2a1f45df9d96,113,509,2026-08-20,2026-08-20,48.15,48.15,48.15,,,2026-09-12 23:05:03
9027c288f80a4d9b9010,116,509,2026-08-21,2026-08-21,802.77,802.77,802.77,,,2026-09-12 23:05:03
ffd87a9b669e43019361,102,509,2026-08-22,2026-08-22,130.43,130.43,130.43,,,2026-09-12 23:05:03
510941af9b0a4880a263,104,509,2026-08-23,2026-08-23,3830.99,3830.99,3830.99,,,2026-09-12 23:05:03
1a2d0e14c2754088bd68,104,509,2026-08-24,2026-08-24,5838.8,5838.8,5838.8,,,2026-09-12 23:05:03
6462dd840eb245ef9ddf,117,509,2026-08-25,2026-08-25,737.66,737.66,737.66,,,2026-09-12 23:05:03
9009f776e3584186a1a5,101,509,2026-08-26,2026-08-26,1785.28,1785.28,1785.28,,,2026-09-12 23:05:03
c1078ebf182b43548f56,109,509,2026-08-27,2026-08-27,3020.73,3020.73,3020.73,,,2026-09-12 23:05:03
eefc47536c52489b92ff,117,509,2026-08-28,2026-08-28,481.25,481.25,481.25,,,2026-09-12 23:05:03
c56c8a4b782647569004,104,509,2026-08-29,2026-08-29,753.44,753.44,753.44,,,2026-09-12 23:05:03
8ea36ed89cd14576aea5,110,509,2026-08-30,2026-08-30,1975.49,1975.49,1975.49,,,2026-09-12 23:05:03
3eaa37dced03498ca33c,115,509,2026-08-31,2026-08-31,3323.69,3323.69,3323.69,,,2026-09-12 23:05:03
fe5d3fc5aeaf4521a2d8,102,509,2026-09-01,2026-09-01,122.65,122.65,122.65,,,2026-09-12 23:05:03
736a1e4d385745f88a8a,108,509,2026-09-02,2026-09-02,1464.37,1464.37,1464.37,,,2026-09-12 23:05:03
712919cd397a4bcda784,104,509,2026-09-03,2026-09-03,6263,6263,6263,,,2026-09-12 23:05:03
e0941637ad324d43953f,110,509,2026-09-04,2026-09-04,4943.16,4943.16,4943.16,,,2026-09-12 23:05:03
dad6d6e8e5e44b5e862d,117,509,2026-09-05,2026-09-05,755.63,755.63,755.63,,,2026-09-12 23:05:03
f4692123e9bb49b7be6f,114,509,2026-09-06,2026-09-06,80.18,80.18,80.18,,,2026-09-12 23:05:03
869eb5681fdf474a93a4,120,509,2026-09-07,2026-09-07,1099.2,1099.2,1099.2,,,2026-09-12 23:05:03
9d88de007ecd4321b2f4,102,509,2026-09-08,2026-09-08,1473.89,1473.89,1473.89,,,2026-09-12 23:05:03
5fddfd5c16e3461e96ed,111,509,2026-09-09,2026-09-09,77.98,77.98,77.98,,,2026-09-12 23:05:03
a728339fbb784fd783bc,104,509,2026-08-11,2026-08-11,2308.2,2308.2,2308.2,,,2026-09-12 23:05:03
0776e019af12446da8bb,108,509,2026-08-12,2026-08-12,6724.28,6724.28,6724.28,,,2026-09-12 23:05:03
6c5a6c873ac548a7aa2b,120,509,2026-08-13,2026-08-13,408.94,408.94,408.94,,,2026-09-12 23:05:03
e000ee9ce8c74fd897c8,118,509,2026-08-14,2026-08-14,5065.29,5065.29,5065.29,,,2026-09-12 23:05:03
92b3ef56506e483a9812,118,509,2026-08-15,2026-08-15,2028.68,2028.68,2028.68,,,2026-09-12 23:05:03
a0f5e059224548c8a656,111,509,2026-08-16,2026-08-16,645.39,645.39,645.39,,,2026-09-12 23:05:03
0399b9c0b12e4c7689d8,111,509,2026-08-17,2026-08-17,1717.03,1717.03,1717.03,,,2026-09-12 23:05:03
f61fc2ae8427498f85d9,116,509,2026-08-18,2026-08-18,3882.58,3882.58,3882.58,,,2026-09-12 23:05:03
fe84e762239f4a22a362,102,509,2026-08-19,2026-08-19,83.74,83.74,83.74,,,2026-09-12 23:05:03
ca78dabf59a142658c18,115,509,2026-08-20,2026-08-20,201.17,201.17,201.17,,,2026-09-12 23:05:03
07895c0d35254847add8,105,509,2026-08-21,2026-08-21,5622.84,5622.84,5622.84,,,2026-09-12 23:05:03
a0b485b052fb47b99312,118,509,2026-08-22,2026-08-22,5725.66,5725.66,5725.66,,,2026-09-12 23:05:03
49d95381b768470384b0,105,509,2026-08-23,2026-08-23,1943.69,1943.69,1943.69,,,2026-09-12 23:05:03
c992dc678dd2469bbe61,106,509,2026-08-24,2026-08-24,1774.58,1774.58,1774.58,,,2026-09-12 23:05:03
3e94df22d4bd4136aacd,108,509,2026-08-25,2026-08-25,2476.11,2476.11,2476.11,,,2026-09-12 23:05:03
af119f260de54837a5a5,110,509,2026-08-26,2026-08-26,423.93,423.93,423.93,,,2026-09-12 23:05:03
cf724a0db11b4e489484,109,509,2026-08-27,2026-08-27,1711.86,1711.86,1711.86,,,2026-09-12 23:05:03
a01da9d8d39c4e84ba3d,103,509,2026-08-28,2026-08-28,1987.22,1987.22,1987.22,,,2026-09-12 23:05:03
e52718560bbf47eeb492,108,509,2026-08-29,2026-08-29,5892.44,5892.44,5892.44,,,2026-09-12 23:05:03
884228794b5b4485b31f,104,509,2026-08-30,2026-08-30,3348.72,3348.72,3348.72,,,2026-09-12 23:05:03
65a1141c3a254d8e9de4,120,509,2026-08-31,2026-08-31,592.69,592.69,592.69,,,2026-09-12 23:05:03
8ace8c65136c41978e98,106,509,2026-09-01,2026-09-01,4138.93,4138.93,4138.93,,,2026-09-12 23:05:03
e971652145b84873b408,113,509,2026-09-02,2026-09-02,2580.88,2580.88,2580.88,,,2026-09-12 23:05:03
11c8988f89ca45f2af12,111,509,2026-09-03,2026-09-03,4196.14,4196.14,4196.14,,,2026-09-12 23:05:03
16a83b97476645219f77,116,509,2026-09-04,2026-09-04,434.72,434.72,434.72,,,2026-09-12 23:05:03
a0f52f2490f5463fbfe1,120,509,2026-09-05,2026-09-05,1852.49,1852.49,1852.49,,,2026-09-12 23:05:03
08973ef8393a4fa89c3e,108,509,2026-09-06,2026-09-06,197.52,197.52,197.52,,,2026-09-12 23:05:03
73596f68dded45f688cf,115,509,2026-09-07,2026-09-07,4274.58,4274.58,4274.58,,,2026-09-12 23:05:03
a32ac25f88e54d16bd55,107,509,2026-09-08,2026-09-08,6186.79,6186.79,6186.79,,,2026-09-12 23:05:03
25395210fa9547379707,107,509,2026-09-09,2026-09-09,3550.58,3550.58,3550.58,,,2026-09-12 23:05:03
468e22122f88443ba529,108,509,2026-08-11,2026-08-11,2823.37,2823.37,2823.37,,,2026-09-12 23:05:03
55f32dbaac764c779dfc,114,509,2026-08-12,2026-08-12,1979.38,1979.38,1979.38,,,2026-09-12 23:05:03
d99f81cd9fb74547ae0c,113,509,2026-08-13,2026-08-13,4124.91,4124.91,4124.91,,,2026-09-12 23:05:03
d10e5dd2feab44e5a6ef,102,509,2026-08-14,2026-08-14,1686.5,1686.5,1686.5,,,2026-09-12 23:05:03
7456409c47a14e5eb596,119,509,2026-08-15,2026-08-15,6887.71,6887.71,6887.71,,,2026-09-12 23:05:03
aa5869022c714a28b1d1,119,509,2026-08-16,2026-08-16,3379.07,3379.07,3379.07,,,2026-09-12 23:05:03
0c2b4952e5c04d4dadd1,106,509,2026-08-17,2026-08-17,196.03,196.03,196.03,,,2026-09-12 23:05:03
15776ff54fe44f12bc14,112,509,2026-08-18,2026-08-18,1938.69,1938.69,1938.69,,,2026-09-12 23:05:03
25c5cecad365425cb05c,108,509,2026-08-19,2026-08-19,2455.26,2455.26,2455.26,,,2026-09-12 23:05:03
146df74de1ff4331ac60,120,509,2026-08-20,2026-08-20,1019.64,1019.64,1019.64,,,2026-09-12 23:05:03
595efa906b5e47959924,103,509,2026-08-21,2026-08-21,785.46,785.46,785.46,,,2026-09-12 23:05:03
b9fc70b06cf44d05bf0a,117,509,2026-08-22,2026-08-22,841.9,841.9,841.9,,,2026-09-12 23:05:03
e993551b40ca4fd4b731,110,509,2026-08-23,2026-08-23,231.33,231.33,231.33,,,2026-09-12 23:05:03
8b086f8a0cf54716bf9d,108,509,2026-08-24,2026-08-24,1648.85,1648.85,1648.85,,,2026-09-12 23:05:03
f2be9c914b4a42638c1e,101,509,2026-08-25,2026-08-25,966.25,966.25,966.25,,,2026-09-12 23:05:03
5b57c9c2b90c4fccb18b,108,509,2026-08-26,2026-08-26,5499.35,5499.35,5499.35,,,2026-09-12 23:05:03
ed75296260334f64a961,103,509,2026-08-27,2026-08-27,3712.42,3712.42,3712.42,,,2026-09-12 23:05:03
0a0ca4c808c94e8fb02e,113,509,2026-08-28,2026-08-28,3161.5,3161.5,3161.5,,,2026-09-12 23:05:03
b09c6bb182984194a7b8,105,509,2026-08-29,2026-08-29,1320.89,1320.89,1320.89,,,2026-09-12 23:05:03
3a196b187b0140daacf0,112,509,2026-08-30,2026-08-30,2814.99,2814.99,2814.99,,,2026-09-12 23:05:03
b36372855be64dc8b336,119,509,2026-08-31,2026-08-31,2193.07,2193.07,2193.07,,,2026-09-12 23:05:03
a08e1fb5a57a40cb847c,104,509,2026-09-01,2026-09-01,1816.81,1816.81,1816.81,,,2026-09-12 23:05:03
7f1d5d2cfeb6491186d1,105,509,2026-09-02,2026-09-02,5125.01,5125.01,5125.01,,,2026-09-12 23:05:03
4617498a395c43a195f8,119,509,2026-09-03,2026-09-03,191.87,191.87,191.87,,,2026-09-12 23:05:03
3a9177187f924addbc42,111,509,2026-09-04,2026-09-04,168.12,168.12,168.12,,,2026-09-12 23:05:03
6432f1249eea409cb5f4,108,509,2026-09-05,2026-09-05,3954.12,3954.12,3954.12,,,2026-09-12 23:05:03
86f82419738e4212842a,110,509,2026-09-06,2026-09-06,5188.06,5188.06,5188.06,,,2026-09-12 23:05:03
431736a9118746639e29,111,509,2026-09-07,2026-09-07,6097.23,6097.23,6097.23,,,2026-09-12 23:05:03
5164f748bb35482da45f,119,509,2026-09-08,2026-09-08,167.98,167.98,167.98,,,2026-09-12 23:05:03
bfdf589768374aaaab30,110,509,2026-09-09,2026-09-09,2345.47,2345.47,2345.47,,,2026-09-12 23:05:03
6ef9eb2b5f92418c88e5,102,509,2026-08-11,2026-08-11,2683.35,2683.35,2683.35,,,2026-09-12 23:05:03
9e5a0fdf10ca4f6d8ad0,116,509,2026-08-12,2026-08-12,106.21,106.21,106.21,,,2026-09-12 23:05:03
9af20d1d5d3940c486b0,115,509,2026-08-13,2026-08-13,860.12,860.12,860.12,,,2026-09-12 23:05:03
7f010b375e014a0b8af7,102,509,2026-08-14,2026-08-14,2263.86,2263.86,2263.86,,,2026-09-12 23:05:03
366cac3a4a4a44399b6a,103,509,2026-08-15,2026-08-15,2055.35,2055.35,2055.35,,,2026-09-12 23:05:03
318b24055831479297e2,117,509,2026-08-16,2026-08-16,3032.41,3032.41,3032.41,,,2026-09-12 23:05:03
625d87fd35b94c64b002,109,509,2026-08-17,2026-08-17,1781.66,1781.66,1781.66,,,2026-09-12 23:05:03
a34107cf262b436db139,101,509,2026-08-18,2026-08-18,334.65,334.65,334.65,,,2026-09-12 23:05:03
712711c88ac948a0a7de,105,509,2026-08-19,2026-08-19,5497.33,5497.33,5497.33,,,2026-09-12 23:05:03
08db0cf130bd47cb93ca,110,509,2026-08-20,2026-08-20,3231.45,3231.45,3231.45,,,2026-09-12 23:05:03
07b1e75221a143eda607,120,509,2026-08-21,2026-08-21,2990.69,2990.69,2990.69,,,2026-09-12 23:05:03
5b51157fbbc64668a7dd,113,509,2026-08-22,2026-08-22,130.61,130.61,130.61,,,2026-09-12 23:05:03
e0231fae844f47a9852d,111,509,2026-08-23,2026-08-23,6525.99,6525.99,6525.99,,,2026-09-12 23:05:03
12b9621caeef49d6ae13,107,509,2026-08-24,2026-08-24,2185.49,2185.49,2185.49,,,2026-09-12 23:05:03
292d9032c8354b459e58,120,509,2026-08-25,2026-08-25,56.92,56.92,56.92,,,2026-09-12 23:05:03
068555c5cc554456a9d0,105,509,2026-08-26,2026-08-26,4521.42,4521.42,4521.42,,,2026-09-12 23:05:03
4fab244520d4461c8dc9,110,509,2026-08-27,2026-08-27,2287.82,2287.82,2287.82,,,2026-09-12 23:05:03
81b3cea92c914c069b06,110,509,2026-08-28,2026-08-28,740.7,740.7,740.7,,,2026-09-12 23:05:03
07a6eaccd5c340d7b6a3,112,509,2026-08-29,2026-08-29,5774.93,5774.93,5774.93,,,2026-09-12 23:05:03
544c9a8867574294929a,109,509,2026-08-30,2026-08-30,990.92,990.92,990.92,,,2026-09-12 23:05:03
3dded2d796614cb5b03a,101,509,2026-08-31,2026-08-31,557.64,557.64,557.64,,,2026-09-12 23:05:03
c14e4789823747908a7d,103,509,2026-09-01,2026-09-01,2108.75,2108.75,2108.75,,,2026-09-12 23:05:03
6ebd5a38f9ab4afd8e37,103,509,2026-09-02,2026-09-02,6362.91,6362.91,6362.91,,,2026-09-12 23:05:03
e1ca7d15c18d45b19969,120,509,2026-09-03,2026-09-03,951.25,951.25,951.25,,,2026-09-12 23:05:03
c7e7f2d8c2a44cd69671,115,509,2026-09-04,2026-09-04,7506.75,7506.75,7506.75,,,2026-09-12 23:05:03
a1192e71cc7843868c4a,116,509,2026-09-05,2026-09-05,6044.72,6044.72,6044.72,,,2026-09-12 23:05:03
852b0a11f7e041fba37e,107,509,2026-09-06,2026-09-06,419.31,419.31,419.31,,,2026-09-12 23:05:03
3396c1606d07440589b1,115,509,2026-09-07,2026-09-07,4029.29,4029.29,4029.29,,,2026-09-12 23:05:03
526098c88df847d0beec,101,509,2026-09-08,2026-09-08,238.23,238.23,238.23,,,2026-09-12 23:05:03
2e48a3e9c47a45dbbbb2,120,509,2026-09-09,2026-09-09,3023.12,3023.12,3023.12,,,2026-09-12 23:05:03
bad1e53493c240a38f6f,120,509,2026-08-11,2026-08-11,1072.5,1072.5,1072.5,,,2026-09-12 23:05:03
0ce8c5c7e5da41a6b6a7,103,509,2026-08-12,2026-08-12,1339.66,1339.66,1339.66,,,2026-09-12 23:05:03
9132682657a341bca3f8,105,509,2026-08-13,2026-08-13,219.07,219.07,219.07,,,2026-09-12 23:05:03
f770c90e852744ad89f3,117,509,2026-08-14,2026-08-14,1260.53,1260.53,1260.53,,,2026-09-12 23:05:03
6c661d8722d34826b467,103,509,2026-08-15,2026-08-15,208.65,208.65,208.65,,,2026-09-12 23:05:03
d30d398186154456b692,115,509,2026-08-16,2026-08-16,1541.59,1541.59,1541.59,,,2026-09-12 23:05:03
f57622d02c4f47ed844a,109,509,2026-08-17,2026-08-17,1385.67,1385.67,1385.67,,,2026-09-12 23:05:03
21cd734248e544528671,105,509,2026-08-18,2026-08-18,2848.61,2848.61,2848.61,,,2026-09-12 23:05:03
39f513d80e46458b8435,106,509,2026-08-19,2026-08-19,54.2,54.2,54.2,,,2026-09-12 23:05:03
0aed6e4c2e8749a3a119,118,509,2026-08-20,2026-08-20,4838.24,4838.24,4838.24,,,2026-09-12 23:05:03
3d3cbe8bc7a444ca8d4c,120,509,2026-08-21,2026-08-21,1701.84,1701.84,1701.84,,,2026-09-12 23:05:03
8df840dd1f60407291b6,116,509,2026-08-22,2026-08-22,80.18,80.18,80.18,,,2026-09-12 23:05:03
a63e00f316474c3fbea6,113,509,2026-08-23,2026-08-23,4766.92,4766.92,4766.92,,,2026-09-12 23:05:03
9f8ef4375c4f4992afff,105,509,2026-08-24,2026-08-24,2826,2826,2826,,,2026-09-12 23:05:03
f5cbbcb9bd5542458c6e,111,509,2026-08-25,2026-08-25,314.09,314.09,314.09,,,2026-09-12 23:05:03
1a289df70cc84f02a6da,103,509,2026-08-26,2026-08-26,4668.25,4668.25,4668.25,,,2026-09-12 23:05:03
c1c161337b0449f5b6cd,115,509,2026-08-27,2026-08-27,2166.38,2166.38,2166.38,,,2026-09-12 23:05:03
7e6d1e50f7664c9d8048,107,509,2026-08-28,2026-08-28,2417.51,2417.51,2417.51,,,2026-09-12 23:05:03
1ebc2a0a353340b3be04,109,509,2026-08-29,2026-08-29,172.33,172.33,172.33,,,2026-09-12 23:05:03
ae38d13dc9084d299b88,116,509,2026-08-30,2026-08-30,3177.13,3177.13,3177.13,,,2026-09-12 23:05:03
5a003176bbe44866b11e,116,509,2026-08-31,2026-08-31,5522.89,5522.89,5522.89,,,2026-09-12 23:05:03
4d093f4d24b64475a7d0,118,509,2026-09-01,2026-09-01,858.58,858.58,858.58,,,2026-09-12 23:05:03
cc7ea462c8a645f1aa29,114,509,2026-09-02,2026-09-02,7314.07,7314.07,7314.07,,,2026-09-12 23:05:03
dd746a6e622241599a1a,101,509,2026-09-03,2026-09-03,1218.5,1218.5,1218.5,,,2026-09-12 23:05:03
3afc8a7af284404a9422,112,509,2026-09-04,2026-09-04,905.14,905.14,905.14,,,2026-09-12 23:05:03
efd6e430bd7e48538aeb,109,509,2026-09-05,2026-09-05,6439.73,6439.73,6439.73,,,2026-09-12 23:05:03
48d23eaa5c9649038eda,101,509,2026-09-06,2026-09-06,799,799,799,,,2026-09-12 23:05:03
9dd26d55c19e4c3d8db9,115,509,2026-09-07,2026-09-07,1051.37,1051.37,1051.37,,,2026-09-12 23:05:03
ae1b7fee2ca04b15b657,108,509,2026-09-08,2026-09-08,360.9,360.9,360.9,,,2026-09-12 23:05:03
f90a608045a94ad6a760,114,509,2026-09-09,2026-09-09,1714.08,1714.08,1714.08,,,2026-09-12 23:05:03
ff6c42e71dae4d9082d5,115,510,2026-08-11,2026-08-11,1153.44,1153.44,1153.44,,,2026-09-12 23:05:03
e54604ac9347415f9865,107,510,2026-08-12,2026-08-12,1162.88,1162.88,1162.88,,,2026-09-12 23:05:03
f442187abeab4f7bbb3e,109,510,2026-08-13,2026-08-13,856.91,856.91,856.91,,,2026-09-12 23:05:03
6e76bac31e784f41b7bc,114,510,2026-08-14,2026-08-14,1003.44,1003.44,1003.44,,,2026-09-12 23:05:03
aa8ced09feae410897cc,118,510,2026-08-15,2026-08-15,418.53,418.53,418.53,,,2026-09-12 23:05:03
c538b6de28bf4b7bbb32,101,510,2026-08-16,2026-08-16,58.59,58.59,58.59,,,2026-09-12 23:05:03
dcb523da736745aa9739,109,510,2026-08-17,2026-08-17,142.02,142.02,142.02,,,2026-09-12 23:05:03
a1438641094e43158ed6,107,510,2026-08-18,2026-08-18,559.19,559.19,559.19,,,2026-09-12 23:05:03
8f2639f2a9a3427f9829,109,510,2026-08-19,2026-08-19,1042.55,1042.55,1042.55,,,2026-09-12 23:05:03
f0fd3291ab054f9fa698,102,510,2026-08-20,2026-08-20,4430.32,4430.32,4430.32,,,2026-09-12 23:05:03
ec9f11d1c0d741fab98e,115,510,2026-08-21,2026-08-21,2317.35,2317.35,2317.35,,,2026-09-12 23:05:03
6be267b4fc584fb5a5d6,101,510,2026-08-22,2026-08-22,620.45,620.45,620.45,,,2026-09-12 23:05:03
71376ea1906f49fa8ac9,109,510,2026-08-23,2026-08-23,881.53,881.53,881.53,,,2026-09-12 23:05:03
70bd57e330154dce9634,107,510,2026-08-24,2026-08-24,1200.42,1200.42,1200.42,,,2026-09-12 23:05:03
aba253e624124ca7a238,101,510,2026-08-25,2026-08-25,3758.81,3758.81,3758.81,,,2026-09-12 23:05:03
5612e04a5dbc49adb098,108,510,2026-08-26,2026-08-26,1820.39,1820.39,1820.39,,,2026-09-12 23:05:03
6ab751c508484f9aa058,116,510,2026-08-27,2026-08-27,1150.75,1150.75,1150.75,,,2026-09-12 23:05:03
e950b863fa1e4df581d0,120,510,2026-08-28,2026-08-28,1412.21,1412.21,1412.21,,,2026-09-12 23:05:03
fc6417f17c5d42b8ba59,115,510,2026-08-29,2026-08-29,1589.75,1589.75,1589.75,,,2026-09-12 23:05:03
3511ec716a284b14ab70,111,510,2026-08-30,2026-08-30,541.49,541.49,541.49,,,2026-09-12 23:05:03
f4ca4cc716b041bf9c7f,102,510,2026-08-31,2026-08-31,425.88,425.88,425.88,,,2026-09-12 23:05:03
b48ba9a58f5b448fba4e,116,510,2026-09-01,2026-09-01,1639.16,1639.16,1639.16,,,2026-09-12 23:05:03
d6584cbd772543df8ae7,110,510,2026-09-02,2026-09-02,3299.42,3299.42,3299.42,,,2026-09-12 23:05:03
16b0e9b9a04f49f5b298,113,510,2026-09-03,2026-09-03,1891.84,1891.84,1891.84,,,2026-09-12 23:05:03
02e0ce09fa624511989f,112,510,2026-09-04,2026-09-04,2058.71,2058.71,2058.71,,,2026-09-12 23:05:03
c543bfb4d14a4de194b9,113,510,2026-09-05,2026-09-05,1272.66,1272.66,1272.66,,,2026-09-12 23:05:03
485cabd096704e7791a8,102,510,2026-09-06,2026-09-06,634.33,634.33,634.33,,,2026-09-12 23:05:03
b055fcf3fb564c82a286,101,510,2026-09-07,2026-09-07,3972.17,3972.17,3972.17,,,2026-09-12 23:05:03
9d5320cc3eb948e9a33d,109,510,2026-09-08,2026-09-08,102.69,102.69,102.69,,,2026-09-12 23:05:03
da16f95f194a436aad29,101,510,2026-09-09,2026-09-09,846.79,846.79,846.79,,,2026-09-12 23:05:03
6bdd1fe89f214d5a8582,105,510,2026-08-11,2026-08-11,718.57,718.57,718.57,,,2026-09-12 23:05:03
b7368761ef5b4d4c8d04,108,510,2026-08-12,2026-08-12,1393.41,1393.41,1393.41,,,2026-09-12 23:05:03
4a989323a8cf4ee98b13,106,510,2026-08-13,2026-08-13,2636.18,2636.18,2636.18,,,2026-09-12 23:05:03
10b5280ddb9e4534b496,118,510,2026-08-14,2026-08-14,665.91,665.91,665.91,,,2026-09-12 23:05:03
661ef88da298431e9879,120,510,2026-08-15,2026-08-15,2817.04,2817.04,2817.04,,,2026-09-12 23:05:03
63cd8e9bcaef4cbf998d,118,510,2026-08-16,2026-08-16,4677.36,4677.36,4677.36,,,2026-09-12 23:05:03
a1f2c4275c8846389e3e,106,510,2026-08-17,2026-08-17,660.77,660.77,660.77,,,2026-09-12 23:05:03
02663862ab85431a82f4,118,510,2026-08-18,2026-08-18,3490.79,3490.79,3490.79,,,2026-09-12 23:05:03
d5b1f6b101e34b1a9acb,111,510,2026-08-19,2026-08-19,1060.41,1060.41,1060.41,,,2026-09-12 23:05:03
bde33ce3a09c40fc930a,108,510,2026-08-20,2026-08-20,1216.51,1216.51,1216.51,,,2026-09-12 23:05:03
f00ed4c6ceb44e65b443,105,510,2026-08-21,2026-08-21,4894.06,4894.06,4894.06,,,2026-09-12 23:05:03
6215eb5761d747239d72,107,510,2026-08-22,2026-08-22,2159.55,2159.55,2159.55,,,2026-09-12 23:05:03
d33aef95b05543dbaea7,113,510,2026-08-23,2026-08-23,2879.3,2879.3,2879.3,,,2026-09-12 23:05:03
7389577a9a7f4018b75f,111,510,2026-08-24,2026-08-24,147.11,147.11,147.11,,,2026-09-12 23:05:03
c9362a02cdb0475b810b,101,510,2026-08-25,2026-08-25,1250.25,1250.25,1250.25,,,2026-09-12 23:05:03
654993407aca4a03a8fc,104,510,2026-08-26,2026-08-26,2171.7,2171.7,2171.7,,,2026-09-12 23:05:03
2df71599758b41579a66,106,510,2026-08-27,2026-08-27,1840.1,1840.1,1840.1,,,2026-09-12 23:05:03
84cb378b36524949b2c8,117,510,2026-08-28,2026-08-28,1034.49,1034.49,1034.49,,,2026-09-12 23:05:03
ea2e733e6eee4e03a6f6,115,510,2026-08-29,2026-08-29,1632.79,1632.79,1632.79,,,2026-09-12 23:05:03
d7fb4733878842a9822d,103,510,2026-08-30,2026-08-30,2442.18,2442.18,2442.18,,,2026-09-12 23:05:03
ede3ba5ba2bd4dfa8376,102,510,2026-08-31,2026-08-31,841.86,841.86,841.86,,,2026-09-12 23:05:03
d91bb486fa714380b2e3,107,510,2026-09-01,2026-09-01,3245.94,3245.94,3245.94,,,2026-09-12 23:05:03
ee1af386115c4c6e8cd5,107,510,2026-09-02,2026-09-02,2257.83,2257.83,2257.83,,,2026-09-12 23:05:03
22f9e145babf463eb0e7,103,510,2026-09-03,2026-09-03,1107.02,1107.02,1107.02,,,2026-09-12 23:05:03
443b17589c374d45a3d0,101,510,2026-09-04,2026-09-04,2678.68,2678.68,2678.68,,,2026-09-12 23:05:03
6bf76184ce8040708afe,111,510,2026-09-05,2026-09-05,131.22,131.22,131.22,,,2026-09-12 23:05:03
d0b542bc45c0439fb2aa,117,510,2026-09-06,2026-09-06,1190.98,1190.98,1190.98,,,2026-09-12 23:05:03
874914928c37489c99c5,114,510,2026-09-07,2026-09-07,5427.79,5427.79,5427.79,,,2026-09-12 23:05:03
ad5e1b83d65b4de1a0a3,112,510,2026-09-08,2026-09-08,4183.36,4183.36,4183.36,,,2026-09-12 23:05:03
9693f8fc1cf740d38f1e,109,510,2026-09-09,2026-09-09,778.6,778.6,778.6,,,2026-09-12 23:05:03
8a7a4c5d1c1546ff9af7,116,510,2026-08-11,2026-08-11,4370.39,4370.39,4370.39,,,2026-09-12 23:05:03
b4ded1e120594333b6de,114,510,2026-08-12,2026-08-12,1289.08,1289.08,1289.08,,,2026-09-12 23:05:03
067f7ba7818d47348275,113,510,2026-08-13,2026-08-13,3148.79,3148.79,3148.79,,,2026-09-12 23:05:03
d8bfd4ecc2b7431bab32,101,510,2026-08-14,2026-08-14,1230.83,1230.83,1230.83,,,2026-09-12 23:05:03
fe8ff50c8fba4aa0bdeb,117,510,2026-08-15,2026-08-15,732.84,732.84,732.84,,,2026-09-12 23:05:03
4f6d2eb0e6ca4442b1e9,103,510,2026-08-16,2026-08-16,792.38,792.38,792.38,,,2026-09-12 23:05:03
318fff5b68df4b418043,101,510,2026-08-17,2026-08-17,704.31,704.31,704.31,,,2026-09-12 23:05:03
8fd94959659c44858bd2,110,510,2026-08-18,2026-08-18,1911.82,1911.82,1911.82,,,2026-09-12 23:05:03
bd5082556e284e3981af,105,510,2026-08-19,2026-08-19,328.49,328.49,328.49,,,2026-09-12 23:05:03
1db2fa203bed4ae5ba1a,106,510,2026-08-20,2026-08-20,777.21,777.21,777.21,,,2026-09-12 23:05:03
3d5c6b896ba349d6b78c,114,510,2026-08-21,2026-08-21,601.89,601.89,601.89,,,2026-09-12 23:05:03
827dfa81d3124ad19464,112,510,2026-08-22,2026-08-22,1580.55,1580.55,1580.55,,,2026-09-12 23:05:03
c91d507ef3f64bfe89db,112,510,2026-08-23,2026-08-23,280.26,280.26,280.26,,,2026-09-12 23:05:03
5eb17b45dada496899b9,111,510,2026-08-24,2026-08-24,3207.66,3207.66,3207.66,,,2026-09-12 23:05:03
1822d01422bf489e8a8f,118,510,2026-08-25,2026-08-25,1380.52,1380.52,1380.52,,,2026-09-12 23:05:03
222a576c5ff644f0b3cf,115,510,2026-08-26,2026-08-26,1008.89,1008.89,1008.89,,,2026-09-12 23:05:03
d587830f080b4b6bbbc5,112,510,2026-08-27,2026-08-27,3916.8,3916.8,3916.8,,,2026-09-12 23:05:03
41cc80ac46a74be7bc16,119,510,2026-08-28,2026-08-28,496.41,496.41,496.41,,,2026-09-12 23:05:03
844110a4e97246139286,106,510,2026-08-29,2026-08-29,218.23,218.23,218.23,,,2026-09-12 23:05:03
301b225f4cbd4c4db670,101,510,2026-08-30,2026-08-30,1382.26,1382.26,1382.26,,,2026-09-12 23:05:03
1e002729cef147f7a9a7,119,510,2026-08-31,2026-08-31,122.14,122.14,122.14,,,2026-09-12 23:05:03
4ea72a214b9c4096b244,116,510,2026-09-01,2026-09-01,5581.26,5581.26,5581.26,,,2026-09-12 23:05:03
6b7f2731063742bbae20,113,510,2026-09-02,2026-09-02,3289.03,3289.03,3289.03,,,2026-09-12 23:05:03
7f6afad6a16e4ef9a994,106,510,2026-09-03,2026-09-03,1460.32,1460.32,1460.32,,,2026-09-12 23:05:03
0a64505f996048beb5f0,119,510,2026-09-04,2026-09-04,1293.54,1293.54,1293.54,,,2026-09-12 23:05:03
e57b02f7c2374b63a186,102,510,2026-09-05,2026-09-05,3699.53,3699.53,3699.53,,,2026-09-12 23:05:03
c821cd820559497fa32e,114,510,2026-09-06,2026-09-06,523.98,523.98,523.98,,,2026-09-12 23:05:03
e5de551da12b460f84c6,106,510,2026-09-07,2026-09-07,3245,3245,3245,,,2026-09-12 23:05:03
74c10e48a541425bab48,110,510,2026-09-08,2026-09-08,2924.91,2924.91,2924.91,,,2026-09-12 23:05:03
f83992bdbf5d4894849b,115,510,2026-09-09,2026-09-09,694.79,694.79,694.79,,,2026-09-12 23:05:03
491738db059d4d7dbf2a,118,510,2026-08-11,2026-08-11,3491.41,3491.41,3491.41,,,2026-09-12 23:05:03
8415d14124c148f29ad8,117,510,2026-08-12,2026-08-12,3848.09,3848.09,3848.09,,,2026-09-12 23:05:03
20d280daed644ee5a4b0,112,510,2026-08-13,2026-08-13,813.82,813.82,813.82,,,2026-09-12 23:05:03
9593ecabe17e42718642,111,510,2026-08-14,2026-08-14,2680.22,2680.22,2680.22,,,2026-09-12 23:05:03
c325e9814fb04b738b8c,114,510,2026-08-15,2026-08-15,3380.87,3380.87,3380.87,,,2026-09-12 23:05:03
82f116c5c1e24d608b0d,104,510,2026-08-16,2026-08-16,19.2,19.2,19.2,,,2026-09-12 23:05:03
ba6e88a223bc41d38adc,101,510,2026-08-17,2026-08-17,1135.13,1135.13,1135.13,,,2026-09-12 23:05:03
3c533d6d6fc1482bb7c1,114,510,2026-08-18,2026-08-18,285.87,285.87,285.87,,,2026-09-12 23:05:03
5899cd9cc03d4ccbbefa,107,510,2026-08-19,2026-08-19,2651.64,2651.64,2651.64,,,2026-09-12 23:05:03
0d668a2acb6e4e0d9a6d,101,510,2026-08-20,2026-08-20,611.09,611.09,611.09,,,2026-09-12 23:05:03
3838fb2d30ba4698a637,104,510,2026-08-21,2026-08-21,325.11,325.11,325.11,,,2026-09-12 23:05:03
a6c4ddbbe2f24529812e,107,510,2026-08-22,2026-08-22,96.99,96.99,96.99,,,2026-09-12 23:05:03
e9125b72d0fc4da4a1c5,102,510,2026-08-23,2026-08-23,991.54,991.54,991.54,,,2026-09-12 23:05:03
95aebe55aca74d90aeaa,106,510,2026-08-24,2026-08-24,238.47,238.47,238.47,,,2026-09-12 23:05:03
7ca64f1a6b2f4777b52f,109,510,2026-08-25,2026-08-25,1669.41,1669.41,1669.41,,,2026-09-12 23:05:03
9b3e307672674b5096dc,115,510,2026-08-26,2026-08-26,429.76,429.76,429.76,,,2026-09-12 23:05:03
63e0ae0a3095405bb477,110,510,2026-08-27,2026-08-27,1538.7,1538.7,1538.7,,,2026-09-12 23:05:03
5bf723fd2ba7437d82e2,109,510,2026-08-28,2026-08-28,468.76,468.76,468.76,,,2026-09-12 23:05:03
c46140afbe8843c0b9ba,120,510,2026-08-29,2026-08-29,790.07,790.07,790.07,,,2026-09-12 23:05:03
65114cfa4ae946e6b61b,111,510,2026-08-30,2026-08-30,283.73,283.73,283.73,,,2026-09-12 23:05:03
0240bc9c00eb4345a9bc,114,510,2026-08-31,2026-08-31,2192.25,2192.25,2192.25,,,2026-09-12 23:05:03
122fa693724b4ec3b8f3,109,510,2026-09-01,2026-09-01,3363.14,3363.14,3363.14,,,2026-09-12 23:05:03
cdc49b51fa694b898f93,114,510,2026-09-02,2026-09-02,192.48,192.48,192.48,,,2026-09-12 23:05:03
979c8a9ae5eb436aaa39,119,510,2026-09-03,2026-09-03,223.25,223.25,223.25,,,2026-09-12 23:05:03
f8b5619d14434ee6b899,104,510,2026-09-04,2026-09-04,2958.46,2958.46,2958.46,,,2026-09-12 23:05:03
22411269d9d3426988eb,118,510,2026-09-05,2026-09-05,661.18,661.18,661.18,,,2026-09-12 23:05:03
a8a99dfe504140a68830,116,510,2026-09-06,2026-09-06,187.73,187.73,187.73,,,2026-09-12 23:05:03
fe5f0f4f2fa746179ad4,101,510,2026-09-07,2026-09-07,1614.42,1614.42,1614.42,,,2026-09-12 23:05:03
a01fb673a0434691a2db,120,510,2026-09-08,2026-09-08,1297.49,1297.49,1297.49,,,2026-09-12 23:05:03
0ddae646b5e1463e9862,119,510,2026-09-09,2026-09-09,90.65,90.65,90.65,,,2026-09-12 23:05:03
d032344b904041a5a760,104,510,2026-08-11,2026-08-11,1853.75,1853.75,1853.75,,,2026-09-12 23:05:03
ace74c8217434c41bf43,109,510,2026-08-12,2026-08-12,2178.16,2178.16,2178.16,,,2026-09-12 23:05:03
16de9d5f9cab4de5a7e3,109,510,2026-08-13,2026-08-13,2992.18,2992.18,2992.18,,,2026-09-12 23:05:03
30a0c447f937464abf5a,106,510,2026-08-14,2026-08-14,2943.89,2943.89,2943.89,,,2026-09-12 23:05:03
359c2b23ea4d46f3810d,119,510,2026-08-15,2026-08-15,1518.47,1518.47,1518.47,,,2026-09-12 23:05:03
97118c4419ed47b8a31c,120,510,2026-08-16,2026-08-16,2103.22,2103.22,2103.22,,,2026-09-12 23:05:03
3e049f1d0a364ae5943c,117,510,2026-08-17,2026-08-17,452.32,452.32,452.32,,,2026-09-12 23:05:03
bb1361d5d342417c8ce6,112,510,2026-08-18,2026-08-18,2310.68,2310.68,2310.68,,,2026-09-12 23:05:03
a774ec21bf404fc89747,102,510,2026-08-19,2026-08-19,1031.38,1031.38,1031.38,,,2026-09-12 23:05:03
ffee91ba7059426ca6cb,110,510,2026-08-20,2026-08-20,1894.96,1894.96,1894.96,,,2026-09-12 23:05:03
150c415b87d746cca39d,102,510,2026-08-21,2026-08-21,1990.41,1990.41,1990.41,,,2026-09-12 23:05:03
f713310f639640869549,102,510,2026-08-22,2026-08-22,4134.96,4134.96,4134.96,,,2026-09-12 23:05:03
5de18531c7744f9691fa,111,510,2026-08-23,2026-08-23,459.35,459.35,459.35,,,2026-09-12 23:05:03
09e7594428ce49d989e0,102,510,2026-08-24,2026-08-24,1894.04,1894.04,1894.04,,,2026-09-12 23:05:03
1d60035c729c457eb5de,104,510,2026-08-25,2026-08-25,2040.19,2040.19,2040.19,,,2026-09-12 23:05:03
4562188a90c345ec96ba,106,510,2026-08-26,2026-08-26,319.09,319.09,319.09,,,2026-09-12 23:05:03
441053a4f30444ff88bb,118,510,2026-08-27,2026-08-27,754.8,754.8,754.8,,,2026-09-12 23:05:03
4adef57f68074e10b820,118,510,2026-08-28,2026-08-28,96.7,96.7,96.7,,,2026-09-12 23:05:03
3bae0c20bc53430e9a41,110,510,2026-08-29,2026-08-29,714.39,714.39,714.39,,,2026-09-12 23:05:03
3d1899b1254f4fd8ac40,112,510,2026-08-30,2026-08-30,1733.42,1733.42,1733.42,,,2026-09-12 23:05:03
4aed17a1b4fd48e4baf1,106,510,2026-08-31,2026-08-31,3610.56,3610.56,3610.56,,,2026-09-12 23:05:03
4f610b27189143f8a3ab,108,510,2026-09-01,2026-09-01,3987.99,3987.99,3987.99,,,2026-09-12 23:05:03
1ddd417b5ba24f01931b,118,510,2026-09-02,2026-09-02,182.04,182.04,182.04,,,2026-09-12 23:05:03
31ae8fb05c1a47738e3c,118,510,2026-09-03,2026-09-03,1735.55,1735.55,1735.55,,,2026-09-12 23:05:03
17f2e5f56f824dcd90e6,110,510,2026-09-04,2026-09-04,930.77,930.77,930.77,,,2026-09-12 23:05:03
3aae63c2c0e14f0b9fb7,107,510,2026-09-05,2026-09-05,123.22,123.22,123.22,,,2026-09-12 23:05:03
b09ae343cef04e76b0f0,101,510,2026-09-06,2026-09-06,3344.37,3344.37,3344.37,,,2026-09-12 23:05:03
0701ae7c7782453fa152,113,510,2026-09-07,2026-09-07,629.1,629.1,629.1,,,2026-09-12 23:05:03
11b8580727f64f09bbd2,109,510,2026-09-08,2026-09-08,149.16,149.16,149.16,,,2026-09-12 23:05:03
a532aa88ee0043adb08e,104,510,2026-09-09,2026-09-09,2028.79,2028.79,2028.79,,,2026-09-12 23:05:03
5a26aebda30c4257a7a0,113,510,2026-08-11,2026-08-11,1881.67,1881.67,1881.67,,,2026-09-12 23:05:03
0d387991e9cc4755a238,114,510,2026-08-12,2026-08-12,888.95,888.95,888.95,,,2026-09-12 23:05:03
277b74e6e5d448929541,101,510,2026-08-13,2026-08-13,1543.88,1543.88,1543.88,,,2026-09-12 23:05:03
6653f5c799b646688350,115,510,2026-08-14,2026-08-14,1617.02,1617.02,1617.02,,,2026-09-12 23:05:03
bc6e152431ae4ad688c2,105,510,2026-08-15,2026-08-15,567.43,567.43,567.43,,,2026-09-12 23:05:03
b1d1844392984240b16a,109,510,2026-08-16,2026-08-16,3482.88,3482.88,3482.88,,,2026-09-12 23:05:03
83a319c621dd49229abc,116,510,2026-08-17,2026-08-17,131.31,131.31,131.31,,,2026-09-12 23:05:03
93c84aadd26949e0b153,108,510,2026-08-18,2026-08-18,2710.86,2710.86,2710.86,,,2026-09-12 23:05:03
aee0ef9e801649fd8781,118,510,2026-08-19,2026-08-19,743.41,743.41,743.41,,,2026-09-12 23:05:03
15bacbf9f6a244fa9353,117,510,2026-08-20,2026-08-20,2724.68,2724.68,2724.68,,,2026-09-12 23:05:03
ba7e3038b3014f7e9d2c,111,510,2026-08-21,2026-08-21,3946.89,3946.89,3946.89,,,2026-09-12 23:05:03
ddf85772baba4fecb1fa,118,510,2026-08-22,2026-08-22,1789.93,1789.93,1789.93,,,2026-09-12 23:05:03
796ad5fdaf6142ecb7e2,113,510,2026-08-23,2026-08-23,850.83,850.83,850.83,,,2026-09-12 23:05:03
abcbc80f8eb74ca5b4d0,113,510,2026-08-24,2026-08-24,2581.93,2581.93,2581.93,,,2026-09-12 23:05:03
d723efe8ce5842369ae0,108,510,2026-08-25,2026-08-25,602.65,602.65,602.65,,,2026-09-12 23:05:03
f4c08a7057d2481eb10a,118,510,2026-08-26,2026-08-26,1810.6,1810.6,1810.6,,,2026-09-12 23:05:03
d4ba6bf6c48f485b8aa0,117,510,2026-08-27,2026-08-27,290.69,290.69,290.69,,,2026-09-12 23:05:03
a9d3b65b930c4c7d937d,117,510,2026-08-28,2026-08-28,465.51,465.51,465.51,,,2026-09-12 23:05:03
3a2727112a6a4d7395df,106,510,2026-08-29,2026-08-29,2367.16,2367.16,2367.16,,,2026-09-12 23:05:03
d7bd2e029f3343cda0f5,109,510,2026-08-30,2026-08-30,2638.87,2638.87,2638.87,,,2026-09-12 23:05:03
5f4c96c6eb78468f9768,112,510,2026-08-31,2026-08-31,1642.35,1642.35,1642.35,,,2026-09-12 23:05:03
ced4d1211d3044c28ce2,114,510,2026-09-01,2026-09-01,1804.49,1804.49,1804.49,,,2026-09-12 23:05:03
b983063feb334eeba7ed,107,510,2026-09-02,2026-09-02,794.68,794.68,794.68,,,2026-09-12 23:05:03
a280dacb73004bd1aec3,116,510,2026-09-03,2026-09-03,62.14,62.14,62.14,,,2026-09-12 23:05:03
6a4a5cfe7ea34c6a9c7c,102,510,2026-09-04,2026-09-04,1950.91,1950.91,1950.91,,,2026-09-12 23:05:03
c93f472769f147e6bb47,117,510,2026-09-05,2026-09-05,205.36,205.36,205.36,,,2026-09-12 23:05:03
ef97674c5295415f9608,114,510,2026-09-06,2026-09-06,517.18,517.18,517.18,,,2026-09-12 23:05:03
e1d9173538e446d79a42,111,510,2026-09-07,2026-09-07,131.31,131.31,131.31,,,2026-09-12 23:05:03
fb30018e4dce44d09d65,118,510,2026-09-08,2026-09-08,546.86,546.86,546.86,,,2026-09-12 23:05:03
70d29afc83224370962f,120,510,2026-09-09,2026-09-09,3414.45,3414.45,3414.45,,,2026-09-12 23:05:03
0e78d831622743ef8d8f,101,510,2026-08-11,2026-08-11,261.02,261.02,261.02,,,2026-09-12 23:05:03
f6f9a564da9d461b8e86,114,510,2026-08-12,2026-08-12,1195.35,1195.35,1195.35,,,2026-09-12 23:05:03
9f74d1188bef466ab820,120,510,2026-08-13,2026-08-13,1347.48,1347.48,1347.48,,,2026-09-12 23:05:03
d1e7253f9dbe466c9c4c,116,510,2026-08-14,2026-08-14,134.65,134.65,134.65,,,2026-09-12 23:05:03
ca6adb0be1dd4a82baa3,113,510,2026-08-15,2026-08-15,548.13,548.13,548.13,,,2026-09-12 23:05:03
7b299c36434b41658fea,110,510,2026-08-16,2026-08-16,3972.89,3972.89,3972.89,,,2026-09-12 23:05:03
3866691aedc645b69b64,117,510,2026-08-17,2026-08-17,2733.16,2733.16,2733.16,,,2026-09-12 23:05:03
d66772f4793743d3abb3,116,510,2026-08-18,2026-08-18,977.21,977.21,977.21,,,2026-09-12 23:05:03
e88cb755d67c4a1f9115,110,510,2026-08-19,2026-08-19,2970.97,2970.97,2970.97,,,2026-09-12 23:05:03
cecfeee44bde4ff29a4f,108,510,2026-08-20,2026-08-20,2426.28,2426.28,2426.28,,,2026-09-12 23:05:03
df7217e1b99244e8822b,107,510,2026-08-21,2026-08-21,104.2,104.2,104.2,,,2026-09-12 23:05:03
98fe8910c114462aa819,117,510,2026-08-22,2026-08-22,2481.55,2481.55,2481.55,,,2026-09-12 23:05:03
0bdf918f18744b25b352,103,510,2026-08-23,2026-08-23,2652.14,2652.14,2652.14,,,2026-09-12 23:05:03
1e0c5b9d2ab940e0a4de,106,510,2026-08-24,2026-08-24,218.2,218.2,218.2,,,2026-09-12 23:05:03
b379ad9f2cdf44ddb8e2,119,510,2026-08-25,2026-08-25,384.23,384.23,384.23,,,2026-09-12 23:05:03
a623d3b89b1a41e0b9ec,112,510,2026-08-26,2026-08-26,635.86,635.86,635.86,,,2026-09-12 23:05:03
9a84dd1d9dc54438b2bb,102,510,2026-08-27,2026-08-27,1268.57,1268.57,1268.57,,,2026-09-12 23:05:03
19ca33b6b71f4386a234,112,510,2026-08-28,2026-08-28,1162.52,1162.52,1162.52,,,2026-09-12 23:05:03
a47d86bd9c3b4e2b9642,116,510,2026-08-29,2026-08-29,1178.44,1178.44,1178.44,,,2026-09-12 23:05:03
6bc9a6c09cc94e6fb68c,108,510,2026-08-30,2026-08-30,2740.31,2740.31,2740.31,,,2026-09-12 23:05:03
c73aab0cb41f40759f87,113,510,2026-08-31,2026-08-31,596.82,596.82,596.82,,,2026-09-12 23:05:03
fa81900e3d6e49f7972a,108,510,2026-09-01,2026-09-01,1159.6,1159.6,1159.6,,,2026-09-12 23:05:03
b86279f751a743b1b6c6,120,510,2026-09-02,2026-09-02,385.4,385.4,385.4,,,2026-09-12 23:05:03
cd538983cbd240b79e0e,111,510,2026-09-03,2026-09-03,1265.79,1265.79,1265.79,,,2026-09-12 23:05:03
b1faa6c01b8c434ea2e6,112,510,2026-09-04,2026-09-04,2255.08,2255.08,2255.08,,,2026-09-12 23:05:03
54a57c0ec13d4870af61,114,510,2026-09-05,2026-09-05,2338,2338,2338,,,2026-09-12 23:05:03
018e21d9e93e41c8b248,107,510,2026-09-06,2026-09-06,13.16,13.16,13.16,,,2026-09-12 23:05:03
80be9f8332464a9b8aa8,115,510,2026-09-07,2026-09-07,859.43,859.43,859.43,,,2026-09-12 23:05:03
6ecf80f164e44232ac08,118,510,2026-09-08,2026-09-08,3213.26,3213.26,3213.26,,,2026-09-12 23:05:03
62be24b409a94e72b89d,117,510,2026-09-09,2026-09-09,730.33,730.33,730.33,,,2026-09-12 23:05:03
e1a317f4f5924e289a6a,110,510,2026-08-11,2026-08-11,1530.16,1530.16,1530.16,,,2026-09-12 23:05:03
34ad23e9421c4ee6aa1b,101,510,2026-08-12,2026-08-12,3893.57,3893.57,3893.57,,,2026-09-12 23:05:03
77550505eea545b78192,119,510,2026-08-13,2026-08-13,2124.67,2124.67,2124.67,,,2026-09-12 23:05:03
ec58bffdf1fd4d4ca330,108,510,2026-08-14,2026-08-14,674.93,674.93,674.93,,,2026-09-12 23:05:03
54bbbc15d898450cbbbc,103,510,2026-08-15,2026-08-15,809.99,809.99,809.99,,,2026-09-12 23:05:03
b6fe75b229c54a5c8765,117,510,2026-08-16,2026-08-16,1146.13,1146.13,1146.13,,,2026-09-12 23:05:03
63394b4c2628419c8130,112,510,2026-08-17,2026-08-17,6449.85,6449.85,6449.85,,,2026-09-12 23:05:03
f97a13b4da0c4573a97d,103,510,2026-08-18,2026-08-18,3042.71,3042.71,3042.71,,,2026-09-12 23:05:03
b2aa2daff2c94926bbfe,113,510,2026-08-19,2026-08-19,646.71,646.71,646.71,,,2026-09-12 23:05:03
ea31c69957dd4fc38eb7,104,510,2026-08-20,2026-08-20,3671.16,3671.16,3671.16,,,2026-09-12 23:05:03
62ae858b4c524968b642,109,510,2026-08-21,2026-08-21,347.95,347.95,347.95,,,2026-09-12 23:05:03
9575d2ff3b134c89b876,106,510,2026-08-22,2026-08-22,4544.55,4544.55,4544.55,,,2026-09-12 23:05:03
86f13964fb5b4786a3ee,105,510,2026-08-23,2026-08-23,1992.55,1992.55,1992.55,,,2026-09-12 23:05:03
3da356444998488e8137,109,510,2026-08-24,2026-08-24,1713.73,1713.73,1713.73,,,2026-09-12 23:05:03
21a218fffb4f4b4aa3e8,118,510,2026-08-25,2026-08-25,602.43,602.43,602.43,,,2026-09-12 23:05:03
5602c98c683b4792a718,106,510,2026-08-26,2026-08-26,3164.51,3164.51,3164.51,,,2026-09-12 23:05:03
f93652284cee4b3e8b75,109,510,2026-08-27,2026-08-27,1001.27,1001.27,1001.27,,,2026-09-12 23:05:03
0b558cf2cbbd4c65833c,112,510,2026-08-28,2026-08-28,86.72,86.72,86.72,,,2026-09-12 23:05:03
dd9b846769be49c791b2,102,510,2026-08-29,2026-08-29,1008.17,1008.17,1008.17,,,2026-09-12 23:05:03
683d5263161442599d4a,109,510,2026-08-30,2026-08-30,958.66,958.66,958.66,,,2026-09-12 23:05:03
8ee4a762f9cc4e23ac90,113,510,2026-08-31,2026-08-31,2560.4,2560.4,2560.4,,,2026-09-12 23:05:03
c169002a2a5648038e0c,101,510,2026-09-01,2026-09-01,3025.19,3025.19,3025.19,,,2026-09-12 23:05:03
b276af23663a4474b2da,102,510,2026-09-02,2026-09-02,3128.66,3128.66,3128.66,,,2026-09-12 23:05:03
a2ddefc072af482b8b11,120,510,2026-09-03,2026-09-03,202.68,202.68,202.68,,,2026-09-12 23:05:03
0061f7a349fb4b408357,111,510,2026-09-04,2026-09-04,1598.93,1598.93,1598.93,,,2026-09-12 23:05:03
fb6ffe1634c548ebb574,119,510,2026-09-05,2026-09-05,455.11,455.11,455.11,,,2026-09-12 23:05:03
1f5eb83233b048ffa4e7,114,510,2026-09-06,2026-09-06,189.25,189.25,189.25,,,2026-09-12 23:05:03
e0667a14d27c430d891a,116,510,2026-09-07,2026-09-07,732.01,732.01,732.01,,,2026-09-12 23:05:03
01dedfac10944fd8bbb1,107,510,2026-09-08,2026-09-08,5075.06,5075.06,5075.06,,,2026-09-12 23:05:03
b407161cd5904e43a3a9,114,510,2026-09-09,2026-09-09,1451.16,1451.16,1451.16,,,2026-09-12 23:05:03
cd57764705e94951b77a,101,510,2026-08-11,2026-08-11,1191.23,1191.23,1191.23,,,2026-09-12 23:05:03
eee76fb50634481e8eda,112,510,2026-08-12,2026-08-12,2121.89,2121.89,2121.89,,,2026-09-12 23:05:03
1115204b61a04e318e1e,120,510,2026-08-13,2026-08-13,190.61,190.61,190.61,,,2026-09-12 23:05:03
a2231009448442629aac,117,510,2026-08-14,2026-08-14,452.61,452.61,452.61,,,2026-09-12 23:05:03
7baf7dd10c7d458e8e4c,107,510,2026-08-15,2026-08-15,4232.98,4232.98,4232.98,,,2026-09-12 23:05:03
fdd7c55691044640a7bc,101,510,2026-08-16,2026-08-16,1616.04,1616.04,1616.04,,,2026-09-12 23:05:03
00c5218472e641e7af48,109,510,2026-08-17,2026-08-17,37.72,37.72,37.72,,,2026-09-12 23:05:03
8ae698fdb46d4906aad7,114,510,2026-08-18,2026-08-18,2018.1,2018.1,2018.1,,,2026-09-12 23:05:03
25fb692b24084894a97c,114,510,2026-08-19,2026-08-19,3715.87,3715.87,3715.87,,,2026-09-12 23:05:03
132ac2110a7b4f63a3fe,106,510,2026-08-20,2026-08-20,1579.71,1579.71,1579.71,,,2026-09-12 23:05:03
bd099798f8564904a7eb,106,510,2026-08-21,2026-08-21,5234.45,5234.45,5234.45,,,2026-09-12 23:05:03
ed981e2210f648cb8da6,119,510,2026-08-22,2026-08-22,340.05,340.05,340.05,,,2026-09-12 23:05:03
7c9976dbc0f8427aa291,106,510,2026-08-23,2026-08-23,1648.1,1648.1,1648.1,,,2026-09-12 23:05:03
772ef5006ee94be39488,115,510,2026-08-24,2026-08-24,2976.95,2976.95,2976.95,,,2026-09-12 23:05:03
c2f4df89f1994b238367,108,510,2026-08-25,2026-08-25,30,30,30,,,2026-09-12 23:05:03
d773b3bdb59f4778a69e,111,510,2026-08-26,2026-08-26,2159.38,2159.38,2159.38,,,2026-09-12 23:05:03
fa684675cb644cdcb512,114,510,2026-08-27,2026-08-27,599.27,599.27,599.27,,,2026-09-12 23:05:03
1b402db9534e46ddaeee,113,510,2026-08-28,2026-08-28,3280.16,3280.16,3280.16,,,2026-09-12 23:05:03
bc76669cae2a4332a983,110,510,2026-08-29,2026-08-29,486.56,486.56,486.56,,,2026-09-12 23:05:03
add8b68e63f046a581b2,117,510,2026-08-30,2026-08-30,2831.05,2831.05,2831.05,,,2026-09-12 23:05:03
ed5b66f809e54081ae2c,106,510,2026-08-31,2026-08-31,4108.84,4108.84,4108.84,,,2026-09-12 23:05:03
2ac6072ddfde41bc836e,111,510,2026-09-01,2026-09-01,45.37,45.37,45.37,,,2026-09-12 23:05:03
4fb748c7f4434d14a00a,119,510,2026-09-02,2026-09-02,2350.14,2350.14,2350.14,,,2026-09-12 23:05:03
2559bff8130844d4ad85,120,510,2026-09-03,2026-09-03,27.12,27.12,27.12,,,2026-09-12 23:05:03
b98a828f764842da96c2,112,510,2026-09-04,2026-09-04,1619.97,1619.97,1619.97,,,2026-09-12 23:05:03
d9f45194a8ac43abbf04,102,510,2026-09-05,2026-09-05,2545.11,2545.11,2545.11,,,2026-09-12 23:05:03
754b4523495b4334aaa5,112,510,2026-09-06,2026-09-06,4500.78,4500.78,4500.78,,,2026-09-12 23:05:03
caa04e8af7554b44b0ab,104,510,2026-09-07,2026-09-07,1051.44,1051.44,1051.44,,,2026-09-12 23:05:03
93e90a969c804f578564,108,510,2026-09-08,2026-09-08,1865.76,1865.76,1865.76,,,2026-09-12 23:05:03
7b1708fd30064fc39a46,114,510,2026-09-09,2026-09-09,718.24,718.24,718.24,,,2026-09-12 23:05:03
45ca7b7f6b1348a1afa7,112,510,2026-08-11,2026-08-11,602.53,602.53,602.53,,,2026-09-12 23:05:03
cc033e6b44704b4eb7f2,105,510,2026-08-12,2026-08-12,61.66,61.66,61.66,,,2026-09-12 23:05:03
1fc4922238ee4b96b98b,104,510,2026-08-13,2026-08-13,499.03,499.03,499.03,,,2026-09-12 23:05:03
86f249b8c9e24b4ea57b,110,510,2026-08-14,2026-08-14,713.34,713.34,713.34,,,2026-09-12 23:05:03
9f5c342effb845c9bd8e,112,510,2026-08-15,2026-08-15,3822.43,3822.43,3822.43,,,2026-09-12 23:05:03
e6746dedbbc4406e93d7,101,510,2026-08-16,2026-08-16,395.24,395.24,395.24,,,2026-09-12 23:05:03
e0c23f69de8c4be88162,110,510,2026-08-17,2026-08-17,2924.24,2924.24,2924.24,,,2026-09-12 23:05:03
781b1122c29645cfba20,106,510,2026-08-18,2026-08-18,36.88,36.88,36.88,,,2026-09-12 23:05:03
6f7766e2fa52453ea15b,107,510,2026-08-19,2026-08-19,1658.66,1658.66,1658.66,,,2026-09-12 23:05:03
d50a66a445374cf6b35a,110,510,2026-08-20,2026-08-20,161.52,161.52,161.52,,,2026-09-12 23:05:03
92acbb31fb984f529021,103,510,2026-08-21,2026-08-21,2076.02,2076.02,2076.02,,,2026-09-12 23:05:03
c465a78ffc7b4638a173,105,510,2026-08-22,2026-08-22,5020.17,5020.17,5020.17,,,2026-09-12 23:05:03
df66195352b64187b86a,112,510,2026-08-23,2026-08-23,2602,2602,2602,,,2026-09-12 23:05:03
13987b9d3f5542e78e7c,102,510,2026-08-24,2026-08-24,3060.97,3060.97,3060.97,,,2026-09-12 23:05:03
740bd3171dd541f7a305,114,510,2026-08-25,2026-08-25,2122.89,2122.89,2122.89,,,2026-09-12 23:05:03
ea78eab68e274283adb0,114,510,2026-08-26,2026-08-26,177.75,177.75,177.75,,,2026-09-12 23:05:03
ef60134de689414a9a00,116,510,2026-08-27,2026-08-27,3193.52,3193.52,3193.52,,,2026-09-12 23:05:03
a89380b0e4784effb628,114,510,2026-08-28,2026-08-28,54.86,54.86,54.86,,,2026-09-12 23:05:03
3ca8ebc19379424598ca,103,510,2026-08-29,2026-08-29,4139.61,4139.61,4139.61,,,2026-09-12 23:05:03
0491be10e31c4108bf1d,120,510,2026-08-30,2026-08-30,585.62,585.62,585.62,,,2026-09-12 23:05:03
b9ad18077f6046ff9722,112,510,2026-08-31,2026-08-31,788.67,788.67,788.67,,,2026-09-12 23:05:03
d490ee3b92f74a7fa361,113,510,2026-09-01,2026-09-01,1276.09,1276.09,1276.09,,,2026-09-12 23:05:03
9d19fe095f884d81b425,115,510,2026-09-02,2026-09-02,506.03,506.03,506.03,,,2026-09-12 23:05:03
aba8926911834646b0d0,102,510,2026-09-03,2026-09-03,2578.64,2578.64,2578.64,,,2026-09-12 23:05:03
52c95d1c8b524045b0d0,103,510,2026-09-04,2026-09-04,6101.02,6101.02,6101.02,,,2026-09-12 23:05:03
a21c4ab96df845549c2a,106,510,2026-09-05,2026-09-05,3567.91,3567.91,3567.91,,,2026-09-12 23:05:03
ff055b398406461cb415,104,510,2026-09-06,2026-09-06,2282.17,2282.17,2282.17,,,2026-09-12 23:05:03
87c02ee3f30e4ce992d2,104,510,2026-09-07,2026-09-07,433.47,433.47,433.47,,,2026-09-12 23:05:03
8767336ad3e9419595b8,118,510,2026-09-08,2026-09-08,1779.36,1779.36,1779.36,,,2026-09-12 23:05:03
80b7204068754c94befd,119,510,2026-09-09,2026-09-09,284.43,284.43,284.43,,,2026-09-12 23:05:03
